Workbook
Name P2_PRINT_RANGE: OFFSET('Печать'!$A$1,0,0,MAX(8,8+COUNT('Печать'!$K$5:$K$104)),10)

Sheet Реестр
A1: Расчёт стоимости дополнительных работ
A2: Расчёт № {{НОМЕР}} от {{ДАТА}} к договору № {{НОМЕР_ДОГОВОРА}} от {{ДАТА_ДОГОВОРА}}. Объект: {{ОБЪЕКТ}}. Подрядчик: {{ПОДРЯДЧИК}}. Заказчик: {{ЗАКАЗЧИК}}.
A3: № | B3: Работа/ресурс | C3: Ед. | D3: Кол-во | E3: Цена | F3: Сумма | G3: Источник цены | H3: Коэффициент | I3: Итого с коэффициентом | J3: Комментарий
F4: =IF(COUNTA(B4:E4,G4:H4)=0,"",IF(OR(B4="",NOT(ISNUMBER(D4)),NOT(ISNUMBER(E4)),D4<=0,E4<0),"НЕ ЗАВЕРШЕНО",D4*E4)) | I4: =IF(F4="","",IF(OR(NOT(ISNUMBER(F4)),AND(H4<>"",OR(NOT(ISNUMBER(H4)),H4<=0))),"НЕ ЗАВЕРШЕНО",F4*IF(H4="",1,H4)))
F5: =IF(COUNTA(B5:E5,G5:H5)=0,"",IF(OR(B5="",NOT(ISNUMBER(D5)),NOT(ISNUMBER(E5)),D5<=0,E5<0),"НЕ ЗАВЕРШЕНО",D5*E5)) | I5: =IF(F5="","",IF(OR(NOT(ISNUMBER(F5)),AND(H5<>"",OR(NOT(ISNUMBER(H5)),H5<=0))),"НЕ ЗАВЕРШЕНО",F5*IF(H5="",1,H5)))
F6: =IF(COUNTA(B6:E6,G6:H6)=0,"",IF(OR(B6="",NOT(ISNUMBER(D6)),NOT(ISNUMBER(E6)),D6<=0,E6<0),"НЕ ЗАВЕРШЕНО",D6*E6)) | I6: =IF(F6="","",IF(OR(NOT(ISNUMBER(F6)),AND(H6<>"",OR(NOT(ISNUMBER(H6)),H6<=0))),"НЕ ЗАВЕРШЕНО",F6*IF(H6="",1,H6)))
F7: =IF(COUNTA(B7:E7,G7:H7)=0,"",IF(OR(B7="",NOT(ISNUMBER(D7)),NOT(ISNUMBER(E7)),D7<=0,E7<0),"НЕ ЗАВЕРШЕНО",D7*E7)) | I7: =IF(F7="","",IF(OR(NOT(ISNUMBER(F7)),AND(H7<>"",OR(NOT(ISNUMBER(H7)),H7<=0))),"НЕ ЗАВЕРШЕНО",F7*IF(H7="",1,H7)))
F8: =IF(COUNTA(B8:E8,G8:H8)=0,"",IF(OR(B8="",NOT(ISNUMBER(D8)),NOT(ISNUMBER(E8)),D8<=0,E8<0),"НЕ ЗАВЕРШЕНО",D8*E8)) | I8: =IF(F8="","",IF(OR(NOT(ISNUMBER(F8)),AND(H8<>"",OR(NOT(ISNUMBER(H8)),H8<=0))),"НЕ ЗАВЕРШЕНО",F8*IF(H8="",1,H8)))
F9: =IF(COUNTA(B9:E9,G9:H9)=0,"",IF(OR(B9="",NOT(ISNUMBER(D9)),NOT(ISNUMBER(E9)),D9<=0,E9<0),"НЕ ЗАВЕРШЕНО",D9*E9)) | I9: =IF(F9="","",IF(OR(NOT(ISNUMBER(F9)),AND(H9<>"",OR(NOT(ISNUMBER(H9)),H9<=0))),"НЕ ЗАВЕРШЕНО",F9*IF(H9="",1,H9)))
F10: =IF(COUNTA(B10:E10,G10:H10)=0,"",IF(OR(B10="",NOT(ISNUMBER(D10)),NOT(ISNUMBER(E10)),D10<=0,E10<0),"НЕ ЗАВЕРШЕНО",D10*E10)) | I10: =IF(F10="","",IF(OR(NOT(ISNUMBER(F10)),AND(H10<>"",OR(NOT(ISNUMBER(H10)),H10<=0))),"НЕ ЗАВЕРШЕНО",F10*IF(H10="",1,H10)))
F11: =IF(COUNTA(B11:E11,G11:H11)=0,"",IF(OR(B11="",NOT(ISNUMBER(D11)),NOT(ISNUMBER(E11)),D11<=0,E11<0),"НЕ ЗАВЕРШЕНО",D11*E11)) | I11: =IF(F11="","",IF(OR(NOT(ISNUMBER(F11)),AND(H11<>"",OR(NOT(ISNUMBER(H11)),H11<=0))),"НЕ ЗАВЕРШЕНО",F11*IF(H11="",1,H11)))
F12: =IF(COUNTA(B12:E12,G12:H12)=0,"",IF(OR(B12="",NOT(ISNUMBER(D12)),NOT(ISNUMBER(E12)),D12<=0,E12<0),"НЕ ЗАВЕРШЕНО",D12*E12)) | I12: =IF(F12="","",IF(OR(NOT(ISNUMBER(F12)),AND(H12<>"",OR(NOT(ISNUMBER(H12)),H12<=0))),"НЕ ЗАВЕРШЕНО",F12*IF(H12="",1,H12)))
F13: =IF(COUNTA(B13:E13,G13:H13)=0,"",IF(OR(B13="",NOT(ISNUMBER(D13)),NOT(ISNUMBER(E13)),D13<=0,E13<0),"НЕ ЗАВЕРШЕНО",D13*E13)) | I13: =IF(F13="","",IF(OR(NOT(ISNUMBER(F13)),AND(H13<>"",OR(NOT(ISNUMBER(H13)),H13<=0))),"НЕ ЗАВЕРШЕНО",F13*IF(H13="",1,H13)))
F14: =IF(COUNTA(B14:E14,G14:H14)=0,"",IF(OR(B14="",NOT(ISNUMBER(D14)),NOT(ISNUMBER(E14)),D14<=0,E14<0),"НЕ ЗАВЕРШЕНО",D14*E14)) | I14: =IF(F14="","",IF(OR(NOT(ISNUMBER(F14)),AND(H14<>"",OR(NOT(ISNUMBER(H14)),H14<=0))),"НЕ ЗАВЕРШЕНО",F14*IF(H14="",1,H14)))
F15: =IF(COUNTA(B15:E15,G15:H15)=0,"",IF(OR(B15="",NOT(ISNUMBER(D15)),NOT(ISNUMBER(E15)),D15<=0,E15<0),"НЕ ЗАВЕРШЕНО",D15*E15)) | I15: =IF(F15="","",IF(OR(NOT(ISNUMBER(F15)),AND(H15<>"",OR(NOT(ISNUMBER(H15)),H15<=0))),"НЕ ЗАВЕРШЕНО",F15*IF(H15="",1,H15)))
... F103: =IF(COUNTA(B103:E103,G103:H103)=0,"",IF(OR(B103="",NOT(ISNUMBER(D103)),NOT(ISNUMBER(E103)),D103<=0,E103<0),"НЕ ЗАВЕРШЕНО",D103*E103)) | I103: =IF(F103="","",IF(OR(NOT(ISNUMBER(F103)),AND(H103<>"",OR(NOT(ISNUMBER(H103)),H103<=0))),"НЕ ЗАВЕРШЕНО",F103*IF(H103="",1,H103)))
A104: =IF(COUNTA(B4:E103,G4:H103)=0,"НЕТ ДАННЫХ",IF(COUNTIF(I4:I103,"НЕ ЗАВЕРШЕНО")>0,"Предварительно; неполных: "&COUNTIF(I4:I103,"НЕ ЗАВЕРШЕНО"),"Позиции заполнены")) -> НЕТ ДАННЫХ | F104: =SUM(F4:F103) | H104: Итого | I104: =SUM(I4:I103)
A106: Подрядчик | F106: Заказчик
A107: {{ДОЛЖНОСТЬ_ФИО_ПОЛНОМОЧИЯ}} Подпись __________________ Дата __________________ | F107: {{ДОЛЖНОСТЬ_ФИО_ПОЛНОМОЧИЯ}} Подпись __________________ Дата __________________

Sheet Инструкция
A1: Расчёт стоимости дополнительных работ
A3: По каждой позиции укажите работу или ресурс, единицу измерения, количество, цену и источник цены с номером и датой документа. Коэффициент 1,15 увеличивает стоимость на 15%; пустая ячейка коэффициента учитывается как 1. Проверьте суммы, договорные реквизиты и подписи. Приложите согласованный расчёт к соглашению 11.

Sheet Печать
A1: Расчёт стоимости дополнительных работ
A2: Расчёт № {{НОМЕР}} от {{ДАТА}} к договору № {{НОМЕР_ДОГОВОРА}} от {{ДАТА_ДОГОВОРА}}. Объект: {{ОБЪЕКТ}}. Подрядчик: {{ПОДРЯДЧИК}}. Заказчик: {{ЗАКАЗЧИК}}.
A3: ="Статус: "&'Реестр'!A104&" | Количество позиций: "&$K$3 | K3: =COUNT($K$5:$K$104)
A4: № | B4: Работа/ресурс | C4: Ед. | D4: Кол-во | E4: Цена | F4: Сумма | G4: Источник цены | H4: Коэффициент | I4: Итого с коэффициентом | J4: Комментарий
A5: =IF(ISNUMBER($K5),$K5,"") | B5: =IF(ISNUMBER($K5),IF(INDEX('Реестр'!$B$4:$B$103,$K5)="","",INDEX('Реестр'!$B$4:$B$103,$K5)),IF(ROW()=$K$3+5,"ИТОГО",IF(ROW()=$K$3+6,"ПОДРЯДЧИК",IF(ROW()=$K$3+7,"Должн./ФИО:",IF(ROW()=$K$3+8,"Подпись:",""))))) | C5: =IF(ISNUMBER($K5),IF(INDEX('Реестр'!$C$4:$C$103,$K5)="","",INDEX('Реестр'!$C$4:$C$103,$K5)),IF(ROW()=$K$3+7,"________________",IF(ROW()=$K$3+8,"________________",""))) | D5: =IF(ISNUMBER($K5),IF(INDEX('Реестр'!$D$4:$D$103,$K5)="","",INDEX('Реестр'!$D$4:$D$103,$K5)),IF(ROW()=$K$3+8,"Дата:","")) | E5: =IF(ISNUMBER($K5),IF(INDEX('Реестр'!$E$4:$E$103,$K5)="","",INDEX('Реестр'!$E$4:$E$103,$K5)),IF(ROW()=$K$3+8,"____________","")) | F5: =IF(ISNUMBER($K5),IF(INDEX('Реестр'!$F$4:$F$103,$K5)="","",INDEX('Реестр'!$F$4:$F$103,$K5)),IF(ROW()=$K$3+5,'Реестр'!F104,"")) | G5: =IF(ISNUMBER($K5),IF(INDEX('Реестр'!$G$4:$G$103,$K5)="","",INDEX('Реестр'!$G$4:$G$103,$K5)),IF(ROW()=$K$3+6,"ЗАКАЗЧИК",IF(ROW()=$K$3+7,"Должн./ФИО:",IF(ROW()=$K$3+8,"Подпись:","")))) | H5: =IF(ISNUMBER($K5),IF(INDEX('Реестр'!$H$4:$H$103,$K5)="","",INDEX('Реестр'!$H$4:$H$103,$K5)),IF(ROW()=$K$3+7,"________________",IF(ROW()=$K$3+8,"________________",""))) | I5: =IF(ISNUMBER($K5),IF(INDEX('Реестр'!$I$4:$I$103,$K5)="","",INDEX('Реестр'!$I$4:$I$103,$K5)),IF(ROW()=$K$3+5,'Реестр'!I104,IF(ROW()=$K$3+8,"Дата:",""))) | J5: =IF(ISNUMBER($K5),IF(INDEX('Реестр'!$J$4:$J$103,$K5)="","",INDEX('Реестр'!$J$4:$J$103,$K5)),IF(ROW()=$K$3+8,"____________","")) | K5: =IFERROR(_xlfn.AGGREGATE(15,6,(ROW('Реестр'!$B$4:$B$103)-3)/((('Реестр'!$B$4:$B$103<>"")+('Реестр'!$C$4:$C$103<>"")+('Реестр'!$D$4:$D$103<>"")+('Реестр'!$E$4:$E$103<>"")+('Реестр'!$G$4:$G$103<>"")+('Реестр'!$H$4:$H$103<>"")+('Реестр'!$J$4:$J$103<>""))>0),ROWS($K$5:K5)),"")
A6: =IF(ISNUMBER($K6),$K6,"") | B6: =IF(ISNUMBER($K6),IF(INDEX('Реестр'!$B$4:$B$103,$K6)="","",INDEX('Реестр'!$B$4:$B$103,$K6)),IF(ROW()=$K$3+5,"ИТОГО",IF(ROW()=$K$3+6,"ПОДРЯДЧИК",IF(ROW()=$K$3+7,"Должн./ФИО:",IF(ROW()=$K$3+8,"Подпись:",""))))) | C6: =IF(ISNUMBER($K6),IF(INDEX('Реестр'!$C$4:$C$103,$K6)="","",INDEX('Реестр'!$C$4:$C$103,$K6)),IF(ROW()=$K$3+7,"________________",IF(ROW()=$K$3+8,"________________",""))) | D6: =IF(ISNUMBER($K6),IF(INDEX('Реестр'!$D$4:$D$103,$K6)="","",INDEX('Реестр'!$D$4:$D$103,$K6)),IF(ROW()=$K$3+8,"Дата:","")) | E6: =IF(ISNUMBER($K6),IF(INDEX('Реестр'!$E$4:$E$103,$K6)="","",INDEX('Реестр'!$E$4:$E$103,$K6)),IF(ROW()=$K$3+8,"____________","")) | F6: =IF(ISNUMBER($K6),IF(INDEX('Реестр'!$F$4:$F$103,$K6)="","",INDEX('Реестр'!$F$4:$F$103,$K6)),IF(ROW()=$K$3+5,'Реестр'!F104,"")) | G6: =IF(ISNUMBER($K6),IF(INDEX('Реестр'!$G$4:$G$103,$K6)="","",INDEX('Реестр'!$G$4:$G$103,$K6)),IF(ROW()=$K$3+6,"ЗАКАЗЧИК",IF(ROW()=$K$3+7,"Должн./ФИО:",IF(ROW()=$K$3+8,"Подпись:","")))) | H6: =IF(ISNUMBER($K6),IF(INDEX('Реестр'!$H$4:$H$103,$K6)="","",INDEX('Реестр'!$H$4:$H$103,$K6)),IF(ROW()=$K$3+7,"________________",IF(ROW()=$K$3+8,"________________",""))) | I6: =IF(ISNUMBER($K6),IF(INDEX('Реестр'!$I$4:$I$103,$K6)="","",INDEX('Реестр'!$I$4:$I$103,$K6)),IF(ROW()=$K$3+5,'Реестр'!I104,IF(ROW()=$K$3+8,"Дата:",""))) | J6: =IF(ISNUMBER($K6),IF(INDEX('Реестр'!$J$4:$J$103,$K6)="","",INDEX('Реестр'!$J$4:$J$103,$K6)),IF(ROW()=$K$3+8,"____________","")) | K6: =IFERROR(_xlfn.AGGREGATE(15,6,(ROW('Реестр'!$B$4:$B$103)-3)/((('Реестр'!$B$4:$B$103<>"")+('Реестр'!$C$4:$C$103<>"")+('Реестр'!$D$4:$D$103<>"")+('Реестр'!$E$4:$E$103<>"")+('Реестр'!$G$4:$G$103<>"")+('Реестр'!$H$4:$H$103<>"")+('Реестр'!$J$4:$J$103<>""))>0),ROWS($K$5:K6)),"")
A7: =IF(ISNUMBER($K7),$K7,"") | B7: =IF(ISNUMBER($K7),IF(INDEX('Реестр'!$B$4:$B$103,$K7)="","",INDEX('Реестр'!$B$4:$B$103,$K7)),IF(ROW()=$K$3+5,"ИТОГО",IF(ROW()=$K$3+6,"ПОДРЯДЧИК",IF(ROW()=$K$3+7,"Должн./ФИО:",IF(ROW()=$K$3+8,"Подпись:",""))))) | C7: =IF(ISNUMBER($K7),IF(INDEX('Реестр'!$C$4:$C$103,$K7)="","",INDEX('Реестр'!$C$4:$C$103,$K7)),IF(ROW()=$K$3+7,"________________",IF(ROW()=$K$3+8,"________________",""))) | D7: =IF(ISNUMBER($K7),IF(INDEX('Реестр'!$D$4:$D$103,$K7)="","",INDEX('Реестр'!$D$4:$D$103,$K7)),IF(ROW()=$K$3+8,"Дата:","")) | E7: =IF(ISNUMBER($K7),IF(INDEX('Реестр'!$E$4:$E$103,$K7)="","",INDEX('Реестр'!$E$4:$E$103,$K7)),IF(ROW()=$K$3+8,"____________","")) | F7: =IF(ISNUMBER($K7),IF(INDEX('Реестр'!$F$4:$F$103,$K7)="","",INDEX('Реестр'!$F$4:$F$103,$K7)),IF(ROW()=$K$3+5,'Реестр'!F104,"")) | G7: =IF(ISNUMBER($K7),IF(INDEX('Реестр'!$G$4:$G$103,$K7)="","",INDEX('Реестр'!$G$4:$G$103,$K7)),IF(ROW()=$K$3+6,"ЗАКАЗЧИК",IF(ROW()=$K$3+7,"Должн./ФИО:",IF(ROW()=$K$3+8,"Подпись:","")))) | H7: =IF(ISNUMBER($K7),IF(INDEX('Реестр'!$H$4:$H$103,$K7)="","",INDEX('Реестр'!$H$4:$H$103,$K7)),IF(ROW()=$K$3+7,"________________",IF(ROW()=$K$3+8,"________________",""))) | I7: =IF(ISNUMBER($K7),IF(INDEX('Реестр'!$I$4:$I$103,$K7)="","",INDEX('Реестр'!$I$4:$I$103,$K7)),IF(ROW()=$K$3+5,'Реестр'!I104,IF(ROW()=$K$3+8,"Дата:",""))) | J7: =IF(ISNUMBER($K7),IF(INDEX('Реестр'!$J$4:$J$103,$K7)="","",INDEX('Реестр'!$J$4:$J$103,$K7)),IF(ROW()=$K$3+8,"____________","")) | K7: =IFERROR(_xlfn.AGGREGATE(15,6,(ROW('Реестр'!$B$4:$B$103)-3)/((('Реестр'!$B$4:$B$103<>"")+('Реестр'!$C$4:$C$103<>"")+('Реестр'!$D$4:$D$103<>"")+('Реестр'!$E$4:$E$103<>"")+('Реестр'!$G$4:$G$103<>"")+('Реестр'!$H$4:$H$103<>"")+('Реестр'!$J$4:$J$103<>""))>0),ROWS($K$5:K7)),"")
A8: =IF(ISNUMBER($K8),$K8,"") | B8: =IF(ISNUMBER($K8),IF(INDEX('Реестр'!$B$4:$B$103,$K8)="","",INDEX('Реестр'!$B$4:$B$103,$K8)),IF(ROW()=$K$3+5,"ИТОГО",IF(ROW()=$K$3+6,"ПОДРЯДЧИК",IF(ROW()=$K$3+7,"Должн./ФИО:",IF(ROW()=$K$3+8,"Подпись:",""))))) | C8: =IF(ISNUMBER($K8),IF(INDEX('Реестр'!$C$4:$C$103,$K8)="","",INDEX('Реестр'!$C$4:$C$103,$K8)),IF(ROW()=$K$3+7,"________________",IF(ROW()=$K$3+8,"________________",""))) | D8: =IF(ISNUMBER($K8),IF(INDEX('Реестр'!$D$4:$D$103,$K8)="","",INDEX('Реестр'!$D$4:$D$103,$K8)),IF(ROW()=$K$3+8,"Дата:","")) | E8: =IF(ISNUMBER($K8),IF(INDEX('Реестр'!$E$4:$E$103,$K8)="","",INDEX('Реестр'!$E$4:$E$103,$K8)),IF(ROW()=$K$3+8,"____________","")) | F8: =IF(ISNUMBER($K8),IF(INDEX('Реестр'!$F$4:$F$103,$K8)="","",INDEX('Реестр'!$F$4:$F$103,$K8)),IF(ROW()=$K$3+5,'Реестр'!F104,"")) | G8: =IF(ISNUMBER($K8),IF(INDEX('Реестр'!$G$4:$G$103,$K8)="","",INDEX('Реестр'!$G$4:$G$103,$K8)),IF(ROW()=$K$3+6,"ЗАКАЗЧИК",IF(ROW()=$K$3+7,"Должн./ФИО:",IF(ROW()=$K$3+8,"Подпись:","")))) | H8: =IF(ISNUMBER($K8),IF(INDEX('Реестр'!$H$4:$H$103,$K8)="","",INDEX('Реестр'!$H$4:$H$103,$K8)),IF(ROW()=$K$3+7,"________________",IF(ROW()=$K$3+8,"________________",""))) | I8: =IF(ISNUMBER($K8),IF(INDEX('Реестр'!$I$4:$I$103,$K8)="","",INDEX('Реестр'!$I$4:$I$103,$K8)),IF(ROW()=$K$3+5,'Реестр'!I104,IF(ROW()=$K$3+8,"Дата:",""))) | J8: =IF(ISNUMBER($K8),IF(INDEX('Реестр'!$J$4:$J$103,$K8)="","",INDEX('Реестр'!$J$4:$J$103,$K8)),IF(ROW()=$K$3+8,"____________","")) | K8: =IFERROR(_xlfn.AGGREGATE(15,6,(ROW('Реестр'!$B$4:$B$103)-3)/((('Реестр'!$B$4:$B$103<>"")+('Реестр'!$C$4:$C$103<>"")+('Реестр'!$D$4:$D$103<>"")+('Реестр'!$E$4:$E$103<>"")+('Реестр'!$G$4:$G$103<>"")+('Реестр'!$H$4:$H$103<>"")+('Реестр'!$J$4:$J$103<>""))>0),ROWS($K$5:K8)),"")
A9: =IF(ISNUMBER($K9),$K9,"") | B9: =IF(ISNUMBER($K9),IF(INDEX('Реестр'!$B$4:$B$103,$K9)="","",INDEX('Реестр'!$B$4:$B$103,$K9)),IF(ROW()=$K$3+5,"ИТОГО",IF(ROW()=$K$3+6,"ПОДРЯДЧИК",IF(ROW()=$K$3+7,"Должн./ФИО:",IF(ROW()=$K$3+8,"Подпись:",""))))) | C9: =IF(ISNUMBER($K9),IF(INDEX('Реестр'!$C$4:$C$103,$K9)="","",INDEX('Реестр'!$C$4:$C$103,$K9)),IF(ROW()=$K$3+7,"________________",IF(ROW()=$K$3+8,"________________",""))) | D9: =IF(ISNUMBER($K9),IF(INDEX('Реестр'!$D$4:$D$103,$K9)="","",INDEX('Реестр'!$D$4:$D$103,$K9)),IF(ROW()=$K$3+8,"Дата:","")) | E9: =IF(ISNUMBER($K9),IF(INDEX('Реестр'!$E$4:$E$103,$K9)="","",INDEX('Реестр'!$E$4:$E$103,$K9)),IF(ROW()=$K$3+8,"____________","")) | F9: =IF(ISNUMBER($K9),IF(INDEX('Реестр'!$F$4:$F$103,$K9)="","",INDEX('Реестр'!$F$4:$F$103,$K9)),IF(ROW()=$K$3+5,'Реестр'!F104,"")) | G9: =IF(ISNUMBER($K9),IF(INDEX('Реестр'!$G$4:$G$103,$K9)="","",INDEX('Реестр'!$G$4:$G$103,$K9)),IF(ROW()=$K$3+6,"ЗАКАЗЧИК",IF(ROW()=$K$3+7,"Должн./ФИО:",IF(ROW()=$K$3+8,"Подпись:","")))) | H9: =IF(ISNUMBER($K9),IF(INDEX('Реестр'!$H$4:$H$103,$K9)="","",INDEX('Реестр'!$H$4:$H$103,$K9)),IF(ROW()=$K$3+7,"________________",IF(ROW()=$K$3+8,"________________",""))) | I9: =IF(ISNUMBER($K9),IF(INDEX('Реестр'!$I$4:$I$103,$K9)="","",INDEX('Реестр'!$I$4:$I$103,$K9)),IF(ROW()=$K$3+5,'Реестр'!I104,IF(ROW()=$K$3+8,"Дата:",""))) | J9: =IF(ISNUMBER($K9),IF(INDEX('Реестр'!$J$4:$J$103,$K9)="","",INDEX('Реестр'!$J$4:$J$103,$K9)),IF(ROW()=$K$3+8,"____________","")) | K9: =IFERROR(_xlfn.AGGREGATE(15,6,(ROW('Реестр'!$B$4:$B$103)-3)/((('Реестр'!$B$4:$B$103<>"")+('Реестр'!$C$4:$C$103<>"")+('Реестр'!$D$4:$D$103<>"")+('Реестр'!$E$4:$E$103<>"")+('Реестр'!$G$4:$G$103<>"")+('Реестр'!$H$4:$H$103<>"")+('Реестр'!$J$4:$J$103<>""))>0),ROWS($K$5:K9)),"")
A10: =IF(ISNUMBER($K10),$K10,"") | B10: =IF(ISNUMBER($K10),IF(INDEX('Реестр'!$B$4:$B$103,$K10)="","",INDEX('Реестр'!$B$4:$B$103,$K10)),IF(ROW()=$K$3+5,"ИТОГО",IF(ROW()=$K$3+6,"ПОДРЯДЧИК",IF(ROW()=$K$3+7,"Должн./ФИО:",IF(ROW()=$K$3+8,"Подпись:",""))))) | C10: =IF(ISNUMBER($K10),IF(INDEX('Реестр'!$C$4:$C$103,$K10)="","",INDEX('Реестр'!$C$4:$C$103,$K10)),IF(ROW()=$K$3+7,"________________",IF(ROW()=$K$3+8,"________________",""))) | D10: =IF(ISNUMBER($K10),IF(INDEX('Реестр'!$D$4:$D$103,$K10)="","",INDEX('Реестр'!$D$4:$D$103,$K10)),IF(ROW()=$K$3+8,"Дата:","")) | E10: =IF(ISNUMBER($K10),IF(INDEX('Реестр'!$E$4:$E$103,$K10)="","",INDEX('Реестр'!$E$4:$E$103,$K10)),IF(ROW()=$K$3+8,"____________","")) | F10: =IF(ISNUMBER($K10),IF(INDEX('Реестр'!$F$4:$F$103,$K10)="","",INDEX('Реестр'!$F$4:$F$103,$K10)),IF(ROW()=$K$3+5,'Реестр'!F104,"")) | G10: =IF(ISNUMBER($K10),IF(INDEX('Реестр'!$G$4:$G$103,$K10)="","",INDEX('Реестр'!$G$4:$G$103,$K10)),IF(ROW()=$K$3+6,"ЗАКАЗЧИК",IF(ROW()=$K$3+7,"Должн./ФИО:",IF(ROW()=$K$3+8,"Подпись:","")))) | H10: =IF(ISNUMBER($K10),IF(INDEX('Реестр'!$H$4:$H$103,$K10)="","",INDEX('Реестр'!$H$4:$H$103,$K10)),IF(ROW()=$K$3+7,"________________",IF(ROW()=$K$3+8,"________________",""))) | I10: =IF(ISNUMBER($K10),IF(INDEX('Реестр'!$I$4:$I$103,$K10)="","",INDEX('Реестр'!$I$4:$I$103,$K10)),IF(ROW()=$K$3+5,'Реестр'!I104,IF(ROW()=$K$3+8,"Дата:",""))) | J10: =IF(ISNUMBER($K10),IF(INDEX('Реестр'!$J$4:$J$103,$K10)="","",INDEX('Реестр'!$J$4:$J$103,$K10)),IF(ROW()=$K$3+8,"____________","")) | K10: =IFERROR(_xlfn.AGGREGATE(15,6,(ROW('Реестр'!$B$4:$B$103)-3)/((('Реестр'!$B$4:$B$103<>"")+('Реестр'!$C$4:$C$103<>"")+('Реестр'!$D$4:$D$103<>"")+('Реестр'!$E$4:$E$103<>"")+('Реестр'!$G$4:$G$103<>"")+('Реестр'!$H$4:$H$103<>"")+('Реестр'!$J$4:$J$103<>""))>0),ROWS($K$5:K10)),"")
A11: =IF(ISNUMBER($K11),$K11,"") | B11: =IF(ISNUMBER($K11),IF(INDEX('Реестр'!$B$4:$B$103,$K11)="","",INDEX('Реестр'!$B$4:$B$103,$K11)),IF(ROW()=$K$3+5,"ИТОГО",IF(ROW()=$K$3+6,"ПОДРЯДЧИК",IF(ROW()=$K$3+7,"Должн./ФИО:",IF(ROW()=$K$3+8,"Подпись:",""))))) | C11: =IF(ISNUMBER($K11),IF(INDEX('Реестр'!$C$4:$C$103,$K11)="","",INDEX('Реестр'!$C$4:$C$103,$K11)),IF(ROW()=$K$3+7,"________________",IF(ROW()=$K$3+8,"________________",""))) | D11: =IF(ISNUMBER($K11),IF(INDEX('Реестр'!$D$4:$D$103,$K11)="","",INDEX('Реестр'!$D$4:$D$103,$K11)),IF(ROW()=$K$3+8,"Дата:","")) | E11: =IF(ISNUMBER($K11),IF(INDEX('Реестр'!$E$4:$E$103,$K11)="","",INDEX('Реестр'!$E$4:$E$103,$K11)),IF(ROW()=$K$3+8,"____________","")) | F11: =IF(ISNUMBER($K11),IF(INDEX('Реестр'!$F$4:$F$103,$K11)="","",INDEX('Реестр'!$F$4:$F$103,$K11)),IF(ROW()=$K$3+5,'Реестр'!F104,"")) | G11: =IF(ISNUMBER($K11),IF(INDEX('Реестр'!$G$4:$G$103,$K11)="","",INDEX('Реестр'!$G$4:$G$103,$K11)),IF(ROW()=$K$3+6,"ЗАКАЗЧИК",IF(ROW()=$K$3+7,"Должн./ФИО:",IF(ROW()=$K$3+8,"Подпись:","")))) | H11: =IF(ISNUMBER($K11),IF(INDEX('Реестр'!$H$4:$H$103,$K11)="","",INDEX('Реестр'!$H$4:$H$103,$K11)),IF(ROW()=$K$3+7,"________________",IF(ROW()=$K$3+8,"________________",""))) | I11: =IF(ISNUMBER($K11),IF(INDEX('Реестр'!$I$4:$I$103,$K11)="","",INDEX('Реестр'!$I$4:$I$103,$K11)),IF(ROW()=$K$3+5,'Реестр'!I104,IF(ROW()=$K$3+8,"Дата:",""))) | J11: =IF(ISNUMBER($K11),IF(INDEX('Реестр'!$J$4:$J$103,$K11)="","",INDEX('Реестр'!$J$4:$J$103,$K11)),IF(ROW()=$K$3+8,"____________","")) | K11: =IFERROR(_xlfn.AGGREGATE(15,6,(ROW('Реестр'!$B$4:$B$103)-3)/((('Реестр'!$B$4:$B$103<>"")+('Реестр'!$C$4:$C$103<>"")+('Реестр'!$D$4:$D$103<>"")+('Реестр'!$E$4:$E$103<>"")+('Реестр'!$G$4:$G$103<>"")+('Реестр'!$H$4:$H$103<>"")+('Реестр'!$J$4:$J$103<>""))>0),ROWS($K$5:K11)),"")
A12: =IF(ISNUMBER($K12),$K12,"") | B12: =IF(ISNUMBER($K12),IF(INDEX('Реестр'!$B$4:$B$103,$K12)="","",INDEX('Реестр'!$B$4:$B$103,$K12)),IF(ROW()=$K$3+5,"ИТОГО",IF(ROW()=$K$3+6,"ПОДРЯДЧИК",IF(ROW()=$K$3+7,"Должн./ФИО:",IF(ROW()=$K$3+8,"Подпись:",""))))) | C12: =IF(ISNUMBER($K12),IF(INDEX('Реестр'!$C$4:$C$103,$K12)="","",INDEX('Реестр'!$C$4:$C$103,$K12)),IF(ROW()=$K$3+7,"________________",IF(ROW()=$K$3+8,"________________",""))) | D12: =IF(ISNUMBER($K12),IF(INDEX('Реестр'!$D$4:$D$103,$K12)="","",INDEX('Реестр'!$D$4:$D$103,$K12)),IF(ROW()=$K$3+8,"Дата:","")) | E12: =IF(ISNUMBER($K12),IF(INDEX('Реестр'!$E$4:$E$103,$K12)="","",INDEX('Реестр'!$E$4:$E$103,$K12)),IF(ROW()=$K$3+8,"____________","")) | F12: =IF(ISNUMBER($K12),IF(INDEX('Реестр'!$F$4:$F$103,$K12)="","",INDEX('Реестр'!$F$4:$F$103,$K12)),IF(ROW()=$K$3+5,'Реестр'!F104,"")) | G12: =IF(ISNUMBER($K12),IF(INDEX('Реестр'!$G$4:$G$103,$K12)="","",INDEX('Реестр'!$G$4:$G$103,$K12)),IF(ROW()=$K$3+6,"ЗАКАЗЧИК",IF(ROW()=$K$3+7,"Должн./ФИО:",IF(ROW()=$K$3+8,"Подпись:","")))) | H12: =IF(ISNUMBER($K12),IF(INDEX('Реестр'!$H$4:$H$103,$K12)="","",INDEX('Реестр'!$H$4:$H$103,$K12)),IF(ROW()=$K$3+7,"________________",IF(ROW()=$K$3+8,"________________",""))) | I12: =IF(ISNUMBER($K12),IF(INDEX('Реестр'!$I$4:$I$103,$K12)="","",INDEX('Реестр'!$I$4:$I$103,$K12)),IF(ROW()=$K$3+5,'Реестр'!I104,IF(ROW()=$K$3+8,"Дата:",""))) | J12: =IF(ISNUMBER($K12),IF(INDEX('Реестр'!$J$4:$J$103,$K12)="","",INDEX('Реестр'!$J$4:$J$103,$K12)),IF(ROW()=$K$3+8,"____________","")) | K12: =IFERROR(_xlfn.AGGREGATE(15,6,(ROW('Реестр'!$B$4:$B$103)-3)/((('Реестр'!$B$4:$B$103<>"")+('Реестр'!$C$4:$C$103<>"")+('Реестр'!$D$4:$D$103<>"")+('Реестр'!$E$4:$E$103<>"")+('Реестр'!$G$4:$G$103<>"")+('Реестр'!$H$4:$H$103<>"")+('Реестр'!$J$4:$J$103<>""))>0),ROWS($K$5:K12)),"")
A13: =IF(ISNUMBER($K13),$K13,"") | B13: =IF(ISNUMBER($K13),IF(INDEX('Реестр'!$B$4:$B$103,$K13)="","",INDEX('Реестр'!$B$4:$B$103,$K13)),IF(ROW()=$K$3+5,"ИТОГО",IF(ROW()=$K$3+6,"ПОДРЯДЧИК",IF(ROW()=$K$3+7,"Должн./ФИО:",IF(ROW()=$K$3+8,"Подпись:",""))))) | C13: =IF(ISNUMBER($K13),IF(INDEX('Реестр'!$C$4:$C$103,$K13)="","",INDEX('Реестр'!$C$4:$C$103,$K13)),IF(ROW()=$K$3+7,"________________",IF(ROW()=$K$3+8,"________________",""))) | D13: =IF(ISNUMBER($K13),IF(INDEX('Реестр'!$D$4:$D$103,$K13)="","",INDEX('Реестр'!$D$4:$D$103,$K13)),IF(ROW()=$K$3+8,"Дата:","")) | E13: =IF(ISNUMBER($K13),IF(INDEX('Реестр'!$E$4:$E$103,$K13)="","",INDEX('Реестр'!$E$4:$E$103,$K13)),IF(ROW()=$K$3+8,"____________","")) | F13: =IF(ISNUMBER($K13),IF(INDEX('Реестр'!$F$4:$F$103,$K13)="","",INDEX('Реестр'!$F$4:$F$103,$K13)),IF(ROW()=$K$3+5,'Реестр'!F104,"")) | G13: =IF(ISNUMBER($K13),IF(INDEX('Реестр'!$G$4:$G$103,$K13)="","",INDEX('Реестр'!$G$4:$G$103,$K13)),IF(ROW()=$K$3+6,"ЗАКАЗЧИК",IF(ROW()=$K$3+7,"Должн./ФИО:",IF(ROW()=$K$3+8,"Подпись:","")))) | H13: =IF(ISNUMBER($K13),IF(INDEX('Реестр'!$H$4:$H$103,$K13)="","",INDEX('Реестр'!$H$4:$H$103,$K13)),IF(ROW()=$K$3+7,"________________",IF(ROW()=$K$3+8,"________________",""))) | I13: =IF(ISNUMBER($K13),IF(INDEX('Реестр'!$I$4:$I$103,$K13)="","",INDEX('Реестр'!$I$4:$I$103,$K13)),IF(ROW()=$K$3+5,'Реестр'!I104,IF(ROW()=$K$3+8,"Дата:",""))) | J13: =IF(ISNUMBER($K13),IF(INDEX('Реестр'!$J$4:$J$103,$K13)="","",INDEX('Реестр'!$J$4:$J$103,$K13)),IF(ROW()=$K$3+8,"____________","")) | K13: =IFERROR(_xlfn.AGGREGATE(15,6,(ROW('Реестр'!$B$4:$B$103)-3)/((('Реестр'!$B$4:$B$103<>"")+('Реестр'!$C$4:$C$103<>"")+('Реестр'!$D$4:$D$103<>"")+('Реестр'!$E$4:$E$103<>"")+('Реестр'!$G$4:$G$103<>"")+('Реестр'!$H$4:$H$103<>"")+('Реестр'!$J$4:$J$103<>""))>0),ROWS($K$5:K13)),"")
A14: =IF(ISNUMBER($K14),$K14,"") | B14: =IF(ISNUMBER($K14),IF(INDEX('Реестр'!$B$4:$B$103,$K14)="","",INDEX('Реестр'!$B$4:$B$103,$K14)),IF(ROW()=$K$3+5,"ИТОГО",IF(ROW()=$K$3+6,"ПОДРЯДЧИК",IF(ROW()=$K$3+7,"Должн./ФИО:",IF(ROW()=$K$3+8,"Подпись:",""))))) | C14: =IF(ISNUMBER($K14),IF(INDEX('Реестр'!$C$4:$C$103,$K14)="","",INDEX('Реестр'!$C$4:$C$103,$K14)),IF(ROW()=$K$3+7,"________________",IF(ROW()=$K$3+8,"________________",""))) | D14: =IF(ISNUMBER($K14),IF(INDEX('Реестр'!$D$4:$D$103,$K14)="","",INDEX('Реестр'!$D$4:$D$103,$K14)),IF(ROW()=$K$3+8,"Дата:","")) | E14: =IF(ISNUMBER($K14),IF(INDEX('Реестр'!$E$4:$E$103,$K14)="","",INDEX('Реестр'!$E$4:$E$103,$K14)),IF(ROW()=$K$3+8,"____________","")) | F14: =IF(ISNUMBER($K14),IF(INDEX('Реестр'!$F$4:$F$103,$K14)="","",INDEX('Реестр'!$F$4:$F$103,$K14)),IF(ROW()=$K$3+5,'Реестр'!F104,"")) | G14: =IF(ISNUMBER($K14),IF(INDEX('Реестр'!$G$4:$G$103,$K14)="","",INDEX('Реестр'!$G$4:$G$103,$K14)),IF(ROW()=$K$3+6,"ЗАКАЗЧИК",IF(ROW()=$K$3+7,"Должн./ФИО:",IF(ROW()=$K$3+8,"Подпись:","")))) | H14: =IF(ISNUMBER($K14),IF(INDEX('Реестр'!$H$4:$H$103,$K14)="","",INDEX('Реестр'!$H$4:$H$103,$K14)),IF(ROW()=$K$3+7,"________________",IF(ROW()=$K$3+8,"________________",""))) | I14: =IF(ISNUMBER($K14),IF(INDEX('Реестр'!$I$4:$I$103,$K14)="","",INDEX('Реестр'!$I$4:$I$103,$K14)),IF(ROW()=$K$3+5,'Реестр'!I104,IF(ROW()=$K$3+8,"Дата:",""))) | J14: =IF(ISNUMBER($K14),IF(INDEX('Реестр'!$J$4:$J$103,$K14)="","",INDEX('Реестр'!$J$4:$J$103,$K14)),IF(ROW()=$K$3+8,"____________","")) | K14: =IFERROR(_xlfn.AGGREGATE(15,6,(ROW('Реестр'!$B$4:$B$103)-3)/((('Реестр'!$B$4:$B$103<>"")+('Реестр'!$C$4:$C$103<>"")+('Реестр'!$D$4:$D$103<>"")+('Реестр'!$E$4:$E$103<>"")+('Реестр'!$G$4:$G$103<>"")+('Реестр'!$H$4:$H$103<>"")+('Реестр'!$J$4:$J$103<>""))>0),ROWS($K$5:K14)),"")
A15: =IF(ISNUMBER($K15),$K15,"") | B15: =IF(ISNUMBER($K15),IF(INDEX('Реестр'!$B$4:$B$103,$K15)="","",INDEX('Реестр'!$B$4:$B$103,$K15)),IF(ROW()=$K$3+5,"ИТОГО",IF(ROW()=$K$3+6,"ПОДРЯДЧИК",IF(ROW()=$K$3+7,"Должн./ФИО:",IF(ROW()=$K$3+8,"Подпись:",""))))) | C15: =IF(ISNUMBER($K15),IF(INDEX('Реестр'!$C$4:$C$103,$K15)="","",INDEX('Реестр'!$C$4:$C$103,$K15)),IF(ROW()=$K$3+7,"________________",IF(ROW()=$K$3+8,"________________",""))) | D15: =IF(ISNUMBER($K15),IF(INDEX('Реестр'!$D$4:$D$103,$K15)="","",INDEX('Реестр'!$D$4:$D$103,$K15)),IF(ROW()=$K$3+8,"Дата:","")) | E15: =IF(ISNUMBER($K15),IF(INDEX('Реестр'!$E$4:$E$103,$K15)="","",INDEX('Реестр'!$E$4:$E$103,$K15)),IF(ROW()=$K$3+8,"____________","")) | F15: =IF(ISNUMBER($K15),IF(INDEX('Реестр'!$F$4:$F$103,$K15)="","",INDEX('Реестр'!$F$4:$F$103,$K15)),IF(ROW()=$K$3+5,'Реестр'!F104,"")) | G15: =IF(ISNUMBER($K15),IF(INDEX('Реестр'!$G$4:$G$103,$K15)="","",INDEX('Реестр'!$G$4:$G$103,$K15)),IF(ROW()=$K$3+6,"ЗАКАЗЧИК",IF(ROW()=$K$3+7,"Должн./ФИО:",IF(ROW()=$K$3+8,"Подпись:","")))) | H15: =IF(ISNUMBER($K15),IF(INDEX('Реестр'!$H$4:$H$103,$K15)="","",INDEX('Реестр'!$H$4:$H$103,$K15)),IF(ROW()=$K$3+7,"________________",IF(ROW()=$K$3+8,"________________",""))) | I15: =IF(ISNUMBER($K15),IF(INDEX('Реестр'!$I$4:$I$103,$K15)="","",INDEX('Реестр'!$I$4:$I$103,$K15)),IF(ROW()=$K$3+5,'Реестр'!I104,IF(ROW()=$K$3+8,"Дата:",""))) | J15: =IF(ISNUMBER($K15),IF(INDEX('Реестр'!$J$4:$J$103,$K15)="","",INDEX('Реестр'!$J$4:$J$103,$K15)),IF(ROW()=$K$3+8,"____________","")) | K15: =IFERROR(_xlfn.AGGREGATE(15,6,(ROW('Реестр'!$B$4:$B$103)-3)/((('Реестр'!$B$4:$B$103<>"")+('Реестр'!$C$4:$C$103<>"")+('Реестр'!$D$4:$D$103<>"")+('Реестр'!$E$4:$E$103<>"")+('Реестр'!$G$4:$G$103<>"")+('Реестр'!$H$4:$H$103<>"")+('Реестр'!$J$4:$J$103<>""))>0),ROWS($K$5:K15)),"")
A16: =IF(ISNUMBER($K16),$K16,"") | B16: =IF(ISNUMBER($K16),IF(INDEX('Реестр'!$B$4:$B$103,$K16)="","",INDEX('Реестр'!$B$4:$B$103,$K16)),IF(ROW()=$K$3+5,"ИТОГО",IF(ROW()=$K$3+6,"ПОДРЯДЧИК",IF(ROW()=$K$3+7,"Должн./ФИО:",IF(ROW()=$K$3+8,"Подпись:",""))))) | C16: =IF(ISNUMBER($K16),IF(INDEX('Реестр'!$C$4:$C$103,$K16)="","",INDEX('Реестр'!$C$4:$C$103,$K16)),IF(ROW()=$K$3+7,"________________",IF(ROW()=$K$3+8,"________________",""))) | D16: =IF(ISNUMBER($K16),IF(INDEX('Реестр'!$D$4:$D$103,$K16)="","",INDEX('Реестр'!$D$4:$D$103,$K16)),IF(ROW()=$K$3+8,"Дата:","")) | E16: =IF(ISNUMBER($K16),IF(INDEX('Реестр'!$E$4:$E$103,$K16)="","",INDEX('Реестр'!$E$4:$E$103,$K16)),IF(ROW()=$K$3+8,"____________","")) | F16: =IF(ISNUMBER($K16),IF(INDEX('Реестр'!$F$4:$F$103,$K16)="","",INDEX('Реестр'!$F$4:$F$103,$K16)),IF(ROW()=$K$3+5,'Реестр'!F104,"")) | G16: =IF(ISNUMBER($K16),IF(INDEX('Реестр'!$G$4:$G$103,$K16)="","",INDEX('Реестр'!$G$4:$G$103,$K16)),IF(ROW()=$K$3+6,"ЗАКАЗЧИК",IF(ROW()=$K$3+7,"Должн./ФИО:",IF(ROW()=$K$3+8,"Подпись:","")))) | H16: =IF(ISNUMBER($K16),IF(INDEX('Реестр'!$H$4:$H$103,$K16)="","",INDEX('Реестр'!$H$4:$H$103,$K16)),IF(ROW()=$K$3+7,"________________",IF(ROW()=$K$3+8,"________________",""))) | I16: =IF(ISNUMBER($K16),IF(INDEX('Реестр'!$I$4:$I$103,$K16)="","",INDEX('Реестр'!$I$4:$I$103,$K16)),IF(ROW()=$K$3+5,'Реестр'!I104,IF(ROW()=$K$3+8,"Дата:",""))) | J16: =IF(ISNUMBER($K16),IF(INDEX('Реестр'!$J$4:$J$103,$K16)="","",INDEX('Реестр'!$J$4:$J$103,$K16)),IF(ROW()=$K$3+8,"____________","")) | K16: =IFERROR(_xlfn.AGGREGATE(15,6,(ROW('Реестр'!$B$4:$B$103)-3)/((('Реестр'!$B$4:$B$103<>"")+('Реестр'!$C$4:$C$103<>"")+('Реестр'!$D$4:$D$103<>"")+('Реестр'!$E$4:$E$103<>"")+('Реестр'!$G$4:$G$103<>"")+('Реестр'!$H$4:$H$103<>"")+('Реестр'!$J$4:$J$103<>""))>0),ROWS($K$5:K16)),"")
A17: =IF(ISNUMBER($K17),$K17,"") | B17: =IF(ISNUMBER($K17),IF(INDEX('Реестр'!$B$4:$B$103,$K17)="","",INDEX('Реестр'!$B$4:$B$103,$K17)),IF(ROW()=$K$3+5,"ИТОГО",IF(ROW()=$K$3+6,"ПОДРЯДЧИК",IF(ROW()=$K$3+7,"Должн./ФИО:",IF(ROW()=$K$3+8,"Подпись:",""))))) | C17: =IF(ISNUMBER($K17),IF(INDEX('Реестр'!$C$4:$C$103,$K17)="","",INDEX('Реестр'!$C$4:$C$103,$K17)),IF(ROW()=$K$3+7,"________________",IF(ROW()=$K$3+8,"________________",""))) | D17: =IF(ISNUMBER($K17),IF(INDEX('Реестр'!$D$4:$D$103,$K17)="","",INDEX('Реестр'!$D$4:$D$103,$K17)),IF(ROW()=$K$3+8,"Дата:","")) | E17: =IF(ISNUMBER($K17),IF(INDEX('Реестр'!$E$4:$E$103,$K17)="","",INDEX('Реестр'!$E$4:$E$103,$K17)),IF(ROW()=$K$3+8,"____________","")) | F17: =IF(ISNUMBER($K17),IF(INDEX('Реестр'!$F$4:$F$103,$K17)="","",INDEX('Реестр'!$F$4:$F$103,$K17)),IF(ROW()=$K$3+5,'Реестр'!F104,"")) | G17: =IF(ISNUMBER($K17),IF(INDEX('Реестр'!$G$4:$G$103,$K17)="","",INDEX('Реестр'!$G$4:$G$103,$K17)),IF(ROW()=$K$3+6,"ЗАКАЗЧИК",IF(ROW()=$K$3+7,"Должн./ФИО:",IF(ROW()=$K$3+8,"Подпись:","")))) | H17: =IF(ISNUMBER($K17),IF(INDEX('Реестр'!$H$4:$H$103,$K17)="","",INDEX('Реестр'!$H$4:$H$103,$K17)),IF(ROW()=$K$3+7,"________________",IF(ROW()=$K$3+8,"________________",""))) | I17: =IF(ISNUMBER($K17),IF(INDEX('Реестр'!$I$4:$I$103,$K17)="","",INDEX('Реестр'!$I$4:$I$103,$K17)),IF(ROW()=$K$3+5,'Реестр'!I104,IF(ROW()=$K$3+8,"Дата:",""))) | J17: =IF(ISNUMBER($K17),IF(INDEX('Реестр'!$J$4:$J$103,$K17)="","",INDEX('Реестр'!$J$4:$J$103,$K17)),IF(ROW()=$K$3+8,"____________","")) | K17: =IFERROR(_xlfn.AGGREGATE(15,6,(ROW('Реестр'!$B$4:$B$103)-3)/((('Реестр'!$B$4:$B$103<>"")+('Реестр'!$C$4:$C$103<>"")+('Реестр'!$D$4:$D$103<>"")+('Реестр'!$E$4:$E$103<>"")+('Реестр'!$G$4:$G$103<>"")+('Реестр'!$H$4:$H$103<>"")+('Реестр'!$J$4:$J$103<>""))>0),ROWS($K$5:K17)),"")
A18: =IF(ISNUMBER($K18),$K18,"") | B18: =IF(ISNUMBER($K18),IF(INDEX('Реестр'!$B$4:$B$103,$K18)="","",INDEX('Реестр'!$B$4:$B$103,$K18)),IF(ROW()=$K$3+5,"ИТОГО",IF(ROW()=$K$3+6,"ПОДРЯДЧИК",IF(ROW()=$K$3+7,"Должн./ФИО:",IF(ROW()=$K$3+8,"Подпись:",""))))) | C18: =IF(ISNUMBER($K18),IF(INDEX('Реестр'!$C$4:$C$103,$K18)="","",INDEX('Реестр'!$C$4:$C$103,$K18)),IF(ROW()=$K$3+7,"________________",IF(ROW()=$K$3+8,"________________",""))) | D18: =IF(ISNUMBER($K18),IF(INDEX('Реестр'!$D$4:$D$103,$K18)="","",INDEX('Реестр'!$D$4:$D$103,$K18)),IF(ROW()=$K$3+8,"Дата:","")) | E18: =IF(ISNUMBER($K18),IF(INDEX('Реестр'!$E$4:$E$103,$K18)="","",INDEX('Реестр'!$E$4:$E$103,$K18)),IF(ROW()=$K$3+8,"____________","")) | F18: =IF(ISNUMBER($K18),IF(INDEX('Реестр'!$F$4:$F$103,$K18)="","",INDEX('Реестр'!$F$4:$F$103,$K18)),IF(ROW()=$K$3+5,'Реестр'!F104,"")) | G18: =IF(ISNUMBER($K18),IF(INDEX('Реестр'!$G$4:$G$103,$K18)="","",INDEX('Реестр'!$G$4:$G$103,$K18)),IF(ROW()=$K$3+6,"ЗАКАЗЧИК",IF(ROW()=$K$3+7,"Должн./ФИО:",IF(ROW()=$K$3+8,"Подпись:","")))) | H18: =IF(ISNUMBER($K18),IF(INDEX('Реестр'!$H$4:$H$103,$K18)="","",INDEX('Реестр'!$H$4:$H$103,$K18)),IF(ROW()=$K$3+7,"________________",IF(ROW()=$K$3+8,"________________",""))) | I18: =IF(ISNUMBER($K18),IF(INDEX('Реестр'!$I$4:$I$103,$K18)="","",INDEX('Реестр'!$I$4:$I$103,$K18)),IF(ROW()=$K$3+5,'Реестр'!I104,IF(ROW()=$K$3+8,"Дата:",""))) | J18: =IF(ISNUMBER($K18),IF(INDEX('Реестр'!$J$4:$J$103,$K18)="","",INDEX('Реестр'!$J$4:$J$103,$K18)),IF(ROW()=$K$3+8,"____________","")) | K18: =IFERROR(_xlfn.AGGREGATE(15,6,(ROW('Реестр'!$B$4:$B$103)-3)/((('Реестр'!$B$4:$B$103<>"")+('Реестр'!$C$4:$C$103<>"")+('Реестр'!$D$4:$D$103<>"")+('Реестр'!$E$4:$E$103<>"")+('Реестр'!$G$4:$G$103<>"")+('Реестр'!$H$4:$H$103<>"")+('Реестр'!$J$4:$J$103<>""))>0),ROWS($K$5:K18)),"")
A19: =IF(ISNUMBER($K19),$K19,"") | B19: =IF(ISNUMBER($K19),IF(INDEX('Реестр'!$B$4:$B$103,$K19)="","",INDEX('Реестр'!$B$4:$B$103,$K19)),IF(ROW()=$K$3+5,"ИТОГО",IF(ROW()=$K$3+6,"ПОДРЯДЧИК",IF(ROW()=$K$3+7,"Должн./ФИО:",IF(ROW()=$K$3+8,"Подпись:",""))))) | C19: =IF(ISNUMBER($K19),IF(INDEX('Реестр'!$C$4:$C$103,$K19)="","",INDEX('Реестр'!$C$4:$C$103,$K19)),IF(ROW()=$K$3+7,"________________",IF(ROW()=$K$3+8,"________________",""))) | D19: =IF(ISNUMBER($K19),IF(INDEX('Реестр'!$D$4:$D$103,$K19)="","",INDEX('Реестр'!$D$4:$D$103,$K19)),IF(ROW()=$K$3+8,"Дата:","")) | E19: =IF(ISNUMBER($K19),IF(INDEX('Реестр'!$E$4:$E$103,$K19)="","",INDEX('Реестр'!$E$4:$E$103,$K19)),IF(ROW()=$K$3+8,"____________","")) | F19: =IF(ISNUMBER($K19),IF(INDEX('Реестр'!$F$4:$F$103,$K19)="","",INDEX('Реестр'!$F$4:$F$103,$K19)),IF(ROW()=$K$3+5,'Реестр'!F104,"")) | G19: =IF(ISNUMBER($K19),IF(INDEX('Реестр'!$G$4:$G$103,$K19)="","",INDEX('Реестр'!$G$4:$G$103,$K19)),IF(ROW()=$K$3+6,"ЗАКАЗЧИК",IF(ROW()=$K$3+7,"Должн./ФИО:",IF(ROW()=$K$3+8,"Подпись:","")))) | H19: =IF(ISNUMBER($K19),IF(INDEX('Реестр'!$H$4:$H$103,$K19)="","",INDEX('Реестр'!$H$4:$H$103,$K19)),IF(ROW()=$K$3+7,"________________",IF(ROW()=$K$3+8,"________________",""))) | I19: =IF(ISNUMBER($K19),IF(INDEX('Реестр'!$I$4:$I$103,$K19)="","",INDEX('Реестр'!$I$4:$I$103,$K19)),IF(ROW()=$K$3+5,'Реестр'!I104,IF(ROW()=$K$3+8,"Дата:",""))) | J19: =IF(ISNUMBER($K19),IF(INDEX('Реестр'!$J$4:$J$103,$K19)="","",INDEX('Реестр'!$J$4:$J$103,$K19)),IF(ROW()=$K$3+8,"____________","")) | K19: =IFERROR(_xlfn.AGGREGATE(15,6,(ROW('Реестр'!$B$4:$B$103)-3)/((('Реестр'!$B$4:$B$103<>"")+('Реестр'!$C$4:$C$103<>"")+('Реестр'!$D$4:$D$103<>"")+('Реестр'!$E$4:$E$103<>"")+('Реестр'!$G$4:$G$103<>"")+('Реестр'!$H$4:$H$103<>"")+('Реестр'!$J$4:$J$103<>""))>0),ROWS($K$5:K19)),"")
A20: =IF(ISNUMBER($K20),$K20,"") | B20: =IF(ISNUMBER($K20),IF(INDEX('Реестр'!$B$4:$B$103,$K20)="","",INDEX('Реестр'!$B$4:$B$103,$K20)),IF(ROW()=$K$3+5,"ИТОГО",IF(ROW()=$K$3+6,"ПОДРЯДЧИК",IF(ROW()=$K$3+7,"Должн./ФИО:",IF(ROW()=$K$3+8,"Подпись:",""))))) | C20: =IF(ISNUMBER($K20),IF(INDEX('Реестр'!$C$4:$C$103,$K20)="","",INDEX('Реестр'!$C$4:$C$103,$K20)),IF(ROW()=$K$3+7,"________________",IF(ROW()=$K$3+8,"________________",""))) | D20: =IF(ISNUMBER($K20),IF(INDEX('Реестр'!$D$4:$D$103,$K20)="","",INDEX('Реестр'!$D$4:$D$103,$K20)),IF(ROW()=$K$3+8,"Дата:","")) | E20: =IF(ISNUMBER($K20),IF(INDEX('Реестр'!$E$4:$E$103,$K20)="","",INDEX('Реестр'!$E$4:$E$103,$K20)),IF(ROW()=$K$3+8,"____________","")) | F20: =IF(ISNUMBER($K20),IF(INDEX('Реестр'!$F$4:$F$103,$K20)="","",INDEX('Реестр'!$F$4:$F$103,$K20)),IF(ROW()=$K$3+5,'Реестр'!F104,"")) | G20: =IF(ISNUMBER($K20),IF(INDEX('Реестр'!$G$4:$G$103,$K20)="","",INDEX('Реестр'!$G$4:$G$103,$K20)),IF(ROW()=$K$3+6,"ЗАКАЗЧИК",IF(ROW()=$K$3+7,"Должн./ФИО:",IF(ROW()=$K$3+8,"Подпись:","")))) | H20: =IF(ISNUMBER($K20),IF(INDEX('Реестр'!$H$4:$H$103,$K20)="","",INDEX('Реестр'!$H$4:$H$103,$K20)),IF(ROW()=$K$3+7,"________________",IF(ROW()=$K$3+8,"________________",""))) | I20: =IF(ISNUMBER($K20),IF(INDEX('Реестр'!$I$4:$I$103,$K20)="","",INDEX('Реестр'!$I$4:$I$103,$K20)),IF(ROW()=$K$3+5,'Реестр'!I104,IF(ROW()=$K$3+8,"Дата:",""))) | J20: =IF(ISNUMBER($K20),IF(INDEX('Реестр'!$J$4:$J$103,$K20)="","",INDEX('Реестр'!$J$4:$J$103,$K20)),IF(ROW()=$K$3+8,"____________","")) | K20: =IFERROR(_xlfn.AGGREGATE(15,6,(ROW('Реестр'!$B$4:$B$103)-3)/((('Реестр'!$B$4:$B$103<>"")+('Реестр'!$C$4:$C$103<>"")+('Реестр'!$D$4:$D$103<>"")+('Реестр'!$E$4:$E$103<>"")+('Реестр'!$G$4:$G$103<>"")+('Реестр'!$H$4:$H$103<>"")+('Реестр'!$J$4:$J$103<>""))>0),ROWS($K$5:K20)),"")
A21: =IF(ISNUMBER($K21),$K21,"") | B21: =IF(ISNUMBER($K21),IF(INDEX('Реестр'!$B$4:$B$103,$K21)="","",INDEX('Реестр'!$B$4:$B$103,$K21)),IF(ROW()=$K$3+5,"ИТОГО",IF(ROW()=$K$3+6,"ПОДРЯДЧИК",IF(ROW()=$K$3+7,"Должн./ФИО:",IF(ROW()=$K$3+8,"Подпись:",""))))) | C21: =IF(ISNUMBER($K21),IF(INDEX('Реестр'!$C$4:$C$103,$K21)="","",INDEX('Реестр'!$C$4:$C$103,$K21)),IF(ROW()=$K$3+7,"________________",IF(ROW()=$K$3+8,"________________",""))) | D21: =IF(ISNUMBER($K21),IF(INDEX('Реестр'!$D$4:$D$103,$K21)="","",INDEX('Реестр'!$D$4:$D$103,$K21)),IF(ROW()=$K$3+8,"Дата:","")) | E21: =IF(ISNUMBER($K21),IF(INDEX('Реестр'!$E$4:$E$103,$K21)="","",INDEX('Реестр'!$E$4:$E$103,$K21)),IF(ROW()=$K$3+8,"____________","")) | F21: =IF(ISNUMBER($K21),IF(INDEX('Реестр'!$F$4:$F$103,$K21)="","",INDEX('Реестр'!$F$4:$F$103,$K21)),IF(ROW()=$K$3+5,'Реестр'!F104,"")) | G21: =IF(ISNUMBER($K21),IF(INDEX('Реестр'!$G$4:$G$103,$K21)="","",INDEX('Реестр'!$G$4:$G$103,$K21)),IF(ROW()=$K$3+6,"ЗАКАЗЧИК",IF(ROW()=$K$3+7,"Должн./ФИО:",IF(ROW()=$K$3+8,"Подпись:","")))) | H21: =IF(ISNUMBER($K21),IF(INDEX('Реестр'!$H$4:$H$103,$K21)="","",INDEX('Реестр'!$H$4:$H$103,$K21)),IF(ROW()=$K$3+7,"________________",IF(ROW()=$K$3+8,"________________",""))) | I21: =IF(ISNUMBER($K21),IF(INDEX('Реестр'!$I$4:$I$103,$K21)="","",INDEX('Реестр'!$I$4:$I$103,$K21)),IF(ROW()=$K$3+5,'Реестр'!I104,IF(ROW()=$K$3+8,"Дата:",""))) | J21: =IF(ISNUMBER($K21),IF(INDEX('Реестр'!$J$4:$J$103,$K21)="","",INDEX('Реестр'!$J$4:$J$103,$K21)),IF(ROW()=$K$3+8,"____________","")) | K21: =IFERROR(_xlfn.AGGREGATE(15,6,(ROW('Реестр'!$B$4:$B$103)-3)/((('Реестр'!$B$4:$B$103<>"")+('Реестр'!$C$4:$C$103<>"")+('Реестр'!$D$4:$D$103<>"")+('Реестр'!$E$4:$E$103<>"")+('Реестр'!$G$4:$G$103<>"")+('Реестр'!$H$4:$H$103<>"")+('Реестр'!$J$4:$J$103<>""))>0),ROWS($K$5:K21)),"")
A22: =IF(ISNUMBER($K22),$K22,"") | B22: =IF(ISNUMBER($K22),IF(INDEX('Реестр'!$B$4:$B$103,$K22)="","",INDEX('Реестр'!$B$4:$B$103,$K22)),IF(ROW()=$K$3+5,"ИТОГО",IF(ROW()=$K$3+6,"ПОДРЯДЧИК",IF(ROW()=$K$3+7,"Должн./ФИО:",IF(ROW()=$K$3+8,"Подпись:",""))))) | C22: =IF(ISNUMBER($K22),IF(INDEX('Реестр'!$C$4:$C$103,$K22)="","",INDEX('Реестр'!$C$4:$C$103,$K22)),IF(ROW()=$K$3+7,"________________",IF(ROW()=$K$3+8,"________________",""))) | D22: =IF(ISNUMBER($K22),IF(INDEX('Реестр'!$D$4:$D$103,$K22)="","",INDEX('Реестр'!$D$4:$D$103,$K22)),IF(ROW()=$K$3+8,"Дата:","")) | E22: =IF(ISNUMBER($K22),IF(INDEX('Реестр'!$E$4:$E$103,$K22)="","",INDEX('Реестр'!$E$4:$E$103,$K22)),IF(ROW()=$K$3+8,"____________","")) | F22: =IF(ISNUMBER($K22),IF(INDEX('Реестр'!$F$4:$F$103,$K22)="","",INDEX('Реестр'!$F$4:$F$103,$K22)),IF(ROW()=$K$3+5,'Реестр'!F104,"")) | G22: =IF(ISNUMBER($K22),IF(INDEX('Реестр'!$G$4:$G$103,$K22)="","",INDEX('Реестр'!$G$4:$G$103,$K22)),IF(ROW()=$K$3+6,"ЗАКАЗЧИК",IF(ROW()=$K$3+7,"Должн./ФИО:",IF(ROW()=$K$3+8,"Подпись:","")))) | H22: =IF(ISNUMBER($K22),IF(INDEX('Реестр'!$H$4:$H$103,$K22)="","",INDEX('Реестр'!$H$4:$H$103,$K22)),IF(ROW()=$K$3+7,"________________",IF(ROW()=$K$3+8,"________________",""))) | I22: =IF(ISNUMBER($K22),IF(INDEX('Реестр'!$I$4:$I$103,$K22)="","",INDEX('Реестр'!$I$4:$I$103,$K22)),IF(ROW()=$K$3+5,'Реестр'!I104,IF(ROW()=$K$3+8,"Дата:",""))) | J22: =IF(ISNUMBER($K22),IF(INDEX('Реестр'!$J$4:$J$103,$K22)="","",INDEX('Реестр'!$J$4:$J$103,$K22)),IF(ROW()=$K$3+8,"____________","")) | K22: =IFERROR(_xlfn.AGGREGATE(15,6,(ROW('Реестр'!$B$4:$B$103)-3)/((('Реестр'!$B$4:$B$103<>"")+('Реестр'!$C$4:$C$103<>"")+('Реестр'!$D$4:$D$103<>"")+('Реестр'!$E$4:$E$103<>"")+('Реестр'!$G$4:$G$103<>"")+('Реестр'!$H$4:$H$103<>"")+('Реестр'!$J$4:$J$103<>""))>0),ROWS($K$5:K22)),"")
A23: =IF(ISNUMBER($K23),$K23,"") | B23: =IF(ISNUMBER($K23),IF(INDEX('Реестр'!$B$4:$B$103,$K23)="","",INDEX('Реестр'!$B$4:$B$103,$K23)),IF(ROW()=$K$3+5,"ИТОГО",IF(ROW()=$K$3+6,"ПОДРЯДЧИК",IF(ROW()=$K$3+7,"Должн./ФИО:",IF(ROW()=$K$3+8,"Подпись:",""))))) | C23: =IF(ISNUMBER($K23),IF(INDEX('Реестр'!$C$4:$C$103,$K23)="","",INDEX('Реестр'!$C$4:$C$103,$K23)),IF(ROW()=$K$3+7,"________________",IF(ROW()=$K$3+8,"________________",""))) | D23: =IF(ISNUMBER($K23),IF(INDEX('Реестр'!$D$4:$D$103,$K23)="","",INDEX('Реестр'!$D$4:$D$103,$K23)),IF(ROW()=$K$3+8,"Дата:","")) | E23: =IF(ISNUMBER($K23),IF(INDEX('Реестр'!$E$4:$E$103,$K23)="","",INDEX('Реестр'!$E$4:$E$103,$K23)),IF(ROW()=$K$3+8,"____________","")) | F23: =IF(ISNUMBER($K23),IF(INDEX('Реестр'!$F$4:$F$103,$K23)="","",INDEX('Реестр'!$F$4:$F$103,$K23)),IF(ROW()=$K$3+5,'Реестр'!F104,"")) | G23: =IF(ISNUMBER($K23),IF(INDEX('Реестр'!$G$4:$G$103,$K23)="","",INDEX('Реестр'!$G$4:$G$103,$K23)),IF(ROW()=$K$3+6,"ЗАКАЗЧИК",IF(ROW()=$K$3+7,"Должн./ФИО:",IF(ROW()=$K$3+8,"Подпись:","")))) | H23: =IF(ISNUMBER($K23),IF(INDEX('Реестр'!$H$4:$H$103,$K23)="","",INDEX('Реестр'!$H$4:$H$103,$K23)),IF(ROW()=$K$3+7,"________________",IF(ROW()=$K$3+8,"________________",""))) | I23: =IF(ISNUMBER($K23),IF(INDEX('Реестр'!$I$4:$I$103,$K23)="","",INDEX('Реестр'!$I$4:$I$103,$K23)),IF(ROW()=$K$3+5,'Реестр'!I104,IF(ROW()=$K$3+8,"Дата:",""))) | J23: =IF(ISNUMBER($K23),IF(INDEX('Реестр'!$J$4:$J$103,$K23)="","",INDEX('Реестр'!$J$4:$J$103,$K23)),IF(ROW()=$K$3+8,"____________","")) | K23: =IFERROR(_xlfn.AGGREGATE(15,6,(ROW('Реестр'!$B$4:$B$103)-3)/((('Реестр'!$B$4:$B$103<>"")+('Реестр'!$C$4:$C$103<>"")+('Реестр'!$D$4:$D$103<>"")+('Реестр'!$E$4:$E$103<>"")+('Реестр'!$G$4:$G$103<>"")+('Реестр'!$H$4:$H$103<>"")+('Реестр'!$J$4:$J$103<>""))>0),ROWS($K$5:K23)),"")
A24: =IF(ISNUMBER($K24),$K24,"") | B24: =IF(ISNUMBER($K24),IF(INDEX('Реестр'!$B$4:$B$103,$K24)="","",INDEX('Реестр'!$B$4:$B$103,$K24)),IF(ROW()=$K$3+5,"ИТОГО",IF(ROW()=$K$3+6,"ПОДРЯДЧИК",IF(ROW()=$K$3+7,"Должн./ФИО:",IF(ROW()=$K$3+8,"Подпись:",""))))) | C24: =IF(ISNUMBER($K24),IF(INDEX('Реестр'!$C$4:$C$103,$K24)="","",INDEX('Реестр'!$C$4:$C$103,$K24)),IF(ROW()=$K$3+7,"________________",IF(ROW()=$K$3+8,"________________",""))) | D24: =IF(ISNUMBER($K24),IF(INDEX('Реестр'!$D$4:$D$103,$K24)="","",INDEX('Реестр'!$D$4:$D$103,$K24)),IF(ROW()=$K$3+8,"Дата:","")) | E24: =IF(ISNUMBER($K24),IF(INDEX('Реестр'!$E$4:$E$103,$K24)="","",INDEX('Реестр'!$E$4:$E$103,$K24)),IF(ROW()=$K$3+8,"____________","")) | F24: =IF(ISNUMBER($K24),IF(INDEX('Реестр'!$F$4:$F$103,$K24)="","",INDEX('Реестр'!$F$4:$F$103,$K24)),IF(ROW()=$K$3+5,'Реестр'!F104,"")) | G24: =IF(ISNUMBER($K24),IF(INDEX('Реестр'!$G$4:$G$103,$K24)="","",INDEX('Реестр'!$G$4:$G$103,$K24)),IF(ROW()=$K$3+6,"ЗАКАЗЧИК",IF(ROW()=$K$3+7,"Должн./ФИО:",IF(ROW()=$K$3+8,"Подпись:","")))) | H24: =IF(ISNUMBER($K24),IF(INDEX('Реестр'!$H$4:$H$103,$K24)="","",INDEX('Реестр'!$H$4:$H$103,$K24)),IF(ROW()=$K$3+7,"________________",IF(ROW()=$K$3+8,"________________",""))) | I24: =IF(ISNUMBER($K24),IF(INDEX('Реестр'!$I$4:$I$103,$K24)="","",INDEX('Реестр'!$I$4:$I$103,$K24)),IF(ROW()=$K$3+5,'Реестр'!I104,IF(ROW()=$K$3+8,"Дата:",""))) | J24: =IF(ISNUMBER($K24),IF(INDEX('Реестр'!$J$4:$J$103,$K24)="","",INDEX('Реестр'!$J$4:$J$103,$K24)),IF(ROW()=$K$3+8,"____________","")) | K24: =IFERROR(_xlfn.AGGREGATE(15,6,(ROW('Реестр'!$B$4:$B$103)-3)/((('Реестр'!$B$4:$B$103<>"")+('Реестр'!$C$4:$C$103<>"")+('Реестр'!$D$4:$D$103<>"")+('Реестр'!$E$4:$E$103<>"")+('Реестр'!$G$4:$G$103<>"")+('Реестр'!$H$4:$H$103<>"")+('Реестр'!$J$4:$J$103<>""))>0),ROWS($K$5:K24)),"")
A25: =IF(ISNUMBER($K25),$K25,"") | B25: =IF(ISNUMBER($K25),IF(INDEX('Реестр'!$B$4:$B$103,$K25)="","",INDEX('Реестр'!$B$4:$B$103,$K25)),IF(ROW()=$K$3+5,"ИТОГО",IF(ROW()=$K$3+6,"ПОДРЯДЧИК",IF(ROW()=$K$3+7,"Должн./ФИО:",IF(ROW()=$K$3+8,"Подпись:",""))))) | C25: =IF(ISNUMBER($K25),IF(INDEX('Реестр'!$C$4:$C$103,$K25)="","",INDEX('Реестр'!$C$4:$C$103,$K25)),IF(ROW()=$K$3+7,"________________",IF(ROW()=$K$3+8,"________________",""))) | D25: =IF(ISNUMBER($K25),IF(INDEX('Реестр'!$D$4:$D$103,$K25)="","",INDEX('Реестр'!$D$4:$D$103,$K25)),IF(ROW()=$K$3+8,"Дата:","")) | E25: =IF(ISNUMBER($K25),IF(INDEX('Реестр'!$E$4:$E$103,$K25)="","",INDEX('Реестр'!$E$4:$E$103,$K25)),IF(ROW()=$K$3+8,"____________","")) | F25: =IF(ISNUMBER($K25),IF(INDEX('Реестр'!$F$4:$F$103,$K25)="","",INDEX('Реестр'!$F$4:$F$103,$K25)),IF(ROW()=$K$3+5,'Реестр'!F104,"")) | G25: =IF(ISNUMBER($K25),IF(INDEX('Реестр'!$G$4:$G$103,$K25)="","",INDEX('Реестр'!$G$4:$G$103,$K25)),IF(ROW()=$K$3+6,"ЗАКАЗЧИК",IF(ROW()=$K$3+7,"Должн./ФИО:",IF(ROW()=$K$3+8,"Подпись:","")))) | H25: =IF(ISNUMBER($K25),IF(INDEX('Реестр'!$H$4:$H$103,$K25)="","",INDEX('Реестр'!$H$4:$H$103,$K25)),IF(ROW()=$K$3+7,"________________",IF(ROW()=$K$3+8,"________________",""))) | I25: =IF(ISNUMBER($K25),IF(INDEX('Реестр'!$I$4:$I$103,$K25)="","",INDEX('Реестр'!$I$4:$I$103,$K25)),IF(ROW()=$K$3+5,'Реестр'!I104,IF(ROW()=$K$3+8,"Дата:",""))) | J25: =IF(ISNUMBER($K25),IF(INDEX('Реестр'!$J$4:$J$103,$K25)="","",INDEX('Реестр'!$J$4:$J$103,$K25)),IF(ROW()=$K$3+8,"____________","")) | K25: =IFERROR(_xlfn.AGGREGATE(15,6,(ROW('Реестр'!$B$4:$B$103)-3)/((('Реестр'!$B$4:$B$103<>"")+('Реестр'!$C$4:$C$103<>"")+('Реестр'!$D$4:$D$103<>"")+('Реестр'!$E$4:$E$103<>"")+('Реестр'!$G$4:$G$103<>"")+('Реестр'!$H$4:$H$103<>"")+('Реестр'!$J$4:$J$103<>""))>0),ROWS($K$5:K25)),"")
A26: =IF(ISNUMBER($K26),$K26,"") | B26: =IF(ISNUMBER($K26),IF(INDEX('Реестр'!$B$4:$B$103,$K26)="","",INDEX('Реестр'!$B$4:$B$103,$K26)),IF(ROW()=$K$3+5,"ИТОГО",IF(ROW()=$K$3+6,"ПОДРЯДЧИК",IF(ROW()=$K$3+7,"Должн./ФИО:",IF(ROW()=$K$3+8,"Подпись:",""))))) | C26: =IF(ISNUMBER($K26),IF(INDEX('Реестр'!$C$4:$C$103,$K26)="","",INDEX('Реестр'!$C$4:$C$103,$K26)),IF(ROW()=$K$3+7,"________________",IF(ROW()=$K$3+8,"________________",""))) | D26: =IF(ISNUMBER($K26),IF(INDEX('Реестр'!$D$4:$D$103,$K26)="","",INDEX('Реестр'!$D$4:$D$103,$K26)),IF(ROW()=$K$3+8,"Дата:","")) | E26: =IF(ISNUMBER($K26),IF(INDEX('Реестр'!$E$4:$E$103,$K26)="","",INDEX('Реестр'!$E$4:$E$103,$K26)),IF(ROW()=$K$3+8,"____________","")) | F26: =IF(ISNUMBER($K26),IF(INDEX('Реестр'!$F$4:$F$103,$K26)="","",INDEX('Реестр'!$F$4:$F$103,$K26)),IF(ROW()=$K$3+5,'Реестр'!F104,"")) | G26: =IF(ISNUMBER($K26),IF(INDEX('Реестр'!$G$4:$G$103,$K26)="","",INDEX('Реестр'!$G$4:$G$103,$K26)),IF(ROW()=$K$3+6,"ЗАКАЗЧИК",IF(ROW()=$K$3+7,"Должн./ФИО:",IF(ROW()=$K$3+8,"Подпись:","")))) | H26: =IF(ISNUMBER($K26),IF(INDEX('Реестр'!$H$4:$H$103,$K26)="","",INDEX('Реестр'!$H$4:$H$103,$K26)),IF(ROW()=$K$3+7,"________________",IF(ROW()=$K$3+8,"________________",""))) | I26: =IF(ISNUMBER($K26),IF(INDEX('Реестр'!$I$4:$I$103,$K26)="","",INDEX('Реестр'!$I$4:$I$103,$K26)),IF(ROW()=$K$3+5,'Реестр'!I104,IF(ROW()=$K$3+8,"Дата:",""))) | J26: =IF(ISNUMBER($K26),IF(INDEX('Реестр'!$J$4:$J$103,$K26)="","",INDEX('Реестр'!$J$4:$J$103,$K26)),IF(ROW()=$K$3+8,"____________","")) | K26: =IFERROR(_xlfn.AGGREGATE(15,6,(ROW('Реестр'!$B$4:$B$103)-3)/((('Реестр'!$B$4:$B$103<>"")+('Реестр'!$C$4:$C$103<>"")+('Реестр'!$D$4:$D$103<>"")+('Реестр'!$E$4:$E$103<>"")+('Реестр'!$G$4:$G$103<>"")+('Реестр'!$H$4:$H$103<>"")+('Реестр'!$J$4:$J$103<>""))>0),ROWS($K$5:K26)),"")
A27: =IF(ISNUMBER($K27),$K27,"") | B27: =IF(ISNUMBER($K27),IF(INDEX('Реестр'!$B$4:$B$103,$K27)="","",INDEX('Реестр'!$B$4:$B$103,$K27)),IF(ROW()=$K$3+5,"ИТОГО",IF(ROW()=$K$3+6,"ПОДРЯДЧИК",IF(ROW()=$K$3+7,"Должн./ФИО:",IF(ROW()=$K$3+8,"Подпись:",""))))) | C27: =IF(ISNUMBER($K27),IF(INDEX('Реестр'!$C$4:$C$103,$K27)="","",INDEX('Реестр'!$C$4:$C$103,$K27)),IF(ROW()=$K$3+7,"________________",IF(ROW()=$K$3+8,"________________",""))) | D27: =IF(ISNUMBER($K27),IF(INDEX('Реестр'!$D$4:$D$103,$K27)="","",INDEX('Реестр'!$D$4:$D$103,$K27)),IF(ROW()=$K$3+8,"Дата:","")) | E27: =IF(ISNUMBER($K27),IF(INDEX('Реестр'!$E$4:$E$103,$K27)="","",INDEX('Реестр'!$E$4:$E$103,$K27)),IF(ROW()=$K$3+8,"____________","")) | F27: =IF(ISNUMBER($K27),IF(INDEX('Реестр'!$F$4:$F$103,$K27)="","",INDEX('Реестр'!$F$4:$F$103,$K27)),IF(ROW()=$K$3+5,'Реестр'!F104,"")) | G27: =IF(ISNUMBER($K27),IF(INDEX('Реестр'!$G$4:$G$103,$K27)="","",INDEX('Реестр'!$G$4:$G$103,$K27)),IF(ROW()=$K$3+6,"ЗАКАЗЧИК",IF(ROW()=$K$3+7,"Должн./ФИО:",IF(ROW()=$K$3+8,"Подпись:","")))) | H27: =IF(ISNUMBER($K27),IF(INDEX('Реестр'!$H$4:$H$103,$K27)="","",INDEX('Реестр'!$H$4:$H$103,$K27)),IF(ROW()=$K$3+7,"________________",IF(ROW()=$K$3+8,"________________",""))) | I27: =IF(ISNUMBER($K27),IF(INDEX('Реестр'!$I$4:$I$103,$K27)="","",INDEX('Реестр'!$I$4:$I$103,$K27)),IF(ROW()=$K$3+5,'Реестр'!I104,IF(ROW()=$K$3+8,"Дата:",""))) | J27: =IF(ISNUMBER($K27),IF(INDEX('Реестр'!$J$4:$J$103,$K27)="","",INDEX('Реестр'!$J$4:$J$103,$K27)),IF(ROW()=$K$3+8,"____________","")) | K27: =IFERROR(_xlfn.AGGREGATE(15,6,(ROW('Реестр'!$B$4:$B$103)-3)/((('Реестр'!$B$4:$B$103<>"")+('Реестр'!$C$4:$C$103<>"")+('Реестр'!$D$4:$D$103<>"")+('Реестр'!$E$4:$E$103<>"")+('Реестр'!$G$4:$G$103<>"")+('Реестр'!$H$4:$H$103<>"")+('Реестр'!$J$4:$J$103<>""))>0),ROWS($K$5:K27)),"")
A28: =IF(ISNUMBER($K28),$K28,"") | B28: =IF(ISNUMBER($K28),IF(INDEX('Реестр'!$B$4:$B$103,$K28)="","",INDEX('Реестр'!$B$4:$B$103,$K28)),IF(ROW()=$K$3+5,"ИТОГО",IF(ROW()=$K$3+6,"ПОДРЯДЧИК",IF(ROW()=$K$3+7,"Должн./ФИО:",IF(ROW()=$K$3+8,"Подпись:",""))))) | C28: =IF(ISNUMBER($K28),IF(INDEX('Реестр'!$C$4:$C$103,$K28)="","",INDEX('Реестр'!$C$4:$C$103,$K28)),IF(ROW()=$K$3+7,"________________",IF(ROW()=$K$3+8,"________________",""))) | D28: =IF(ISNUMBER($K28),IF(INDEX('Реестр'!$D$4:$D$103,$K28)="","",INDEX('Реестр'!$D$4:$D$103,$K28)),IF(ROW()=$K$3+8,"Дата:","")) | E28: =IF(ISNUMBER($K28),IF(INDEX('Реестр'!$E$4:$E$103,$K28)="","",INDEX('Реестр'!$E$4:$E$103,$K28)),IF(ROW()=$K$3+8,"____________","")) | F28: =IF(ISNUMBER($K28),IF(INDEX('Реестр'!$F$4:$F$103,$K28)="","",INDEX('Реестр'!$F$4:$F$103,$K28)),IF(ROW()=$K$3+5,'Реестр'!F104,"")) | G28: =IF(ISNUMBER($K28),IF(INDEX('Реестр'!$G$4:$G$103,$K28)="","",INDEX('Реестр'!$G$4:$G$103,$K28)),IF(ROW()=$K$3+6,"ЗАКАЗЧИК",IF(ROW()=$K$3+7,"Должн./ФИО:",IF(ROW()=$K$3+8,"Подпись:","")))) | H28: =IF(ISNUMBER($K28),IF(INDEX('Реестр'!$H$4:$H$103,$K28)="","",INDEX('Реестр'!$H$4:$H$103,$K28)),IF(ROW()=$K$3+7,"________________",IF(ROW()=$K$3+8,"________________",""))) | I28: =IF(ISNUMBER($K28),IF(INDEX('Реестр'!$I$4:$I$103,$K28)="","",INDEX('Реестр'!$I$4:$I$103,$K28)),IF(ROW()=$K$3+5,'Реестр'!I104,IF(ROW()=$K$3+8,"Дата:",""))) | J28: =IF(ISNUMBER($K28),IF(INDEX('Реестр'!$J$4:$J$103,$K28)="","",INDEX('Реестр'!$J$4:$J$103,$K28)),IF(ROW()=$K$3+8,"____________","")) | K28: =IFERROR(_xlfn.AGGREGATE(15,6,(ROW('Реестр'!$B$4:$B$103)-3)/((('Реестр'!$B$4:$B$103<>"")+('Реестр'!$C$4:$C$103<>"")+('Реестр'!$D$4:$D$103<>"")+('Реестр'!$E$4:$E$103<>"")+('Реестр'!$G$4:$G$103<>"")+('Реестр'!$H$4:$H$103<>"")+('Реестр'!$J$4:$J$103<>""))>0),ROWS($K$5:K28)),"")
A29: =IF(ISNUMBER($K29),$K29,"") | B29: =IF(ISNUMBER($K29),IF(INDEX('Реестр'!$B$4:$B$103,$K29)="","",INDEX('Реестр'!$B$4:$B$103,$K29)),IF(ROW()=$K$3+5,"ИТОГО",IF(ROW()=$K$3+6,"ПОДРЯДЧИК",IF(ROW()=$K$3+7,"Должн./ФИО:",IF(ROW()=$K$3+8,"Подпись:",""))))) | C29: =IF(ISNUMBER($K29),IF(INDEX('Реестр'!$C$4:$C$103,$K29)="","",INDEX('Реестр'!$C$4:$C$103,$K29)),IF(ROW()=$K$3+7,"________________",IF(ROW()=$K$3+8,"________________",""))) | D29: =IF(ISNUMBER($K29),IF(INDEX('Реестр'!$D$4:$D$103,$K29)="","",INDEX('Реестр'!$D$4:$D$103,$K29)),IF(ROW()=$K$3+8,"Дата:","")) | E29: =IF(ISNUMBER($K29),IF(INDEX('Реестр'!$E$4:$E$103,$K29)="","",INDEX('Реестр'!$E$4:$E$103,$K29)),IF(ROW()=$K$3+8,"____________","")) | F29: =IF(ISNUMBER($K29),IF(INDEX('Реестр'!$F$4:$F$103,$K29)="","",INDEX('Реестр'!$F$4:$F$103,$K29)),IF(ROW()=$K$3+5,'Реестр'!F104,"")) | G29: =IF(ISNUMBER($K29),IF(INDEX('Реестр'!$G$4:$G$103,$K29)="","",INDEX('Реестр'!$G$4:$G$103,$K29)),IF(ROW()=$K$3+6,"ЗАКАЗЧИК",IF(ROW()=$K$3+7,"Должн./ФИО:",IF(ROW()=$K$3+8,"Подпись:","")))) | H29: =IF(ISNUMBER($K29),IF(INDEX('Реестр'!$H$4:$H$103,$K29)="","",INDEX('Реестр'!$H$4:$H$103,$K29)),IF(ROW()=$K$3+7,"________________",IF(ROW()=$K$3+8,"________________",""))) | I29: =IF(ISNUMBER($K29),IF(INDEX('Реестр'!$I$4:$I$103,$K29)="","",INDEX('Реестр'!$I$4:$I$103,$K29)),IF(ROW()=$K$3+5,'Реестр'!I104,IF(ROW()=$K$3+8,"Дата:",""))) | J29: =IF(ISNUMBER($K29),IF(INDEX('Реестр'!$J$4:$J$103,$K29)="","",INDEX('Реестр'!$J$4:$J$103,$K29)),IF(ROW()=$K$3+8,"____________","")) | K29: =IFERROR(_xlfn.AGGREGATE(15,6,(ROW('Реестр'!$B$4:$B$103)-3)/((('Реестр'!$B$4:$B$103<>"")+('Реестр'!$C$4:$C$103<>"")+('Реестр'!$D$4:$D$103<>"")+('Реестр'!$E$4:$E$103<>"")+('Реестр'!$G$4:$G$103<>"")+('Реестр'!$H$4:$H$103<>"")+('Реестр'!$J$4:$J$103<>""))>0),ROWS($K$5:K29)),"")
A30: =IF(ISNUMBER($K30),$K30,"") | B30: =IF(ISNUMBER($K30),IF(INDEX('Реестр'!$B$4:$B$103,$K30)="","",INDEX('Реестр'!$B$4:$B$103,$K30)),IF(ROW()=$K$3+5,"ИТОГО",IF(ROW()=$K$3+6,"ПОДРЯДЧИК",IF(ROW()=$K$3+7,"Должн./ФИО:",IF(ROW()=$K$3+8,"Подпись:",""))))) | C30: =IF(ISNUMBER($K30),IF(INDEX('Реестр'!$C$4:$C$103,$K30)="","",INDEX('Реестр'!$C$4:$C$103,$K30)),IF(ROW()=$K$3+7,"________________",IF(ROW()=$K$3+8,"________________",""))) | D30: =IF(ISNUMBER($K30),IF(INDEX('Реестр'!$D$4:$D$103,$K30)="","",INDEX('Реестр'!$D$4:$D$103,$K30)),IF(ROW()=$K$3+8,"Дата:","")) | E30: =IF(ISNUMBER($K30),IF(INDEX('Реестр'!$E$4:$E$103,$K30)="","",INDEX('Реестр'!$E$4:$E$103,$K30)),IF(ROW()=$K$3+8,"____________","")) | F30: =IF(ISNUMBER($K30),IF(INDEX('Реестр'!$F$4:$F$103,$K30)="","",INDEX('Реестр'!$F$4:$F$103,$K30)),IF(ROW()=$K$3+5,'Реестр'!F104,"")) | G30: =IF(ISNUMBER($K30),IF(INDEX('Реестр'!$G$4:$G$103,$K30)="","",INDEX('Реестр'!$G$4:$G$103,$K30)),IF(ROW()=$K$3+6,"ЗАКАЗЧИК",IF(ROW()=$K$3+7,"Должн./ФИО:",IF(ROW()=$K$3+8,"Подпись:","")))) | H30: =IF(ISNUMBER($K30),IF(INDEX('Реестр'!$H$4:$H$103,$K30)="","",INDEX('Реестр'!$H$4:$H$103,$K30)),IF(ROW()=$K$3+7,"________________",IF(ROW()=$K$3+8,"________________",""))) | I30: =IF(ISNUMBER($K30),IF(INDEX('Реестр'!$I$4:$I$103,$K30)="","",INDEX('Реестр'!$I$4:$I$103,$K30)),IF(ROW()=$K$3+5,'Реестр'!I104,IF(ROW()=$K$3+8,"Дата:",""))) | J30: =IF(ISNUMBER($K30),IF(INDEX('Реестр'!$J$4:$J$103,$K30)="","",INDEX('Реестр'!$J$4:$J$103,$K30)),IF(ROW()=$K$3+8,"____________","")) | K30: =IFERROR(_xlfn.AGGREGATE(15,6,(ROW('Реестр'!$B$4:$B$103)-3)/((('Реестр'!$B$4:$B$103<>"")+('Реестр'!$C$4:$C$103<>"")+('Реестр'!$D$4:$D$103<>"")+('Реестр'!$E$4:$E$103<>"")+('Реестр'!$G$4:$G$103<>"")+('Реестр'!$H$4:$H$103<>"")+('Реестр'!$J$4:$J$103<>""))>0),ROWS($K$5:K30)),"")
A31: =IF(ISNUMBER($K31),$K31,"") | B31: =IF(ISNUMBER($K31),IF(INDEX('Реестр'!$B$4:$B$103,$K31)="","",INDEX('Реестр'!$B$4:$B$103,$K31)),IF(ROW()=$K$3+5,"ИТОГО",IF(ROW()=$K$3+6,"ПОДРЯДЧИК",IF(ROW()=$K$3+7,"Должн./ФИО:",IF(ROW()=$K$3+8,"Подпись:",""))))) | C31: =IF(ISNUMBER($K31),IF(INDEX('Реестр'!$C$4:$C$103,$K31)="","",INDEX('Реестр'!$C$4:$C$103,$K31)),IF(ROW()=$K$3+7,"________________",IF(ROW()=$K$3+8,"________________",""))) | D31: =IF(ISNUMBER($K31),IF(INDEX('Реестр'!$D$4:$D$103,$K31)="","",INDEX('Реестр'!$D$4:$D$103,$K31)),IF(ROW()=$K$3+8,"Дата:","")) | E31: =IF(ISNUMBER($K31),IF(INDEX('Реестр'!$E$4:$E$103,$K31)="","",INDEX('Реестр'!$E$4:$E$103,$K31)),IF(ROW()=$K$3+8,"____________","")) | F31: =IF(ISNUMBER($K31),IF(INDEX('Реестр'!$F$4:$F$103,$K31)="","",INDEX('Реестр'!$F$4:$F$103,$K31)),IF(ROW()=$K$3+5,'Реестр'!F104,"")) | G31: =IF(ISNUMBER($K31),IF(INDEX('Реестр'!$G$4:$G$103,$K31)="","",INDEX('Реестр'!$G$4:$G$103,$K31)),IF(ROW()=$K$3+6,"ЗАКАЗЧИК",IF(ROW()=$K$3+7,"Должн./ФИО:",IF(ROW()=$K$3+8,"Подпись:","")))) | H31: =IF(ISNUMBER($K31),IF(INDEX('Реестр'!$H$4:$H$103,$K31)="","",INDEX('Реестр'!$H$4:$H$103,$K31)),IF(ROW()=$K$3+7,"________________",IF(ROW()=$K$3+8,"________________",""))) | I31: =IF(ISNUMBER($K31),IF(INDEX('Реестр'!$I$4:$I$103,$K31)="","",INDEX('Реестр'!$I$4:$I$103,$K31)),IF(ROW()=$K$3+5,'Реестр'!I104,IF(ROW()=$K$3+8,"Дата:",""))) | J31: =IF(ISNUMBER($K31),IF(INDEX('Реестр'!$J$4:$J$103,$K31)="","",INDEX('Реестр'!$J$4:$J$103,$K31)),IF(ROW()=$K$3+8,"____________","")) | K31: =IFERROR(_xlfn.AGGREGATE(15,6,(ROW('Реестр'!$B$4:$B$103)-3)/((('Реестр'!$B$4:$B$103<>"")+('Реестр'!$C$4:$C$103<>"")+('Реестр'!$D$4:$D$103<>"")+('Реестр'!$E$4:$E$103<>"")+('Реестр'!$G$4:$G$103<>"")+('Реестр'!$H$4:$H$103<>"")+('Реестр'!$J$4:$J$103<>""))>0),ROWS($K$5:K31)),"")
A32: =IF(ISNUMBER($K32),$K32,"") | B32: =IF(ISNUMBER($K32),IF(INDEX('Реестр'!$B$4:$B$103,$K32)="","",INDEX('Реестр'!$B$4:$B$103,$K32)),IF(ROW()=$K$3+5,"ИТОГО",IF(ROW()=$K$3+6,"ПОДРЯДЧИК",IF(ROW()=$K$3+7,"Должн./ФИО:",IF(ROW()=$K$3+8,"Подпись:",""))))) | C32: =IF(ISNUMBER($K32),IF(INDEX('Реестр'!$C$4:$C$103,$K32)="","",INDEX('Реестр'!$C$4:$C$103,$K32)),IF(ROW()=$K$3+7,"________________",IF(ROW()=$K$3+8,"________________",""))) | D32: =IF(ISNUMBER($K32),IF(INDEX('Реестр'!$D$4:$D$103,$K32)="","",INDEX('Реестр'!$D$4:$D$103,$K32)),IF(ROW()=$K$3+8,"Дата:","")) | E32: =IF(ISNUMBER($K32),IF(INDEX('Реестр'!$E$4:$E$103,$K32)="","",INDEX('Реестр'!$E$4:$E$103,$K32)),IF(ROW()=$K$3+8,"____________","")) | F32: =IF(ISNUMBER($K32),IF(INDEX('Реестр'!$F$4:$F$103,$K32)="","",INDEX('Реестр'!$F$4:$F$103,$K32)),IF(ROW()=$K$3+5,'Реестр'!F104,"")) | G32: =IF(ISNUMBER($K32),IF(INDEX('Реестр'!$G$4:$G$103,$K32)="","",INDEX('Реестр'!$G$4:$G$103,$K32)),IF(ROW()=$K$3+6,"ЗАКАЗЧИК",IF(ROW()=$K$3+7,"Должн./ФИО:",IF(ROW()=$K$3+8,"Подпись:","")))) | H32: =IF(ISNUMBER($K32),IF(INDEX('Реестр'!$H$4:$H$103,$K32)="","",INDEX('Реестр'!$H$4:$H$103,$K32)),IF(ROW()=$K$3+7,"________________",IF(ROW()=$K$3+8,"________________",""))) | I32: =IF(ISNUMBER($K32),IF(INDEX('Реестр'!$I$4:$I$103,$K32)="","",INDEX('Реестр'!$I$4:$I$103,$K32)),IF(ROW()=$K$3+5,'Реестр'!I104,IF(ROW()=$K$3+8,"Дата:",""))) | J32: =IF(ISNUMBER($K32),IF(INDEX('Реестр'!$J$4:$J$103,$K32)="","",INDEX('Реестр'!$J$4:$J$103,$K32)),IF(ROW()=$K$3+8,"____________","")) | K32: =IFERROR(_xlfn.AGGREGATE(15,6,(ROW('Реестр'!$B$4:$B$103)-3)/((('Реестр'!$B$4:$B$103<>"")+('Реестр'!$C$4:$C$103<>"")+('Реестр'!$D$4:$D$103<>"")+('Реестр'!$E$4:$E$103<>"")+('Реестр'!$G$4:$G$103<>"")+('Реестр'!$H$4:$H$103<>"")+('Реестр'!$J$4:$J$103<>""))>0),ROWS($K$5:K32)),"")
A33: =IF(ISNUMBER($K33),$K33,"") | B33: =IF(ISNUMBER($K33),IF(INDEX('Реестр'!$B$4:$B$103,$K33)="","",INDEX('Реестр'!$B$4:$B$103,$K33)),IF(ROW()=$K$3+5,"ИТОГО",IF(ROW()=$K$3+6,"ПОДРЯДЧИК",IF(ROW()=$K$3+7,"Должн./ФИО:",IF(ROW()=$K$3+8,"Подпись:",""))))) | C33: =IF(ISNUMBER($K33),IF(INDEX('Реестр'!$C$4:$C$103,$K33)="","",INDEX('Реестр'!$C$4:$C$103,$K33)),IF(ROW()=$K$3+7,"________________",IF(ROW()=$K$3+8,"________________",""))) | D33: =IF(ISNUMBER($K33),IF(INDEX('Реестр'!$D$4:$D$103,$K33)="","",INDEX('Реестр'!$D$4:$D$103,$K33)),IF(ROW()=$K$3+8,"Дата:","")) | E33: =IF(ISNUMBER($K33),IF(INDEX('Реестр'!$E$4:$E$103,$K33)="","",INDEX('Реестр'!$E$4:$E$103,$K33)),IF(ROW()=$K$3+8,"____________","")) | F33: =IF(ISNUMBER($K33),IF(INDEX('Реестр'!$F$4:$F$103,$K33)="","",INDEX('Реестр'!$F$4:$F$103,$K33)),IF(ROW()=$K$3+5,'Реестр'!F104,"")) | G33: =IF(ISNUMBER($K33),IF(INDEX('Реестр'!$G$4:$G$103,$K33)="","",INDEX('Реестр'!$G$4:$G$103,$K33)),IF(ROW()=$K$3+6,"ЗАКАЗЧИК",IF(ROW()=$K$3+7,"Должн./ФИО:",IF(ROW()=$K$3+8,"Подпись:","")))) | H33: =IF(ISNUMBER($K33),IF(INDEX('Реестр'!$H$4:$H$103,$K33)="","",INDEX('Реестр'!$H$4:$H$103,$K33)),IF(ROW()=$K$3+7,"________________",IF(ROW()=$K$3+8,"________________",""))) | I33: =IF(ISNUMBER($K33),IF(INDEX('Реестр'!$I$4:$I$103,$K33)="","",INDEX('Реестр'!$I$4:$I$103,$K33)),IF(ROW()=$K$3+5,'Реестр'!I104,IF(ROW()=$K$3+8,"Дата:",""))) | J33: =IF(ISNUMBER($K33),IF(INDEX('Реестр'!$J$4:$J$103,$K33)="","",INDEX('Реестр'!$J$4:$J$103,$K33)),IF(ROW()=$K$3+8,"____________","")) | K33: =IFERROR(_xlfn.AGGREGATE(15,6,(ROW('Реестр'!$B$4:$B$103)-3)/((('Реестр'!$B$4:$B$103<>"")+('Реестр'!$C$4:$C$103<>"")+('Реестр'!$D$4:$D$103<>"")+('Реестр'!$E$4:$E$103<>"")+('Реестр'!$G$4:$G$103<>"")+('Реестр'!$H$4:$H$103<>"")+('Реестр'!$J$4:$J$103<>""))>0),ROWS($K$5:K33)),"")
A34: =IF(ISNUMBER($K34),$K34,"") | B34: =IF(ISNUMBER($K34),IF(INDEX('Реестр'!$B$4:$B$103,$K34)="","",INDEX('Реестр'!$B$4:$B$103,$K34)),IF(ROW()=$K$3+5,"ИТОГО",IF(ROW()=$K$3+6,"ПОДРЯДЧИК",IF(ROW()=$K$3+7,"Должн./ФИО:",IF(ROW()=$K$3+8,"Подпись:",""))))) | C34: =IF(ISNUMBER($K34),IF(INDEX('Реестр'!$C$4:$C$103,$K34)="","",INDEX('Реестр'!$C$4:$C$103,$K34)),IF(ROW()=$K$3+7,"________________",IF(ROW()=$K$3+8,"________________",""))) | D34: =IF(ISNUMBER($K34),IF(INDEX('Реестр'!$D$4:$D$103,$K34)="","",INDEX('Реестр'!$D$4:$D$103,$K34)),IF(ROW()=$K$3+8,"Дата:","")) | E34: =IF(ISNUMBER($K34),IF(INDEX('Реестр'!$E$4:$E$103,$K34)="","",INDEX('Реестр'!$E$4:$E$103,$K34)),IF(ROW()=$K$3+8,"____________","")) | F34: =IF(ISNUMBER($K34),IF(INDEX('Реестр'!$F$4:$F$103,$K34)="","",INDEX('Реестр'!$F$4:$F$103,$K34)),IF(ROW()=$K$3+5,'Реестр'!F104,"")) | G34: =IF(ISNUMBER($K34),IF(INDEX('Реестр'!$G$4:$G$103,$K34)="","",INDEX('Реестр'!$G$4:$G$103,$K34)),IF(ROW()=$K$3+6,"ЗАКАЗЧИК",IF(ROW()=$K$3+7,"Должн./ФИО:",IF(ROW()=$K$3+8,"Подпись:","")))) | H34: =IF(ISNUMBER($K34),IF(INDEX('Реестр'!$H$4:$H$103,$K34)="","",INDEX('Реестр'!$H$4:$H$103,$K34)),IF(ROW()=$K$3+7,"________________",IF(ROW()=$K$3+8,"________________",""))) | I34: =IF(ISNUMBER($K34),IF(INDEX('Реестр'!$I$4:$I$103,$K34)="","",INDEX('Реестр'!$I$4:$I$103,$K34)),IF(ROW()=$K$3+5,'Реестр'!I104,IF(ROW()=$K$3+8,"Дата:",""))) | J34: =IF(ISNUMBER($K34),IF(INDEX('Реестр'!$J$4:$J$103,$K34)="","",INDEX('Реестр'!$J$4:$J$103,$K34)),IF(ROW()=$K$3+8,"____________","")) | K34: =IFERROR(_xlfn.AGGREGATE(15,6,(ROW('Реестр'!$B$4:$B$103)-3)/((('Реестр'!$B$4:$B$103<>"")+('Реестр'!$C$4:$C$103<>"")+('Реестр'!$D$4:$D$103<>"")+('Реестр'!$E$4:$E$103<>"")+('Реестр'!$G$4:$G$103<>"")+('Реестр'!$H$4:$H$103<>"")+('Реестр'!$J$4:$J$103<>""))>0),ROWS($K$5:K34)),"")
A35: =IF(ISNUMBER($K35),$K35,"") | B35: =IF(ISNUMBER($K35),IF(INDEX('Реестр'!$B$4:$B$103,$K35)="","",INDEX('Реестр'!$B$4:$B$103,$K35)),IF(ROW()=$K$3+5,"ИТОГО",IF(ROW()=$K$3+6,"ПОДРЯДЧИК",IF(ROW()=$K$3+7,"Должн./ФИО:",IF(ROW()=$K$3+8,"Подпись:",""))))) | C35: =IF(ISNUMBER($K35),IF(INDEX('Реестр'!$C$4:$C$103,$K35)="","",INDEX('Реестр'!$C$4:$C$103,$K35)),IF(ROW()=$K$3+7,"________________",IF(ROW()=$K$3+8,"________________",""))) | D35: =IF(ISNUMBER($K35),IF(INDEX('Реестр'!$D$4:$D$103,$K35)="","",INDEX('Реестр'!$D$4:$D$103,$K35)),IF(ROW()=$K$3+8,"Дата:","")) | E35: =IF(ISNUMBER($K35),IF(INDEX('Реестр'!$E$4:$E$103,$K35)="","",INDEX('Реестр'!$E$4:$E$103,$K35)),IF(ROW()=$K$3+8,"____________","")) | F35: =IF(ISNUMBER($K35),IF(INDEX('Реестр'!$F$4:$F$103,$K35)="","",INDEX('Реестр'!$F$4:$F$103,$K35)),IF(ROW()=$K$3+5,'Реестр'!F104,"")) | G35: =IF(ISNUMBER($K35),IF(INDEX('Реестр'!$G$4:$G$103,$K35)="","",INDEX('Реестр'!$G$4:$G$103,$K35)),IF(ROW()=$K$3+6,"ЗАКАЗЧИК",IF(ROW()=$K$3+7,"Должн./ФИО:",IF(ROW()=$K$3+8,"Подпись:","")))) | H35: =IF(ISNUMBER($K35),IF(INDEX('Реестр'!$H$4:$H$103,$K35)="","",INDEX('Реестр'!$H$4:$H$103,$K35)),IF(ROW()=$K$3+7,"________________",IF(ROW()=$K$3+8,"________________",""))) | I35: =IF(ISNUMBER($K35),IF(INDEX('Реестр'!$I$4:$I$103,$K35)="","",INDEX('Реестр'!$I$4:$I$103,$K35)),IF(ROW()=$K$3+5,'Реестр'!I104,IF(ROW()=$K$3+8,"Дата:",""))) | J35: =IF(ISNUMBER($K35),IF(INDEX('Реестр'!$J$4:$J$103,$K35)="","",INDEX('Реестр'!$J$4:$J$103,$K35)),IF(ROW()=$K$3+8,"____________","")) | K35: =IFERROR(_xlfn.AGGREGATE(15,6,(ROW('Реестр'!$B$4:$B$103)-3)/((('Реестр'!$B$4:$B$103<>"")+('Реестр'!$C$4:$C$103<>"")+('Реестр'!$D$4:$D$103<>"")+('Реестр'!$E$4:$E$103<>"")+('Реестр'!$G$4:$G$103<>"")+('Реестр'!$H$4:$H$103<>"")+('Реестр'!$J$4:$J$103<>""))>0),ROWS($K$5:K35)),"")
A36: =IF(ISNUMBER($K36),$K36,"") | B36: =IF(ISNUMBER($K36),IF(INDEX('Реестр'!$B$4:$B$103,$K36)="","",INDEX('Реестр'!$B$4:$B$103,$K36)),IF(ROW()=$K$3+5,"ИТОГО",IF(ROW()=$K$3+6,"ПОДРЯДЧИК",IF(ROW()=$K$3+7,"Должн./ФИО:",IF(ROW()=$K$3+8,"Подпись:",""))))) | C36: =IF(ISNUMBER($K36),IF(INDEX('Реестр'!$C$4:$C$103,$K36)="","",INDEX('Реестр'!$C$4:$C$103,$K36)),IF(ROW()=$K$3+7,"________________",IF(ROW()=$K$3+8,"________________",""))) | D36: =IF(ISNUMBER($K36),IF(INDEX('Реестр'!$D$4:$D$103,$K36)="","",INDEX('Реестр'!$D$4:$D$103,$K36)),IF(ROW()=$K$3+8,"Дата:","")) | E36: =IF(ISNUMBER($K36),IF(INDEX('Реестр'!$E$4:$E$103,$K36)="","",INDEX('Реестр'!$E$4:$E$103,$K36)),IF(ROW()=$K$3+8,"____________","")) | F36: =IF(ISNUMBER($K36),IF(INDEX('Реестр'!$F$4:$F$103,$K36)="","",INDEX('Реестр'!$F$4:$F$103,$K36)),IF(ROW()=$K$3+5,'Реестр'!F104,"")) | G36: =IF(ISNUMBER($K36),IF(INDEX('Реестр'!$G$4:$G$103,$K36)="","",INDEX('Реестр'!$G$4:$G$103,$K36)),IF(ROW()=$K$3+6,"ЗАКАЗЧИК",IF(ROW()=$K$3+7,"Должн./ФИО:",IF(ROW()=$K$3+8,"Подпись:","")))) | H36: =IF(ISNUMBER($K36),IF(INDEX('Реестр'!$H$4:$H$103,$K36)="","",INDEX('Реестр'!$H$4:$H$103,$K36)),IF(ROW()=$K$3+7,"________________",IF(ROW()=$K$3+8,"________________",""))) | I36: =IF(ISNUMBER($K36),IF(INDEX('Реестр'!$I$4:$I$103,$K36)="","",INDEX('Реестр'!$I$4:$I$103,$K36)),IF(ROW()=$K$3+5,'Реестр'!I104,IF(ROW()=$K$3+8,"Дата:",""))) | J36: =IF(ISNUMBER($K36),IF(INDEX('Реестр'!$J$4:$J$103,$K36)="","",INDEX('Реестр'!$J$4:$J$103,$K36)),IF(ROW()=$K$3+8,"____________","")) | K36: =IFERROR(_xlfn.AGGREGATE(15,6,(ROW('Реестр'!$B$4:$B$103)-3)/((('Реестр'!$B$4:$B$103<>"")+('Реестр'!$C$4:$C$103<>"")+('Реестр'!$D$4:$D$103<>"")+('Реестр'!$E$4:$E$103<>"")+('Реестр'!$G$4:$G$103<>"")+('Реестр'!$H$4:$H$103<>"")+('Реестр'!$J$4:$J$103<>""))>0),ROWS($K$5:K36)),"")
A37: =IF(ISNUMBER($K37),$K37,"") | B37: =IF(ISNUMBER($K37),IF(INDEX('Реестр'!$B$4:$B$103,$K37)="","",INDEX('Реестр'!$B$4:$B$103,$K37)),IF(ROW()=$K$3+5,"ИТОГО",IF(ROW()=$K$3+6,"ПОДРЯДЧИК",IF(ROW()=$K$3+7,"Должн./ФИО:",IF(ROW()=$K$3+8,"Подпись:",""))))) | C37: =IF(ISNUMBER($K37),IF(INDEX('Реестр'!$C$4:$C$103,$K37)="","",INDEX('Реестр'!$C$4:$C$103,$K37)),IF(ROW()=$K$3+7,"________________",IF(ROW()=$K$3+8,"________________",""))) | D37: =IF(ISNUMBER($K37),IF(INDEX('Реестр'!$D$4:$D$103,$K37)="","",INDEX('Реестр'!$D$4:$D$103,$K37)),IF(ROW()=$K$3+8,"Дата:","")) | E37: =IF(ISNUMBER($K37),IF(INDEX('Реестр'!$E$4:$E$103,$K37)="","",INDEX('Реестр'!$E$4:$E$103,$K37)),IF(ROW()=$K$3+8,"____________","")) | F37: =IF(ISNUMBER($K37),IF(INDEX('Реестр'!$F$4:$F$103,$K37)="","",INDEX('Реестр'!$F$4:$F$103,$K37)),IF(ROW()=$K$3+5,'Реестр'!F104,"")) | G37: =IF(ISNUMBER($K37),IF(INDEX('Реестр'!$G$4:$G$103,$K37)="","",INDEX('Реестр'!$G$4:$G$103,$K37)),IF(ROW()=$K$3+6,"ЗАКАЗЧИК",IF(ROW()=$K$3+7,"Должн./ФИО:",IF(ROW()=$K$3+8,"Подпись:","")))) | H37: =IF(ISNUMBER($K37),IF(INDEX('Реестр'!$H$4:$H$103,$K37)="","",INDEX('Реестр'!$H$4:$H$103,$K37)),IF(ROW()=$K$3+7,"________________",IF(ROW()=$K$3+8,"________________",""))) | I37: =IF(ISNUMBER($K37),IF(INDEX('Реестр'!$I$4:$I$103,$K37)="","",INDEX('Реестр'!$I$4:$I$103,$K37)),IF(ROW()=$K$3+5,'Реестр'!I104,IF(ROW()=$K$3+8,"Дата:",""))) | J37: =IF(ISNUMBER($K37),IF(INDEX('Реестр'!$J$4:$J$103,$K37)="","",INDEX('Реестр'!$J$4:$J$103,$K37)),IF(ROW()=$K$3+8,"____________","")) | K37: =IFERROR(_xlfn.AGGREGATE(15,6,(ROW('Реестр'!$B$4:$B$103)-3)/((('Реестр'!$B$4:$B$103<>"")+('Реестр'!$C$4:$C$103<>"")+('Реестр'!$D$4:$D$103<>"")+('Реестр'!$E$4:$E$103<>"")+('Реестр'!$G$4:$G$103<>"")+('Реестр'!$H$4:$H$103<>"")+('Реестр'!$J$4:$J$103<>""))>0),ROWS($K$5:K37)),"")
A38: =IF(ISNUMBER($K38),$K38,"") | B38: =IF(ISNUMBER($K38),IF(INDEX('Реестр'!$B$4:$B$103,$K38)="","",INDEX('Реестр'!$B$4:$B$103,$K38)),IF(ROW()=$K$3+5,"ИТОГО",IF(ROW()=$K$3+6,"ПОДРЯДЧИК",IF(ROW()=$K$3+7,"Должн./ФИО:",IF(ROW()=$K$3+8,"Подпись:",""))))) | C38: =IF(ISNUMBER($K38),IF(INDEX('Реестр'!$C$4:$C$103,$K38)="","",INDEX('Реестр'!$C$4:$C$103,$K38)),IF(ROW()=$K$3+7,"________________",IF(ROW()=$K$3+8,"________________",""))) | D38: =IF(ISNUMBER($K38),IF(INDEX('Реестр'!$D$4:$D$103,$K38)="","",INDEX('Реестр'!$D$4:$D$103,$K38)),IF(ROW()=$K$3+8,"Дата:","")) | E38: =IF(ISNUMBER($K38),IF(INDEX('Реестр'!$E$4:$E$103,$K38)="","",INDEX('Реестр'!$E$4:$E$103,$K38)),IF(ROW()=$K$3+8,"____________","")) | F38: =IF(ISNUMBER($K38),IF(INDEX('Реестр'!$F$4:$F$103,$K38)="","",INDEX('Реестр'!$F$4:$F$103,$K38)),IF(ROW()=$K$3+5,'Реестр'!F104,"")) | G38: =IF(ISNUMBER($K38),IF(INDEX('Реестр'!$G$4:$G$103,$K38)="","",INDEX('Реестр'!$G$4:$G$103,$K38)),IF(ROW()=$K$3+6,"ЗАКАЗЧИК",IF(ROW()=$K$3+7,"Должн./ФИО:",IF(ROW()=$K$3+8,"Подпись:","")))) | H38: =IF(ISNUMBER($K38),IF(INDEX('Реестр'!$H$4:$H$103,$K38)="","",INDEX('Реестр'!$H$4:$H$103,$K38)),IF(ROW()=$K$3+7,"________________",IF(ROW()=$K$3+8,"________________",""))) | I38: =IF(ISNUMBER($K38),IF(INDEX('Реестр'!$I$4:$I$103,$K38)="","",INDEX('Реестр'!$I$4:$I$103,$K38)),IF(ROW()=$K$3+5,'Реестр'!I104,IF(ROW()=$K$3+8,"Дата:",""))) | J38: =IF(ISNUMBER($K38),IF(INDEX('Реестр'!$J$4:$J$103,$K38)="","",INDEX('Реестр'!$J$4:$J$103,$K38)),IF(ROW()=$K$3+8,"____________","")) | K38: =IFERROR(_xlfn.AGGREGATE(15,6,(ROW('Реестр'!$B$4:$B$103)-3)/((('Реестр'!$B$4:$B$103<>"")+('Реестр'!$C$4:$C$103<>"")+('Реестр'!$D$4:$D$103<>"")+('Реестр'!$E$4:$E$103<>"")+('Реестр'!$G$4:$G$103<>"")+('Реестр'!$H$4:$H$103<>"")+('Реестр'!$J$4:$J$103<>""))>0),ROWS($K$5:K38)),"")
A39: =IF(ISNUMBER($K39),$K39,"") | B39: =IF(ISNUMBER($K39),IF(INDEX('Реестр'!$B$4:$B$103,$K39)="","",INDEX('Реестр'!$B$4:$B$103,$K39)),IF(ROW()=$K$3+5,"ИТОГО",IF(ROW()=$K$3+6,"ПОДРЯДЧИК",IF(ROW()=$K$3+7,"Должн./ФИО:",IF(ROW()=$K$3+8,"Подпись:",""))))) | C39: =IF(ISNUMBER($K39),IF(INDEX('Реестр'!$C$4:$C$103,$K39)="","",INDEX('Реестр'!$C$4:$C$103,$K39)),IF(ROW()=$K$3+7,"________________",IF(ROW()=$K$3+8,"________________",""))) | D39: =IF(ISNUMBER($K39),IF(INDEX('Реестр'!$D$4:$D$103,$K39)="","",INDEX('Реестр'!$D$4:$D$103,$K39)),IF(ROW()=$K$3+8,"Дата:","")) | E39: =IF(ISNUMBER($K39),IF(INDEX('Реестр'!$E$4:$E$103,$K39)="","",INDEX('Реестр'!$E$4:$E$103,$K39)),IF(ROW()=$K$3+8,"____________","")) | F39: =IF(ISNUMBER($K39),IF(INDEX('Реестр'!$F$4:$F$103,$K39)="","",INDEX('Реестр'!$F$4:$F$103,$K39)),IF(ROW()=$K$3+5,'Реестр'!F104,"")) | G39: =IF(ISNUMBER($K39),IF(INDEX('Реестр'!$G$4:$G$103,$K39)="","",INDEX('Реестр'!$G$4:$G$103,$K39)),IF(ROW()=$K$3+6,"ЗАКАЗЧИК",IF(ROW()=$K$3+7,"Должн./ФИО:",IF(ROW()=$K$3+8,"Подпись:","")))) | H39: =IF(ISNUMBER($K39),IF(INDEX('Реестр'!$H$4:$H$103,$K39)="","",INDEX('Реестр'!$H$4:$H$103,$K39)),IF(ROW()=$K$3+7,"________________",IF(ROW()=$K$3+8,"________________",""))) | I39: =IF(ISNUMBER($K39),IF(INDEX('Реестр'!$I$4:$I$103,$K39)="","",INDEX('Реестр'!$I$4:$I$103,$K39)),IF(ROW()=$K$3+5,'Реестр'!I104,IF(ROW()=$K$3+8,"Дата:",""))) | J39: =IF(ISNUMBER($K39),IF(INDEX('Реестр'!$J$4:$J$103,$K39)="","",INDEX('Реестр'!$J$4:$J$103,$K39)),IF(ROW()=$K$3+8,"____________","")) | K39: =IFERROR(_xlfn.AGGREGATE(15,6,(ROW('Реестр'!$B$4:$B$103)-3)/((('Реестр'!$B$4:$B$103<>"")+('Реестр'!$C$4:$C$103<>"")+('Реестр'!$D$4:$D$103<>"")+('Реестр'!$E$4:$E$103<>"")+('Реестр'!$G$4:$G$103<>"")+('Реестр'!$H$4:$H$103<>"")+('Реестр'!$J$4:$J$103<>""))>0),ROWS($K$5:K39)),"")
A40: =IF(ISNUMBER($K40),$K40,"") | B40: =IF(ISNUMBER($K40),IF(INDEX('Реестр'!$B$4:$B$103,$K40)="","",INDEX('Реестр'!$B$4:$B$103,$K40)),IF(ROW()=$K$3+5,"ИТОГО",IF(ROW()=$K$3+6,"ПОДРЯДЧИК",IF(ROW()=$K$3+7,"Должн./ФИО:",IF(ROW()=$K$3+8,"Подпись:",""))))) | C40: =IF(ISNUMBER($K40),IF(INDEX('Реестр'!$C$4:$C$103,$K40)="","",INDEX('Реестр'!$C$4:$C$103,$K40)),IF(ROW()=$K$3+7,"________________",IF(ROW()=$K$3+8,"________________",""))) | D40: =IF(ISNUMBER($K40),IF(INDEX('Реестр'!$D$4:$D$103,$K40)="","",INDEX('Реестр'!$D$4:$D$103,$K40)),IF(ROW()=$K$3+8,"Дата:","")) | E40: =IF(ISNUMBER($K40),IF(INDEX('Реестр'!$E$4:$E$103,$K40)="","",INDEX('Реестр'!$E$4:$E$103,$K40)),IF(ROW()=$K$3+8,"____________","")) | F40: =IF(ISNUMBER($K40),IF(INDEX('Реестр'!$F$4:$F$103,$K40)="","",INDEX('Реестр'!$F$4:$F$103,$K40)),IF(ROW()=$K$3+5,'Реестр'!F104,"")) | G40: =IF(ISNUMBER($K40),IF(INDEX('Реестр'!$G$4:$G$103,$K40)="","",INDEX('Реестр'!$G$4:$G$103,$K40)),IF(ROW()=$K$3+6,"ЗАКАЗЧИК",IF(ROW()=$K$3+7,"Должн./ФИО:",IF(ROW()=$K$3+8,"Подпись:","")))) | H40: =IF(ISNUMBER($K40),IF(INDEX('Реестр'!$H$4:$H$103,$K40)="","",INDEX('Реестр'!$H$4:$H$103,$K40)),IF(ROW()=$K$3+7,"________________",IF(ROW()=$K$3+8,"________________",""))) | I40: =IF(ISNUMBER($K40),IF(INDEX('Реестр'!$I$4:$I$103,$K40)="","",INDEX('Реестр'!$I$4:$I$103,$K40)),IF(ROW()=$K$3+5,'Реестр'!I104,IF(ROW()=$K$3+8,"Дата:",""))) | J40: =IF(ISNUMBER($K40),IF(INDEX('Реестр'!$J$4:$J$103,$K40)="","",INDEX('Реестр'!$J$4:$J$103,$K40)),IF(ROW()=$K$3+8,"____________","")) | K40: =IFERROR(_xlfn.AGGREGATE(15,6,(ROW('Реестр'!$B$4:$B$103)-3)/((('Реестр'!$B$4:$B$103<>"")+('Реестр'!$C$4:$C$103<>"")+('Реестр'!$D$4:$D$103<>"")+('Реестр'!$E$4:$E$103<>"")+('Реестр'!$G$4:$G$103<>"")+('Реестр'!$H$4:$H$103<>"")+('Реестр'!$J$4:$J$103<>""))>0),ROWS($K$5:K40)),"")
A41: =IF(ISNUMBER($K41),$K41,"") | B41: =IF(ISNUMBER($K41),IF(INDEX('Реестр'!$B$4:$B$103,$K41)="","",INDEX('Реестр'!$B$4:$B$103,$K41)),IF(ROW()=$K$3+5,"ИТОГО",IF(ROW()=$K$3+6,"ПОДРЯДЧИК",IF(ROW()=$K$3+7,"Должн./ФИО:",IF(ROW()=$K$3+8,"Подпись:",""))))) | C41: =IF(ISNUMBER($K41),IF(INDEX('Реестр'!$C$4:$C$103,$K41)="","",INDEX('Реестр'!$C$4:$C$103,$K41)),IF(ROW()=$K$3+7,"________________",IF(ROW()=$K$3+8,"________________",""))) | D41: =IF(ISNUMBER($K41),IF(INDEX('Реестр'!$D$4:$D$103,$K41)="","",INDEX('Реестр'!$D$4:$D$103,$K41)),IF(ROW()=$K$3+8,"Дата:","")) | E41: =IF(ISNUMBER($K41),IF(INDEX('Реестр'!$E$4:$E$103,$K41)="","",INDEX('Реестр'!$E$4:$E$103,$K41)),IF(ROW()=$K$3+8,"____________","")) | F41: =IF(ISNUMBER($K41),IF(INDEX('Реестр'!$F$4:$F$103,$K41)="","",INDEX('Реестр'!$F$4:$F$103,$K41)),IF(ROW()=$K$3+5,'Реестр'!F104,"")) | G41: =IF(ISNUMBER($K41),IF(INDEX('Реестр'!$G$4:$G$103,$K41)="","",INDEX('Реестр'!$G$4:$G$103,$K41)),IF(ROW()=$K$3+6,"ЗАКАЗЧИК",IF(ROW()=$K$3+7,"Должн./ФИО:",IF(ROW()=$K$3+8,"Подпись:","")))) | H41: =IF(ISNUMBER($K41),IF(INDEX('Реестр'!$H$4:$H$103,$K41)="","",INDEX('Реестр'!$H$4:$H$103,$K41)),IF(ROW()=$K$3+7,"________________",IF(ROW()=$K$3+8,"________________",""))) | I41: =IF(ISNUMBER($K41),IF(INDEX('Реестр'!$I$4:$I$103,$K41)="","",INDEX('Реестр'!$I$4:$I$103,$K41)),IF(ROW()=$K$3+5,'Реестр'!I104,IF(ROW()=$K$3+8,"Дата:",""))) | J41: =IF(ISNUMBER($K41),IF(INDEX('Реестр'!$J$4:$J$103,$K41)="","",INDEX('Реестр'!$J$4:$J$103,$K41)),IF(ROW()=$K$3+8,"____________","")) | K41: =IFERROR(_xlfn.AGGREGATE(15,6,(ROW('Реестр'!$B$4:$B$103)-3)/((('Реестр'!$B$4:$B$103<>"")+('Реестр'!$C$4:$C$103<>"")+('Реестр'!$D$4:$D$103<>"")+('Реестр'!$E$4:$E$103<>"")+('Реестр'!$G$4:$G$103<>"")+('Реестр'!$H$4:$H$103<>"")+('Реестр'!$J$4:$J$103<>""))>0),ROWS($K$5:K41)),"")
A42: =IF(ISNUMBER($K42),$K42,"") | B42: =IF(ISNUMBER($K42),IF(INDEX('Реестр'!$B$4:$B$103,$K42)="","",INDEX('Реестр'!$B$4:$B$103,$K42)),IF(ROW()=$K$3+5,"ИТОГО",IF(ROW()=$K$3+6,"ПОДРЯДЧИК",IF(ROW()=$K$3+7,"Должн./ФИО:",IF(ROW()=$K$3+8,"Подпись:",""))))) | C42: =IF(ISNUMBER($K42),IF(INDEX('Реестр'!$C$4:$C$103,$K42)="","",INDEX('Реестр'!$C$4:$C$103,$K42)),IF(ROW()=$K$3+7,"________________",IF(ROW()=$K$3+8,"________________",""))) | D42: =IF(ISNUMBER($K42),IF(INDEX('Реестр'!$D$4:$D$103,$K42)="","",INDEX('Реестр'!$D$4:$D$103,$K42)),IF(ROW()=$K$3+8,"Дата:","")) | E42: =IF(ISNUMBER($K42),IF(INDEX('Реестр'!$E$4:$E$103,$K42)="","",INDEX('Реестр'!$E$4:$E$103,$K42)),IF(ROW()=$K$3+8,"____________","")) | F42: =IF(ISNUMBER($K42),IF(INDEX('Реестр'!$F$4:$F$103,$K42)="","",INDEX('Реестр'!$F$4:$F$103,$K42)),IF(ROW()=$K$3+5,'Реестр'!F104,"")) | G42: =IF(ISNUMBER($K42),IF(INDEX('Реестр'!$G$4:$G$103,$K42)="","",INDEX('Реестр'!$G$4:$G$103,$K42)),IF(ROW()=$K$3+6,"ЗАКАЗЧИК",IF(ROW()=$K$3+7,"Должн./ФИО:",IF(ROW()=$K$3+8,"Подпись:","")))) | H42: =IF(ISNUMBER($K42),IF(INDEX('Реестр'!$H$4:$H$103,$K42)="","",INDEX('Реестр'!$H$4:$H$103,$K42)),IF(ROW()=$K$3+7,"________________",IF(ROW()=$K$3+8,"________________",""))) | I42: =IF(ISNUMBER($K42),IF(INDEX('Реестр'!$I$4:$I$103,$K42)="","",INDEX('Реестр'!$I$4:$I$103,$K42)),IF(ROW()=$K$3+5,'Реестр'!I104,IF(ROW()=$K$3+8,"Дата:",""))) | J42: =IF(ISNUMBER($K42),IF(INDEX('Реестр'!$J$4:$J$103,$K42)="","",INDEX('Реестр'!$J$4:$J$103,$K42)),IF(ROW()=$K$3+8,"____________","")) | K42: =IFERROR(_xlfn.AGGREGATE(15,6,(ROW('Реестр'!$B$4:$B$103)-3)/((('Реестр'!$B$4:$B$103<>"")+('Реестр'!$C$4:$C$103<>"")+('Реестр'!$D$4:$D$103<>"")+('Реестр'!$E$4:$E$103<>"")+('Реестр'!$G$4:$G$103<>"")+('Реестр'!$H$4:$H$103<>"")+('Реестр'!$J$4:$J$103<>""))>0),ROWS($K$5:K42)),"")
A43: =IF(ISNUMBER($K43),$K43,"") | B43: =IF(ISNUMBER($K43),IF(INDEX('Реестр'!$B$4:$B$103,$K43)="","",INDEX('Реестр'!$B$4:$B$103,$K43)),IF(ROW()=$K$3+5,"ИТОГО",IF(ROW()=$K$3+6,"ПОДРЯДЧИК",IF(ROW()=$K$3+7,"Должн./ФИО:",IF(ROW()=$K$3+8,"Подпись:",""))))) | C43: =IF(ISNUMBER($K43),IF(INDEX('Реестр'!$C$4:$C$103,$K43)="","",INDEX('Реестр'!$C$4:$C$103,$K43)),IF(ROW()=$K$3+7,"________________",IF(ROW()=$K$3+8,"________________",""))) | D43: =IF(ISNUMBER($K43),IF(INDEX('Реестр'!$D$4:$D$103,$K43)="","",INDEX('Реестр'!$D$4:$D$103,$K43)),IF(ROW()=$K$3+8,"Дата:","")) | E43: =IF(ISNUMBER($K43),IF(INDEX('Реестр'!$E$4:$E$103,$K43)="","",INDEX('Реестр'!$E$4:$E$103,$K43)),IF(ROW()=$K$3+8,"____________","")) | F43: =IF(ISNUMBER($K43),IF(INDEX('Реестр'!$F$4:$F$103,$K43)="","",INDEX('Реестр'!$F$4:$F$103,$K43)),IF(ROW()=$K$3+5,'Реестр'!F104,"")) | G43: =IF(ISNUMBER($K43),IF(INDEX('Реестр'!$G$4:$G$103,$K43)="","",INDEX('Реестр'!$G$4:$G$103,$K43)),IF(ROW()=$K$3+6,"ЗАКАЗЧИК",IF(ROW()=$K$3+7,"Должн./ФИО:",IF(ROW()=$K$3+8,"Подпись:","")))) | H43: =IF(ISNUMBER($K43),IF(INDEX('Реестр'!$H$4:$H$103,$K43)="","",INDEX('Реестр'!$H$4:$H$103,$K43)),IF(ROW()=$K$3+7,"________________",IF(ROW()=$K$3+8,"________________",""))) | I43: =IF(ISNUMBER($K43),IF(INDEX('Реестр'!$I$4:$I$103,$K43)="","",INDEX('Реестр'!$I$4:$I$103,$K43)),IF(ROW()=$K$3+5,'Реестр'!I104,IF(ROW()=$K$3+8,"Дата:",""))) | J43: =IF(ISNUMBER($K43),IF(INDEX('Реестр'!$J$4:$J$103,$K43)="","",INDEX('Реестр'!$J$4:$J$103,$K43)),IF(ROW()=$K$3+8,"____________","")) | K43: =IFERROR(_xlfn.AGGREGATE(15,6,(ROW('Реестр'!$B$4:$B$103)-3)/((('Реестр'!$B$4:$B$103<>"")+('Реестр'!$C$4:$C$103<>"")+('Реестр'!$D$4:$D$103<>"")+('Реестр'!$E$4:$E$103<>"")+('Реестр'!$G$4:$G$103<>"")+('Реестр'!$H$4:$H$103<>"")+('Реестр'!$J$4:$J$103<>""))>0),ROWS($K$5:K43)),"")
A44: =IF(ISNUMBER($K44),$K44,"") | B44: =IF(ISNUMBER($K44),IF(INDEX('Реестр'!$B$4:$B$103,$K44)="","",INDEX('Реестр'!$B$4:$B$103,$K44)),IF(ROW()=$K$3+5,"ИТОГО",IF(ROW()=$K$3+6,"ПОДРЯДЧИК",IF(ROW()=$K$3+7,"Должн./ФИО:",IF(ROW()=$K$3+8,"Подпись:",""))))) | C44: =IF(ISNUMBER($K44),IF(INDEX('Реестр'!$C$4:$C$103,$K44)="","",INDEX('Реестр'!$C$4:$C$103,$K44)),IF(ROW()=$K$3+7,"________________",IF(ROW()=$K$3+8,"________________",""))) | D44: =IF(ISNUMBER($K44),IF(INDEX('Реестр'!$D$4:$D$103,$K44)="","",INDEX('Реестр'!$D$4:$D$103,$K44)),IF(ROW()=$K$3+8,"Дата:","")) | E44: =IF(ISNUMBER($K44),IF(INDEX('Реестр'!$E$4:$E$103,$K44)="","",INDEX('Реестр'!$E$4:$E$103,$K44)),IF(ROW()=$K$3+8,"____________","")) | F44: =IF(ISNUMBER($K44),IF(INDEX('Реестр'!$F$4:$F$103,$K44)="","",INDEX('Реестр'!$F$4:$F$103,$K44)),IF(ROW()=$K$3+5,'Реестр'!F104,"")) | G44: =IF(ISNUMBER($K44),IF(INDEX('Реестр'!$G$4:$G$103,$K44)="","",INDEX('Реестр'!$G$4:$G$103,$K44)),IF(ROW()=$K$3+6,"ЗАКАЗЧИК",IF(ROW()=$K$3+7,"Должн./ФИО:",IF(ROW()=$K$3+8,"Подпись:","")))) | H44: =IF(ISNUMBER($K44),IF(INDEX('Реестр'!$H$4:$H$103,$K44)="","",INDEX('Реестр'!$H$4:$H$103,$K44)),IF(ROW()=$K$3+7,"________________",IF(ROW()=$K$3+8,"________________",""))) | I44: =IF(ISNUMBER($K44),IF(INDEX('Реестр'!$I$4:$I$103,$K44)="","",INDEX('Реестр'!$I$4:$I$103,$K44)),IF(ROW()=$K$3+5,'Реестр'!I104,IF(ROW()=$K$3+8,"Дата:",""))) | J44: =IF(ISNUMBER($K44),IF(INDEX('Реестр'!$J$4:$J$103,$K44)="","",INDEX('Реестр'!$J$4:$J$103,$K44)),IF(ROW()=$K$3+8,"____________","")) | K44: =IFERROR(_xlfn.AGGREGATE(15,6,(ROW('Реестр'!$B$4:$B$103)-3)/((('Реестр'!$B$4:$B$103<>"")+('Реестр'!$C$4:$C$103<>"")+('Реестр'!$D$4:$D$103<>"")+('Реестр'!$E$4:$E$103<>"")+('Реестр'!$G$4:$G$103<>"")+('Реестр'!$H$4:$H$103<>"")+('Реестр'!$J$4:$J$103<>""))>0),ROWS($K$5:K44)),"")
A45: =IF(ISNUMBER($K45),$K45,"") | B45: =IF(ISNUMBER($K45),IF(INDEX('Реестр'!$B$4:$B$103,$K45)="","",INDEX('Реестр'!$B$4:$B$103,$K45)),IF(ROW()=$K$3+5,"ИТОГО",IF(ROW()=$K$3+6,"ПОДРЯДЧИК",IF(ROW()=$K$3+7,"Должн./ФИО:",IF(ROW()=$K$3+8,"Подпись:",""))))) | C45: =IF(ISNUMBER($K45),IF(INDEX('Реестр'!$C$4:$C$103,$K45)="","",INDEX('Реестр'!$C$4:$C$103,$K45)),IF(ROW()=$K$3+7,"________________",IF(ROW()=$K$3+8,"________________",""))) | D45: =IF(ISNUMBER($K45),IF(INDEX('Реестр'!$D$4:$D$103,$K45)="","",INDEX('Реестр'!$D$4:$D$103,$K45)),IF(ROW()=$K$3+8,"Дата:","")) | E45: =IF(ISNUMBER($K45),IF(INDEX('Реестр'!$E$4:$E$103,$K45)="","",INDEX('Реестр'!$E$4:$E$103,$K45)),IF(ROW()=$K$3+8,"____________","")) | F45: =IF(ISNUMBER($K45),IF(INDEX('Реестр'!$F$4:$F$103,$K45)="","",INDEX('Реестр'!$F$4:$F$103,$K45)),IF(ROW()=$K$3+5,'Реестр'!F104,"")) | G45: =IF(ISNUMBER($K45),IF(INDEX('Реестр'!$G$4:$G$103,$K45)="","",INDEX('Реестр'!$G$4:$G$103,$K45)),IF(ROW()=$K$3+6,"ЗАКАЗЧИК",IF(ROW()=$K$3+7,"Должн./ФИО:",IF(ROW()=$K$3+8,"Подпись:","")))) | H45: =IF(ISNUMBER($K45),IF(INDEX('Реестр'!$H$4:$H$103,$K45)="","",INDEX('Реестр'!$H$4:$H$103,$K45)),IF(ROW()=$K$3+7,"________________",IF(ROW()=$K$3+8,"________________",""))) | I45: =IF(ISNUMBER($K45),IF(INDEX('Реестр'!$I$4:$I$103,$K45)="","",INDEX('Реестр'!$I$4:$I$103,$K45)),IF(ROW()=$K$3+5,'Реестр'!I104,IF(ROW()=$K$3+8,"Дата:",""))) | J45: =IF(ISNUMBER($K45),IF(INDEX('Реестр'!$J$4:$J$103,$K45)="","",INDEX('Реестр'!$J$4:$J$103,$K45)),IF(ROW()=$K$3+8,"____________","")) | K45: =IFERROR(_xlfn.AGGREGATE(15,6,(ROW('Реестр'!$B$4:$B$103)-3)/((('Реестр'!$B$4:$B$103<>"")+('Реестр'!$C$4:$C$103<>"")+('Реестр'!$D$4:$D$103<>"")+('Реестр'!$E$4:$E$103<>"")+('Реестр'!$G$4:$G$103<>"")+('Реестр'!$H$4:$H$103<>"")+('Реестр'!$J$4:$J$103<>""))>0),ROWS($K$5:K45)),"")
A46: =IF(ISNUMBER($K46),$K46,"") | B46: =IF(ISNUMBER($K46),IF(INDEX('Реестр'!$B$4:$B$103,$K46)="","",INDEX('Реестр'!$B$4:$B$103,$K46)),IF(ROW()=$K$3+5,"ИТОГО",IF(ROW()=$K$3+6,"ПОДРЯДЧИК",IF(ROW()=$K$3+7,"Должн./ФИО:",IF(ROW()=$K$3+8,"Подпись:",""))))) | C46: =IF(ISNUMBER($K46),IF(INDEX('Реестр'!$C$4:$C$103,$K46)="","",INDEX('Реестр'!$C$4:$C$103,$K46)),IF(ROW()=$K$3+7,"________________",IF(ROW()=$K$3+8,"________________",""))) | D46: =IF(ISNUMBER($K46),IF(INDEX('Реестр'!$D$4:$D$103,$K46)="","",INDEX('Реестр'!$D$4:$D$103,$K46)),IF(ROW()=$K$3+8,"Дата:","")) | E46: =IF(ISNUMBER($K46),IF(INDEX('Реестр'!$E$4:$E$103,$K46)="","",INDEX('Реестр'!$E$4:$E$103,$K46)),IF(ROW()=$K$3+8,"____________","")) | F46: =IF(ISNUMBER($K46),IF(INDEX('Реестр'!$F$4:$F$103,$K46)="","",INDEX('Реестр'!$F$4:$F$103,$K46)),IF(ROW()=$K$3+5,'Реестр'!F104,"")) | G46: =IF(ISNUMBER($K46),IF(INDEX('Реестр'!$G$4:$G$103,$K46)="","",INDEX('Реестр'!$G$4:$G$103,$K46)),IF(ROW()=$K$3+6,"ЗАКАЗЧИК",IF(ROW()=$K$3+7,"Должн./ФИО:",IF(ROW()=$K$3+8,"Подпись:","")))) | H46: =IF(ISNUMBER($K46),IF(INDEX('Реестр'!$H$4:$H$103,$K46)="","",INDEX('Реестр'!$H$4:$H$103,$K46)),IF(ROW()=$K$3+7,"________________",IF(ROW()=$K$3+8,"________________",""))) | I46: =IF(ISNUMBER($K46),IF(INDEX('Реестр'!$I$4:$I$103,$K46)="","",INDEX('Реестр'!$I$4:$I$103,$K46)),IF(ROW()=$K$3+5,'Реестр'!I104,IF(ROW()=$K$3+8,"Дата:",""))) | J46: =IF(ISNUMBER($K46),IF(INDEX('Реестр'!$J$4:$J$103,$K46)="","",INDEX('Реестр'!$J$4:$J$103,$K46)),IF(ROW()=$K$3+8,"____________","")) | K46: =IFERROR(_xlfn.AGGREGATE(15,6,(ROW('Реестр'!$B$4:$B$103)-3)/((('Реестр'!$B$4:$B$103<>"")+('Реестр'!$C$4:$C$103<>"")+('Реестр'!$D$4:$D$103<>"")+('Реестр'!$E$4:$E$103<>"")+('Реестр'!$G$4:$G$103<>"")+('Реестр'!$H$4:$H$103<>"")+('Реестр'!$J$4:$J$103<>""))>0),ROWS($K$5:K46)),"")
A47: =IF(ISNUMBER($K47),$K47,"") | B47: =IF(ISNUMBER($K47),IF(INDEX('Реестр'!$B$4:$B$103,$K47)="","",INDEX('Реестр'!$B$4:$B$103,$K47)),IF(ROW()=$K$3+5,"ИТОГО",IF(ROW()=$K$3+6,"ПОДРЯДЧИК",IF(ROW()=$K$3+7,"Должн./ФИО:",IF(ROW()=$K$3+8,"Подпись:",""))))) | C47: =IF(ISNUMBER($K47),IF(INDEX('Реестр'!$C$4:$C$103,$K47)="","",INDEX('Реестр'!$C$4:$C$103,$K47)),IF(ROW()=$K$3+7,"________________",IF(ROW()=$K$3+8,"________________",""))) | D47: =IF(ISNUMBER($K47),IF(INDEX('Реестр'!$D$4:$D$103,$K47)="","",INDEX('Реестр'!$D$4:$D$103,$K47)),IF(ROW()=$K$3+8,"Дата:","")) | E47: =IF(ISNUMBER($K47),IF(INDEX('Реестр'!$E$4:$E$103,$K47)="","",INDEX('Реестр'!$E$4:$E$103,$K47)),IF(ROW()=$K$3+8,"____________","")) | F47: =IF(ISNUMBER($K47),IF(INDEX('Реестр'!$F$4:$F$103,$K47)="","",INDEX('Реестр'!$F$4:$F$103,$K47)),IF(ROW()=$K$3+5,'Реестр'!F104,"")) | G47: =IF(ISNUMBER($K47),IF(INDEX('Реестр'!$G$4:$G$103,$K47)="","",INDEX('Реестр'!$G$4:$G$103,$K47)),IF(ROW()=$K$3+6,"ЗАКАЗЧИК",IF(ROW()=$K$3+7,"Должн./ФИО:",IF(ROW()=$K$3+8,"Подпись:","")))) | H47: =IF(ISNUMBER($K47),IF(INDEX('Реестр'!$H$4:$H$103,$K47)="","",INDEX('Реестр'!$H$4:$H$103,$K47)),IF(ROW()=$K$3+7,"________________",IF(ROW()=$K$3+8,"________________",""))) | I47: =IF(ISNUMBER($K47),IF(INDEX('Реестр'!$I$4:$I$103,$K47)="","",INDEX('Реестр'!$I$4:$I$103,$K47)),IF(ROW()=$K$3+5,'Реестр'!I104,IF(ROW()=$K$3+8,"Дата:",""))) | J47: =IF(ISNUMBER($K47),IF(INDEX('Реестр'!$J$4:$J$103,$K47)="","",INDEX('Реестр'!$J$4:$J$103,$K47)),IF(ROW()=$K$3+8,"____________","")) | K47: =IFERROR(_xlfn.AGGREGATE(15,6,(ROW('Реестр'!$B$4:$B$103)-3)/((('Реестр'!$B$4:$B$103<>"")+('Реестр'!$C$4:$C$103<>"")+('Реестр'!$D$4:$D$103<>"")+('Реестр'!$E$4:$E$103<>"")+('Реестр'!$G$4:$G$103<>"")+('Реестр'!$H$4:$H$103<>"")+('Реестр'!$J$4:$J$103<>""))>0),ROWS($K$5:K47)),"")
A48: =IF(ISNUMBER($K48),$K48,"") | B48: =IF(ISNUMBER($K48),IF(INDEX('Реестр'!$B$4:$B$103,$K48)="","",INDEX('Реестр'!$B$4:$B$103,$K48)),IF(ROW()=$K$3+5,"ИТОГО",IF(ROW()=$K$3+6,"ПОДРЯДЧИК",IF(ROW()=$K$3+7,"Должн./ФИО:",IF(ROW()=$K$3+8,"Подпись:",""))))) | C48: =IF(ISNUMBER($K48),IF(INDEX('Реестр'!$C$4:$C$103,$K48)="","",INDEX('Реестр'!$C$4:$C$103,$K48)),IF(ROW()=$K$3+7,"________________",IF(ROW()=$K$3+8,"________________",""))) | D48: =IF(ISNUMBER($K48),IF(INDEX('Реестр'!$D$4:$D$103,$K48)="","",INDEX('Реестр'!$D$4:$D$103,$K48)),IF(ROW()=$K$3+8,"Дата:","")) | E48: =IF(ISNUMBER($K48),IF(INDEX('Реестр'!$E$4:$E$103,$K48)="","",INDEX('Реестр'!$E$4:$E$103,$K48)),IF(ROW()=$K$3+8,"____________","")) | F48: =IF(ISNUMBER($K48),IF(INDEX('Реестр'!$F$4:$F$103,$K48)="","",INDEX('Реестр'!$F$4:$F$103,$K48)),IF(ROW()=$K$3+5,'Реестр'!F104,"")) | G48: =IF(ISNUMBER($K48),IF(INDEX('Реестр'!$G$4:$G$103,$K48)="","",INDEX('Реестр'!$G$4:$G$103,$K48)),IF(ROW()=$K$3+6,"ЗАКАЗЧИК",IF(ROW()=$K$3+7,"Должн./ФИО:",IF(ROW()=$K$3+8,"Подпись:","")))) | H48: =IF(ISNUMBER($K48),IF(INDEX('Реестр'!$H$4:$H$103,$K48)="","",INDEX('Реестр'!$H$4:$H$103,$K48)),IF(ROW()=$K$3+7,"________________",IF(ROW()=$K$3+8,"________________",""))) | I48: =IF(ISNUMBER($K48),IF(INDEX('Реестр'!$I$4:$I$103,$K48)="","",INDEX('Реестр'!$I$4:$I$103,$K48)),IF(ROW()=$K$3+5,'Реестр'!I104,IF(ROW()=$K$3+8,"Дата:",""))) | J48: =IF(ISNUMBER($K48),IF(INDEX('Реестр'!$J$4:$J$103,$K48)="","",INDEX('Реестр'!$J$4:$J$103,$K48)),IF(ROW()=$K$3+8,"____________","")) | K48: =IFERROR(_xlfn.AGGREGATE(15,6,(ROW('Реестр'!$B$4:$B$103)-3)/((('Реестр'!$B$4:$B$103<>"")+('Реестр'!$C$4:$C$103<>"")+('Реестр'!$D$4:$D$103<>"")+('Реестр'!$E$4:$E$103<>"")+('Реестр'!$G$4:$G$103<>"")+('Реестр'!$H$4:$H$103<>"")+('Реестр'!$J$4:$J$103<>""))>0),ROWS($K$5:K48)),"")
A49: =IF(ISNUMBER($K49),$K49,"") | B49: =IF(ISNUMBER($K49),IF(INDEX('Реестр'!$B$4:$B$103,$K49)="","",INDEX('Реестр'!$B$4:$B$103,$K49)),IF(ROW()=$K$3+5,"ИТОГО",IF(ROW()=$K$3+6,"ПОДРЯДЧИК",IF(ROW()=$K$3+7,"Должн./ФИО:",IF(ROW()=$K$3+8,"Подпись:",""))))) | C49: =IF(ISNUMBER($K49),IF(INDEX('Реестр'!$C$4:$C$103,$K49)="","",INDEX('Реестр'!$C$4:$C$103,$K49)),IF(ROW()=$K$3+7,"________________",IF(ROW()=$K$3+8,"________________",""))) | D49: =IF(ISNUMBER($K49),IF(INDEX('Реестр'!$D$4:$D$103,$K49)="","",INDEX('Реестр'!$D$4:$D$103,$K49)),IF(ROW()=$K$3+8,"Дата:","")) | E49: =IF(ISNUMBER($K49),IF(INDEX('Реестр'!$E$4:$E$103,$K49)="","",INDEX('Реестр'!$E$4:$E$103,$K49)),IF(ROW()=$K$3+8,"____________","")) | F49: =IF(ISNUMBER($K49),IF(INDEX('Реестр'!$F$4:$F$103,$K49)="","",INDEX('Реестр'!$F$4:$F$103,$K49)),IF(ROW()=$K$3+5,'Реестр'!F104,"")) | G49: =IF(ISNUMBER($K49),IF(INDEX('Реестр'!$G$4:$G$103,$K49)="","",INDEX('Реестр'!$G$4:$G$103,$K49)),IF(ROW()=$K$3+6,"ЗАКАЗЧИК",IF(ROW()=$K$3+7,"Должн./ФИО:",IF(ROW()=$K$3+8,"Подпись:","")))) | H49: =IF(ISNUMBER($K49),IF(INDEX('Реестр'!$H$4:$H$103,$K49)="","",INDEX('Реестр'!$H$4:$H$103,$K49)),IF(ROW()=$K$3+7,"________________",IF(ROW()=$K$3+8,"________________",""))) | I49: =IF(ISNUMBER($K49),IF(INDEX('Реестр'!$I$4:$I$103,$K49)="","",INDEX('Реестр'!$I$4:$I$103,$K49)),IF(ROW()=$K$3+5,'Реестр'!I104,IF(ROW()=$K$3+8,"Дата:",""))) | J49: =IF(ISNUMBER($K49),IF(INDEX('Реестр'!$J$4:$J$103,$K49)="","",INDEX('Реестр'!$J$4:$J$103,$K49)),IF(ROW()=$K$3+8,"____________","")) | K49: =IFERROR(_xlfn.AGGREGATE(15,6,(ROW('Реестр'!$B$4:$B$103)-3)/((('Реестр'!$B$4:$B$103<>"")+('Реестр'!$C$4:$C$103<>"")+('Реестр'!$D$4:$D$103<>"")+('Реестр'!$E$4:$E$103<>"")+('Реестр'!$G$4:$G$103<>"")+('Реестр'!$H$4:$H$103<>"")+('Реестр'!$J$4:$J$103<>""))>0),ROWS($K$5:K49)),"")
A50: =IF(ISNUMBER($K50),$K50,"") | B50: =IF(ISNUMBER($K50),IF(INDEX('Реестр'!$B$4:$B$103,$K50)="","",INDEX('Реестр'!$B$4:$B$103,$K50)),IF(ROW()=$K$3+5,"ИТОГО",IF(ROW()=$K$3+6,"ПОДРЯДЧИК",IF(ROW()=$K$3+7,"Должн./ФИО:",IF(ROW()=$K$3+8,"Подпись:",""))))) | C50: =IF(ISNUMBER($K50),IF(INDEX('Реестр'!$C$4:$C$103,$K50)="","",INDEX('Реестр'!$C$4:$C$103,$K50)),IF(ROW()=$K$3+7,"________________",IF(ROW()=$K$3+8,"________________",""))) | D50: =IF(ISNUMBER($K50),IF(INDEX('Реестр'!$D$4:$D$103,$K50)="","",INDEX('Реестр'!$D$4:$D$103,$K50)),IF(ROW()=$K$3+8,"Дата:","")) | E50: =IF(ISNUMBER($K50),IF(INDEX('Реестр'!$E$4:$E$103,$K50)="","",INDEX('Реестр'!$E$4:$E$103,$K50)),IF(ROW()=$K$3+8,"____________","")) | F50: =IF(ISNUMBER($K50),IF(INDEX('Реестр'!$F$4:$F$103,$K50)="","",INDEX('Реестр'!$F$4:$F$103,$K50)),IF(ROW()=$K$3+5,'Реестр'!F104,"")) | G50: =IF(ISNUMBER($K50),IF(INDEX('Реестр'!$G$4:$G$103,$K50)="","",INDEX('Реестр'!$G$4:$G$103,$K50)),IF(ROW()=$K$3+6,"ЗАКАЗЧИК",IF(ROW()=$K$3+7,"Должн./ФИО:",IF(ROW()=$K$3+8,"Подпись:","")))) | H50: =IF(ISNUMBER($K50),IF(INDEX('Реестр'!$H$4:$H$103,$K50)="","",INDEX('Реестр'!$H$4:$H$103,$K50)),IF(ROW()=$K$3+7,"________________",IF(ROW()=$K$3+8,"________________",""))) | I50: =IF(ISNUMBER($K50),IF(INDEX('Реестр'!$I$4:$I$103,$K50)="","",INDEX('Реестр'!$I$4:$I$103,$K50)),IF(ROW()=$K$3+5,'Реестр'!I104,IF(ROW()=$K$3+8,"Дата:",""))) | J50: =IF(ISNUMBER($K50),IF(INDEX('Реестр'!$J$4:$J$103,$K50)="","",INDEX('Реестр'!$J$4:$J$103,$K50)),IF(ROW()=$K$3+8,"____________","")) | K50: =IFERROR(_xlfn.AGGREGATE(15,6,(ROW('Реестр'!$B$4:$B$103)-3)/((('Реестр'!$B$4:$B$103<>"")+('Реестр'!$C$4:$C$103<>"")+('Реестр'!$D$4:$D$103<>"")+('Реестр'!$E$4:$E$103<>"")+('Реестр'!$G$4:$G$103<>"")+('Реестр'!$H$4:$H$103<>"")+('Реестр'!$J$4:$J$103<>""))>0),ROWS($K$5:K50)),"")
A51: =IF(ISNUMBER($K51),$K51,"") | B51: =IF(ISNUMBER($K51),IF(INDEX('Реестр'!$B$4:$B$103,$K51)="","",INDEX('Реестр'!$B$4:$B$103,$K51)),IF(ROW()=$K$3+5,"ИТОГО",IF(ROW()=$K$3+6,"ПОДРЯДЧИК",IF(ROW()=$K$3+7,"Должн./ФИО:",IF(ROW()=$K$3+8,"Подпись:",""))))) | C51: =IF(ISNUMBER($K51),IF(INDEX('Реестр'!$C$4:$C$103,$K51)="","",INDEX('Реестр'!$C$4:$C$103,$K51)),IF(ROW()=$K$3+7,"________________",IF(ROW()=$K$3+8,"________________",""))) | D51: =IF(ISNUMBER($K51),IF(INDEX('Реестр'!$D$4:$D$103,$K51)="","",INDEX('Реестр'!$D$4:$D$103,$K51)),IF(ROW()=$K$3+8,"Дата:","")) | E51: =IF(ISNUMBER($K51),IF(INDEX('Реестр'!$E$4:$E$103,$K51)="","",INDEX('Реестр'!$E$4:$E$103,$K51)),IF(ROW()=$K$3+8,"____________","")) | F51: =IF(ISNUMBER($K51),IF(INDEX('Реестр'!$F$4:$F$103,$K51)="","",INDEX('Реестр'!$F$4:$F$103,$K51)),IF(ROW()=$K$3+5,'Реестр'!F104,"")) | G51: =IF(ISNUMBER($K51),IF(INDEX('Реестр'!$G$4:$G$103,$K51)="","",INDEX('Реестр'!$G$4:$G$103,$K51)),IF(ROW()=$K$3+6,"ЗАКАЗЧИК",IF(ROW()=$K$3+7,"Должн./ФИО:",IF(ROW()=$K$3+8,"Подпись:","")))) | H51: =IF(ISNUMBER($K51),IF(INDEX('Реестр'!$H$4:$H$103,$K51)="","",INDEX('Реестр'!$H$4:$H$103,$K51)),IF(ROW()=$K$3+7,"________________",IF(ROW()=$K$3+8,"________________",""))) | I51: =IF(ISNUMBER($K51),IF(INDEX('Реестр'!$I$4:$I$103,$K51)="","",INDEX('Реестр'!$I$4:$I$103,$K51)),IF(ROW()=$K$3+5,'Реестр'!I104,IF(ROW()=$K$3+8,"Дата:",""))) | J51: =IF(ISNUMBER($K51),IF(INDEX('Реестр'!$J$4:$J$103,$K51)="","",INDEX('Реестр'!$J$4:$J$103,$K51)),IF(ROW()=$K$3+8,"____________","")) | K51: =IFERROR(_xlfn.AGGREGATE(15,6,(ROW('Реестр'!$B$4:$B$103)-3)/((('Реестр'!$B$4:$B$103<>"")+('Реестр'!$C$4:$C$103<>"")+('Реестр'!$D$4:$D$103<>"")+('Реестр'!$E$4:$E$103<>"")+('Реестр'!$G$4:$G$103<>"")+('Реестр'!$H$4:$H$103<>"")+('Реестр'!$J$4:$J$103<>""))>0),ROWS($K$5:K51)),"")
A52: =IF(ISNUMBER($K52),$K52,"") | B52: =IF(ISNUMBER($K52),IF(INDEX('Реестр'!$B$4:$B$103,$K52)="","",INDEX('Реестр'!$B$4:$B$103,$K52)),IF(ROW()=$K$3+5,"ИТОГО",IF(ROW()=$K$3+6,"ПОДРЯДЧИК",IF(ROW()=$K$3+7,"Должн./ФИО:",IF(ROW()=$K$3+8,"Подпись:",""))))) | C52: =IF(ISNUMBER($K52),IF(INDEX('Реестр'!$C$4:$C$103,$K52)="","",INDEX('Реестр'!$C$4:$C$103,$K52)),IF(ROW()=$K$3+7,"________________",IF(ROW()=$K$3+8,"________________",""))) | D52: =IF(ISNUMBER($K52),IF(INDEX('Реестр'!$D$4:$D$103,$K52)="","",INDEX('Реестр'!$D$4:$D$103,$K52)),IF(ROW()=$K$3+8,"Дата:","")) | E52: =IF(ISNUMBER($K52),IF(INDEX('Реестр'!$E$4:$E$103,$K52)="","",INDEX('Реестр'!$E$4:$E$103,$K52)),IF(ROW()=$K$3+8,"____________","")) | F52: =IF(ISNUMBER($K52),IF(INDEX('Реестр'!$F$4:$F$103,$K52)="","",INDEX('Реестр'!$F$4:$F$103,$K52)),IF(ROW()=$K$3+5,'Реестр'!F104,"")) | G52: =IF(ISNUMBER($K52),IF(INDEX('Реестр'!$G$4:$G$103,$K52)="","",INDEX('Реестр'!$G$4:$G$103,$K52)),IF(ROW()=$K$3+6,"ЗАКАЗЧИК",IF(ROW()=$K$3+7,"Должн./ФИО:",IF(ROW()=$K$3+8,"Подпись:","")))) | H52: =IF(ISNUMBER($K52),IF(INDEX('Реестр'!$H$4:$H$103,$K52)="","",INDEX('Реестр'!$H$4:$H$103,$K52)),IF(ROW()=$K$3+7,"________________",IF(ROW()=$K$3+8,"________________",""))) | I52: =IF(ISNUMBER($K52),IF(INDEX('Реестр'!$I$4:$I$103,$K52)="","",INDEX('Реестр'!$I$4:$I$103,$K52)),IF(ROW()=$K$3+5,'Реестр'!I104,IF(ROW()=$K$3+8,"Дата:",""))) | J52: =IF(ISNUMBER($K52),IF(INDEX('Реестр'!$J$4:$J$103,$K52)="","",INDEX('Реестр'!$J$4:$J$103,$K52)),IF(ROW()=$K$3+8,"____________","")) | K52: =IFERROR(_xlfn.AGGREGATE(15,6,(ROW('Реестр'!$B$4:$B$103)-3)/((('Реестр'!$B$4:$B$103<>"")+('Реестр'!$C$4:$C$103<>"")+('Реестр'!$D$4:$D$103<>"")+('Реестр'!$E$4:$E$103<>"")+('Реестр'!$G$4:$G$103<>"")+('Реестр'!$H$4:$H$103<>"")+('Реестр'!$J$4:$J$103<>""))>0),ROWS($K$5:K52)),"")
A53: =IF(ISNUMBER($K53),$K53,"") | B53: =IF(ISNUMBER($K53),IF(INDEX('Реестр'!$B$4:$B$103,$K53)="","",INDEX('Реестр'!$B$4:$B$103,$K53)),IF(ROW()=$K$3+5,"ИТОГО",IF(ROW()=$K$3+6,"ПОДРЯДЧИК",IF(ROW()=$K$3+7,"Должн./ФИО:",IF(ROW()=$K$3+8,"Подпись:",""))))) | C53: =IF(ISNUMBER($K53),IF(INDEX('Реестр'!$C$4:$C$103,$K53)="","",INDEX('Реестр'!$C$4:$C$103,$K53)),IF(ROW()=$K$3+7,"________________",IF(ROW()=$K$3+8,"________________",""))) | D53: =IF(ISNUMBER($K53),IF(INDEX('Реестр'!$D$4:$D$103,$K53)="","",INDEX('Реестр'!$D$4:$D$103,$K53)),IF(ROW()=$K$3+8,"Дата:","")) | E53: =IF(ISNUMBER($K53),IF(INDEX('Реестр'!$E$4:$E$103,$K53)="","",INDEX('Реестр'!$E$4:$E$103,$K53)),IF(ROW()=$K$3+8,"____________","")) | F53: =IF(ISNUMBER($K53),IF(INDEX('Реестр'!$F$4:$F$103,$K53)="","",INDEX('Реестр'!$F$4:$F$103,$K53)),IF(ROW()=$K$3+5,'Реестр'!F104,"")) | G53: =IF(ISNUMBER($K53),IF(INDEX('Реестр'!$G$4:$G$103,$K53)="","",INDEX('Реестр'!$G$4:$G$103,$K53)),IF(ROW()=$K$3+6,"ЗАКАЗЧИК",IF(ROW()=$K$3+7,"Должн./ФИО:",IF(ROW()=$K$3+8,"Подпись:","")))) | H53: =IF(ISNUMBER($K53),IF(INDEX('Реестр'!$H$4:$H$103,$K53)="","",INDEX('Реестр'!$H$4:$H$103,$K53)),IF(ROW()=$K$3+7,"________________",IF(ROW()=$K$3+8,"________________",""))) | I53: =IF(ISNUMBER($K53),IF(INDEX('Реестр'!$I$4:$I$103,$K53)="","",INDEX('Реестр'!$I$4:$I$103,$K53)),IF(ROW()=$K$3+5,'Реестр'!I104,IF(ROW()=$K$3+8,"Дата:",""))) | J53: =IF(ISNUMBER($K53),IF(INDEX('Реестр'!$J$4:$J$103,$K53)="","",INDEX('Реестр'!$J$4:$J$103,$K53)),IF(ROW()=$K$3+8,"____________","")) | K53: =IFERROR(_xlfn.AGGREGATE(15,6,(ROW('Реестр'!$B$4:$B$103)-3)/((('Реестр'!$B$4:$B$103<>"")+('Реестр'!$C$4:$C$103<>"")+('Реестр'!$D$4:$D$103<>"")+('Реестр'!$E$4:$E$103<>"")+('Реестр'!$G$4:$G$103<>"")+('Реестр'!$H$4:$H$103<>"")+('Реестр'!$J$4:$J$103<>""))>0),ROWS($K$5:K53)),"")
A54: =IF(ISNUMBER($K54),$K54,"") | B54: =IF(ISNUMBER($K54),IF(INDEX('Реестр'!$B$4:$B$103,$K54)="","",INDEX('Реестр'!$B$4:$B$103,$K54)),IF(ROW()=$K$3+5,"ИТОГО",IF(ROW()=$K$3+6,"ПОДРЯДЧИК",IF(ROW()=$K$3+7,"Должн./ФИО:",IF(ROW()=$K$3+8,"Подпись:",""))))) | C54: =IF(ISNUMBER($K54),IF(INDEX('Реестр'!$C$4:$C$103,$K54)="","",INDEX('Реестр'!$C$4:$C$103,$K54)),IF(ROW()=$K$3+7,"________________",IF(ROW()=$K$3+8,"________________",""))) | D54: =IF(ISNUMBER($K54),IF(INDEX('Реестр'!$D$4:$D$103,$K54)="","",INDEX('Реестр'!$D$4:$D$103,$K54)),IF(ROW()=$K$3+8,"Дата:","")) | E54: =IF(ISNUMBER($K54),IF(INDEX('Реестр'!$E$4:$E$103,$K54)="","",INDEX('Реестр'!$E$4:$E$103,$K54)),IF(ROW()=$K$3+8,"____________","")) | F54: =IF(ISNUMBER($K54),IF(INDEX('Реестр'!$F$4:$F$103,$K54)="","",INDEX('Реестр'!$F$4:$F$103,$K54)),IF(ROW()=$K$3+5,'Реестр'!F104,"")) | G54: =IF(ISNUMBER($K54),IF(INDEX('Реестр'!$G$4:$G$103,$K54)="","",INDEX('Реестр'!$G$4:$G$103,$K54)),IF(ROW()=$K$3+6,"ЗАКАЗЧИК",IF(ROW()=$K$3+7,"Должн./ФИО:",IF(ROW()=$K$3+8,"Подпись:","")))) | H54: =IF(ISNUMBER($K54),IF(INDEX('Реестр'!$H$4:$H$103,$K54)="","",INDEX('Реестр'!$H$4:$H$103,$K54)),IF(ROW()=$K$3+7,"________________",IF(ROW()=$K$3+8,"________________",""))) | I54: =IF(ISNUMBER($K54),IF(INDEX('Реестр'!$I$4:$I$103,$K54)="","",INDEX('Реестр'!$I$4:$I$103,$K54)),IF(ROW()=$K$3+5,'Реестр'!I104,IF(ROW()=$K$3+8,"Дата:",""))) | J54: =IF(ISNUMBER($K54),IF(INDEX('Реестр'!$J$4:$J$103,$K54)="","",INDEX('Реестр'!$J$4:$J$103,$K54)),IF(ROW()=$K$3+8,"____________","")) | K54: =IFERROR(_xlfn.AGGREGATE(15,6,(ROW('Реестр'!$B$4:$B$103)-3)/((('Реестр'!$B$4:$B$103<>"")+('Реестр'!$C$4:$C$103<>"")+('Реестр'!$D$4:$D$103<>"")+('Реестр'!$E$4:$E$103<>"")+('Реестр'!$G$4:$G$103<>"")+('Реестр'!$H$4:$H$103<>"")+('Реестр'!$J$4:$J$103<>""))>0),ROWS($K$5:K54)),"")
A55: =IF(ISNUMBER($K55),$K55,"") | B55: =IF(ISNUMBER($K55),IF(INDEX('Реестр'!$B$4:$B$103,$K55)="","",INDEX('Реестр'!$B$4:$B$103,$K55)),IF(ROW()=$K$3+5,"ИТОГО",IF(ROW()=$K$3+6,"ПОДРЯДЧИК",IF(ROW()=$K$3+7,"Должн./ФИО:",IF(ROW()=$K$3+8,"Подпись:",""))))) | C55: =IF(ISNUMBER($K55),IF(INDEX('Реестр'!$C$4:$C$103,$K55)="","",INDEX('Реестр'!$C$4:$C$103,$K55)),IF(ROW()=$K$3+7,"________________",IF(ROW()=$K$3+8,"________________",""))) | D55: =IF(ISNUMBER($K55),IF(INDEX('Реестр'!$D$4:$D$103,$K55)="","",INDEX('Реестр'!$D$4:$D$103,$K55)),IF(ROW()=$K$3+8,"Дата:","")) | E55: =IF(ISNUMBER($K55),IF(INDEX('Реестр'!$E$4:$E$103,$K55)="","",INDEX('Реестр'!$E$4:$E$103,$K55)),IF(ROW()=$K$3+8,"____________","")) | F55: =IF(ISNUMBER($K55),IF(INDEX('Реестр'!$F$4:$F$103,$K55)="","",INDEX('Реестр'!$F$4:$F$103,$K55)),IF(ROW()=$K$3+5,'Реестр'!F104,"")) | G55: =IF(ISNUMBER($K55),IF(INDEX('Реестр'!$G$4:$G$103,$K55)="","",INDEX('Реестр'!$G$4:$G$103,$K55)),IF(ROW()=$K$3+6,"ЗАКАЗЧИК",IF(ROW()=$K$3+7,"Должн./ФИО:",IF(ROW()=$K$3+8,"Подпись:","")))) | H55: =IF(ISNUMBER($K55),IF(INDEX('Реестр'!$H$4:$H$103,$K55)="","",INDEX('Реестр'!$H$4:$H$103,$K55)),IF(ROW()=$K$3+7,"________________",IF(ROW()=$K$3+8,"________________",""))) | I55: =IF(ISNUMBER($K55),IF(INDEX('Реестр'!$I$4:$I$103,$K55)="","",INDEX('Реестр'!$I$4:$I$103,$K55)),IF(ROW()=$K$3+5,'Реестр'!I104,IF(ROW()=$K$3+8,"Дата:",""))) | J55: =IF(ISNUMBER($K55),IF(INDEX('Реестр'!$J$4:$J$103,$K55)="","",INDEX('Реестр'!$J$4:$J$103,$K55)),IF(ROW()=$K$3+8,"____________","")) | K55: =IFERROR(_xlfn.AGGREGATE(15,6,(ROW('Реестр'!$B$4:$B$103)-3)/((('Реестр'!$B$4:$B$103<>"")+('Реестр'!$C$4:$C$103<>"")+('Реестр'!$D$4:$D$103<>"")+('Реестр'!$E$4:$E$103<>"")+('Реестр'!$G$4:$G$103<>"")+('Реестр'!$H$4:$H$103<>"")+('Реестр'!$J$4:$J$103<>""))>0),ROWS($K$5:K55)),"")
A56: =IF(ISNUMBER($K56),$K56,"") | B56: =IF(ISNUMBER($K56),IF(INDEX('Реестр'!$B$4:$B$103,$K56)="","",INDEX('Реестр'!$B$4:$B$103,$K56)),IF(ROW()=$K$3+5,"ИТОГО",IF(ROW()=$K$3+6,"ПОДРЯДЧИК",IF(ROW()=$K$3+7,"Должн./ФИО:",IF(ROW()=$K$3+8,"Подпись:",""))))) | C56: =IF(ISNUMBER($K56),IF(INDEX('Реестр'!$C$4:$C$103,$K56)="","",INDEX('Реестр'!$C$4:$C$103,$K56)),IF(ROW()=$K$3+7,"________________",IF(ROW()=$K$3+8,"________________",""))) | D56: =IF(ISNUMBER($K56),IF(INDEX('Реестр'!$D$4:$D$103,$K56)="","",INDEX('Реестр'!$D$4:$D$103,$K56)),IF(ROW()=$K$3+8,"Дата:","")) | E56: =IF(ISNUMBER($K56),IF(INDEX('Реестр'!$E$4:$E$103,$K56)="","",INDEX('Реестр'!$E$4:$E$103,$K56)),IF(ROW()=$K$3+8,"____________","")) | F56: =IF(ISNUMBER($K56),IF(INDEX('Реестр'!$F$4:$F$103,$K56)="","",INDEX('Реестр'!$F$4:$F$103,$K56)),IF(ROW()=$K$3+5,'Реестр'!F104,"")) | G56: =IF(ISNUMBER($K56),IF(INDEX('Реестр'!$G$4:$G$103,$K56)="","",INDEX('Реестр'!$G$4:$G$103,$K56)),IF(ROW()=$K$3+6,"ЗАКАЗЧИК",IF(ROW()=$K$3+7,"Должн./ФИО:",IF(ROW()=$K$3+8,"Подпись:","")))) | H56: =IF(ISNUMBER($K56),IF(INDEX('Реестр'!$H$4:$H$103,$K56)="","",INDEX('Реестр'!$H$4:$H$103,$K56)),IF(ROW()=$K$3+7,"________________",IF(ROW()=$K$3+8,"________________",""))) | I56: =IF(ISNUMBER($K56),IF(INDEX('Реестр'!$I$4:$I$103,$K56)="","",INDEX('Реестр'!$I$4:$I$103,$K56)),IF(ROW()=$K$3+5,'Реестр'!I104,IF(ROW()=$K$3+8,"Дата:",""))) | J56: =IF(ISNUMBER($K56),IF(INDEX('Реестр'!$J$4:$J$103,$K56)="","",INDEX('Реестр'!$J$4:$J$103,$K56)),IF(ROW()=$K$3+8,"____________","")) | K56: =IFERROR(_xlfn.AGGREGATE(15,6,(ROW('Реестр'!$B$4:$B$103)-3)/((('Реестр'!$B$4:$B$103<>"")+('Реестр'!$C$4:$C$103<>"")+('Реестр'!$D$4:$D$103<>"")+('Реестр'!$E$4:$E$103<>"")+('Реестр'!$G$4:$G$103<>"")+('Реестр'!$H$4:$H$103<>"")+('Реестр'!$J$4:$J$103<>""))>0),ROWS($K$5:K56)),"")
A57: =IF(ISNUMBER($K57),$K57,"") | B57: =IF(ISNUMBER($K57),IF(INDEX('Реестр'!$B$4:$B$103,$K57)="","",INDEX('Реестр'!$B$4:$B$103,$K57)),IF(ROW()=$K$3+5,"ИТОГО",IF(ROW()=$K$3+6,"ПОДРЯДЧИК",IF(ROW()=$K$3+7,"Должн./ФИО:",IF(ROW()=$K$3+8,"Подпись:",""))))) | C57: =IF(ISNUMBER($K57),IF(INDEX('Реестр'!$C$4:$C$103,$K57)="","",INDEX('Реестр'!$C$4:$C$103,$K57)),IF(ROW()=$K$3+7,"________________",IF(ROW()=$K$3+8,"________________",""))) | D57: =IF(ISNUMBER($K57),IF(INDEX('Реестр'!$D$4:$D$103,$K57)="","",INDEX('Реестр'!$D$4:$D$103,$K57)),IF(ROW()=$K$3+8,"Дата:","")) | E57: =IF(ISNUMBER($K57),IF(INDEX('Реестр'!$E$4:$E$103,$K57)="","",INDEX('Реестр'!$E$4:$E$103,$K57)),IF(ROW()=$K$3+8,"____________","")) | F57: =IF(ISNUMBER($K57),IF(INDEX('Реестр'!$F$4:$F$103,$K57)="","",INDEX('Реестр'!$F$4:$F$103,$K57)),IF(ROW()=$K$3+5,'Реестр'!F104,"")) | G57: =IF(ISNUMBER($K57),IF(INDEX('Реестр'!$G$4:$G$103,$K57)="","",INDEX('Реестр'!$G$4:$G$103,$K57)),IF(ROW()=$K$3+6,"ЗАКАЗЧИК",IF(ROW()=$K$3+7,"Должн./ФИО:",IF(ROW()=$K$3+8,"Подпись:","")))) | H57: =IF(ISNUMBER($K57),IF(INDEX('Реестр'!$H$4:$H$103,$K57)="","",INDEX('Реестр'!$H$4:$H$103,$K57)),IF(ROW()=$K$3+7,"________________",IF(ROW()=$K$3+8,"________________",""))) | I57: =IF(ISNUMBER($K57),IF(INDEX('Реестр'!$I$4:$I$103,$K57)="","",INDEX('Реестр'!$I$4:$I$103,$K57)),IF(ROW()=$K$3+5,'Реестр'!I104,IF(ROW()=$K$3+8,"Дата:",""))) | J57: =IF(ISNUMBER($K57),IF(INDEX('Реестр'!$J$4:$J$103,$K57)="","",INDEX('Реестр'!$J$4:$J$103,$K57)),IF(ROW()=$K$3+8,"____________","")) | K57: =IFERROR(_xlfn.AGGREGATE(15,6,(ROW('Реестр'!$B$4:$B$103)-3)/((('Реестр'!$B$4:$B$103<>"")+('Реестр'!$C$4:$C$103<>"")+('Реестр'!$D$4:$D$103<>"")+('Реестр'!$E$4:$E$103<>"")+('Реестр'!$G$4:$G$103<>"")+('Реестр'!$H$4:$H$103<>"")+('Реестр'!$J$4:$J$103<>""))>0),ROWS($K$5:K57)),"")
A58: =IF(ISNUMBER($K58),$K58,"") | B58: =IF(ISNUMBER($K58),IF(INDEX('Реестр'!$B$4:$B$103,$K58)="","",INDEX('Реестр'!$B$4:$B$103,$K58)),IF(ROW()=$K$3+5,"ИТОГО",IF(ROW()=$K$3+6,"ПОДРЯДЧИК",IF(ROW()=$K$3+7,"Должн./ФИО:",IF(ROW()=$K$3+8,"Подпись:",""))))) | C58: =IF(ISNUMBER($K58),IF(INDEX('Реестр'!$C$4:$C$103,$K58)="","",INDEX('Реестр'!$C$4:$C$103,$K58)),IF(ROW()=$K$3+7,"________________",IF(ROW()=$K$3+8,"________________",""))) | D58: =IF(ISNUMBER($K58),IF(INDEX('Реестр'!$D$4:$D$103,$K58)="","",INDEX('Реестр'!$D$4:$D$103,$K58)),IF(ROW()=$K$3+8,"Дата:","")) | E58: =IF(ISNUMBER($K58),IF(INDEX('Реестр'!$E$4:$E$103,$K58)="","",INDEX('Реестр'!$E$4:$E$103,$K58)),IF(ROW()=$K$3+8,"____________","")) | F58: =IF(ISNUMBER($K58),IF(INDEX('Реестр'!$F$4:$F$103,$K58)="","",INDEX('Реестр'!$F$4:$F$103,$K58)),IF(ROW()=$K$3+5,'Реестр'!F104,"")) | G58: =IF(ISNUMBER($K58),IF(INDEX('Реестр'!$G$4:$G$103,$K58)="","",INDEX('Реестр'!$G$4:$G$103,$K58)),IF(ROW()=$K$3+6,"ЗАКАЗЧИК",IF(ROW()=$K$3+7,"Должн./ФИО:",IF(ROW()=$K$3+8,"Подпись:","")))) | H58: =IF(ISNUMBER($K58),IF(INDEX('Реестр'!$H$4:$H$103,$K58)="","",INDEX('Реестр'!$H$4:$H$103,$K58)),IF(ROW()=$K$3+7,"________________",IF(ROW()=$K$3+8,"________________",""))) | I58: =IF(ISNUMBER($K58),IF(INDEX('Реестр'!$I$4:$I$103,$K58)="","",INDEX('Реестр'!$I$4:$I$103,$K58)),IF(ROW()=$K$3+5,'Реестр'!I104,IF(ROW()=$K$3+8,"Дата:",""))) | J58: =IF(ISNUMBER($K58),IF(INDEX('Реестр'!$J$4:$J$103,$K58)="","",INDEX('Реестр'!$J$4:$J$103,$K58)),IF(ROW()=$K$3+8,"____________","")) | K58: =IFERROR(_xlfn.AGGREGATE(15,6,(ROW('Реестр'!$B$4:$B$103)-3)/((('Реестр'!$B$4:$B$103<>"")+('Реестр'!$C$4:$C$103<>"")+('Реестр'!$D$4:$D$103<>"")+('Реестр'!$E$4:$E$103<>"")+('Реестр'!$G$4:$G$103<>"")+('Реестр'!$H$4:$H$103<>"")+('Реестр'!$J$4:$J$103<>""))>0),ROWS($K$5:K58)),"")
A59: =IF(ISNUMBER($K59),$K59,"") | B59: =IF(ISNUMBER($K59),IF(INDEX('Реестр'!$B$4:$B$103,$K59)="","",INDEX('Реестр'!$B$4:$B$103,$K59)),IF(ROW()=$K$3+5,"ИТОГО",IF(ROW()=$K$3+6,"ПОДРЯДЧИК",IF(ROW()=$K$3+7,"Должн./ФИО:",IF(ROW()=$K$3+8,"Подпись:",""))))) | C59: =IF(ISNUMBER($K59),IF(INDEX('Реестр'!$C$4:$C$103,$K59)="","",INDEX('Реестр'!$C$4:$C$103,$K59)),IF(ROW()=$K$3+7,"________________",IF(ROW()=$K$3+8,"________________",""))) | D59: =IF(ISNUMBER($K59),IF(INDEX('Реестр'!$D$4:$D$103,$K59)="","",INDEX('Реестр'!$D$4:$D$103,$K59)),IF(ROW()=$K$3+8,"Дата:","")) | E59: =IF(ISNUMBER($K59),IF(INDEX('Реестр'!$E$4:$E$103,$K59)="","",INDEX('Реестр'!$E$4:$E$103,$K59)),IF(ROW()=$K$3+8,"____________","")) | F59: =IF(ISNUMBER($K59),IF(INDEX('Реестр'!$F$4:$F$103,$K59)="","",INDEX('Реестр'!$F$4:$F$103,$K59)),IF(ROW()=$K$3+5,'Реестр'!F104,"")) | G59: =IF(ISNUMBER($K59),IF(INDEX('Реестр'!$G$4:$G$103,$K59)="","",INDEX('Реестр'!$G$4:$G$103,$K59)),IF(ROW()=$K$3+6,"ЗАКАЗЧИК",IF(ROW()=$K$3+7,"Должн./ФИО:",IF(ROW()=$K$3+8,"Подпись:","")))) | H59: =IF(ISNUMBER($K59),IF(INDEX('Реестр'!$H$4:$H$103,$K59)="","",INDEX('Реестр'!$H$4:$H$103,$K59)),IF(ROW()=$K$3+7,"________________",IF(ROW()=$K$3+8,"________________",""))) | I59: =IF(ISNUMBER($K59),IF(INDEX('Реестр'!$I$4:$I$103,$K59)="","",INDEX('Реестр'!$I$4:$I$103,$K59)),IF(ROW()=$K$3+5,'Реестр'!I104,IF(ROW()=$K$3+8,"Дата:",""))) | J59: =IF(ISNUMBER($K59),IF(INDEX('Реестр'!$J$4:$J$103,$K59)="","",INDEX('Реестр'!$J$4:$J$103,$K59)),IF(ROW()=$K$3+8,"____________","")) | K59: =IFERROR(_xlfn.AGGREGATE(15,6,(ROW('Реестр'!$B$4:$B$103)-3)/((('Реестр'!$B$4:$B$103<>"")+('Реестр'!$C$4:$C$103<>"")+('Реестр'!$D$4:$D$103<>"")+('Реестр'!$E$4:$E$103<>"")+('Реестр'!$G$4:$G$103<>"")+('Реестр'!$H$4:$H$103<>"")+('Реестр'!$J$4:$J$103<>""))>0),ROWS($K$5:K59)),"")
A60: =IF(ISNUMBER($K60),$K60,"") | B60: =IF(ISNUMBER($K60),IF(INDEX('Реестр'!$B$4:$B$103,$K60)="","",INDEX('Реестр'!$B$4:$B$103,$K60)),IF(ROW()=$K$3+5,"ИТОГО",IF(ROW()=$K$3+6,"ПОДРЯДЧИК",IF(ROW()=$K$3+7,"Должн./ФИО:",IF(ROW()=$K$3+8,"Подпись:",""))))) | C60: =IF(ISNUMBER($K60),IF(INDEX('Реестр'!$C$4:$C$103,$K60)="","",INDEX('Реестр'!$C$4:$C$103,$K60)),IF(ROW()=$K$3+7,"________________",IF(ROW()=$K$3+8,"________________",""))) | D60: =IF(ISNUMBER($K60),IF(INDEX('Реестр'!$D$4:$D$103,$K60)="","",INDEX('Реестр'!$D$4:$D$103,$K60)),IF(ROW()=$K$3+8,"Дата:","")) | E60: =IF(ISNUMBER($K60),IF(INDEX('Реестр'!$E$4:$E$103,$K60)="","",INDEX('Реестр'!$E$4:$E$103,$K60)),IF(ROW()=$K$3+8,"____________","")) | F60: =IF(ISNUMBER($K60),IF(INDEX('Реестр'!$F$4:$F$103,$K60)="","",INDEX('Реестр'!$F$4:$F$103,$K60)),IF(ROW()=$K$3+5,'Реестр'!F104,"")) | G60: =IF(ISNUMBER($K60),IF(INDEX('Реестр'!$G$4:$G$103,$K60)="","",INDEX('Реестр'!$G$4:$G$103,$K60)),IF(ROW()=$K$3+6,"ЗАКАЗЧИК",IF(ROW()=$K$3+7,"Должн./ФИО:",IF(ROW()=$K$3+8,"Подпись:","")))) | H60: =IF(ISNUMBER($K60),IF(INDEX('Реестр'!$H$4:$H$103,$K60)="","",INDEX('Реестр'!$H$4:$H$103,$K60)),IF(ROW()=$K$3+7,"________________",IF(ROW()=$K$3+8,"________________",""))) | I60: =IF(ISNUMBER($K60),IF(INDEX('Реестр'!$I$4:$I$103,$K60)="","",INDEX('Реестр'!$I$4:$I$103,$K60)),IF(ROW()=$K$3+5,'Реестр'!I104,IF(ROW()=$K$3+8,"Дата:",""))) | J60: =IF(ISNUMBER($K60),IF(INDEX('Реестр'!$J$4:$J$103,$K60)="","",INDEX('Реестр'!$J$4:$J$103,$K60)),IF(ROW()=$K$3+8,"____________","")) | K60: =IFERROR(_xlfn.AGGREGATE(15,6,(ROW('Реестр'!$B$4:$B$103)-3)/((('Реестр'!$B$4:$B$103<>"")+('Реестр'!$C$4:$C$103<>"")+('Реестр'!$D$4:$D$103<>"")+('Реестр'!$E$4:$E$103<>"")+('Реестр'!$G$4:$G$103<>"")+('Реестр'!$H$4:$H$103<>"")+('Реестр'!$J$4:$J$103<>""))>0),ROWS($K$5:K60)),"")
A61: =IF(ISNUMBER($K61),$K61,"") | B61: =IF(ISNUMBER($K61),IF(INDEX('Реестр'!$B$4:$B$103,$K61)="","",INDEX('Реестр'!$B$4:$B$103,$K61)),IF(ROW()=$K$3+5,"ИТОГО",IF(ROW()=$K$3+6,"ПОДРЯДЧИК",IF(ROW()=$K$3+7,"Должн./ФИО:",IF(ROW()=$K$3+8,"Подпись:",""))))) | C61: =IF(ISNUMBER($K61),IF(INDEX('Реестр'!$C$4:$C$103,$K61)="","",INDEX('Реестр'!$C$4:$C$103,$K61)),IF(ROW()=$K$3+7,"________________",IF(ROW()=$K$3+8,"________________",""))) | D61: =IF(ISNUMBER($K61),IF(INDEX('Реестр'!$D$4:$D$103,$K61)="","",INDEX('Реестр'!$D$4:$D$103,$K61)),IF(ROW()=$K$3+8,"Дата:","")) | E61: =IF(ISNUMBER($K61),IF(INDEX('Реестр'!$E$4:$E$103,$K61)="","",INDEX('Реестр'!$E$4:$E$103,$K61)),IF(ROW()=$K$3+8,"____________","")) | F61: =IF(ISNUMBER($K61),IF(INDEX('Реестр'!$F$4:$F$103,$K61)="","",INDEX('Реестр'!$F$4:$F$103,$K61)),IF(ROW()=$K$3+5,'Реестр'!F104,"")) | G61: =IF(ISNUMBER($K61),IF(INDEX('Реестр'!$G$4:$G$103,$K61)="","",INDEX('Реестр'!$G$4:$G$103,$K61)),IF(ROW()=$K$3+6,"ЗАКАЗЧИК",IF(ROW()=$K$3+7,"Должн./ФИО:",IF(ROW()=$K$3+8,"Подпись:","")))) | H61: =IF(ISNUMBER($K61),IF(INDEX('Реестр'!$H$4:$H$103,$K61)="","",INDEX('Реестр'!$H$4:$H$103,$K61)),IF(ROW()=$K$3+7,"________________",IF(ROW()=$K$3+8,"________________",""))) | I61: =IF(ISNUMBER($K61),IF(INDEX('Реестр'!$I$4:$I$103,$K61)="","",INDEX('Реестр'!$I$4:$I$103,$K61)),IF(ROW()=$K$3+5,'Реестр'!I104,IF(ROW()=$K$3+8,"Дата:",""))) | J61: =IF(ISNUMBER($K61),IF(INDEX('Реестр'!$J$4:$J$103,$K61)="","",INDEX('Реестр'!$J$4:$J$103,$K61)),IF(ROW()=$K$3+8,"____________","")) | K61: =IFERROR(_xlfn.AGGREGATE(15,6,(ROW('Реестр'!$B$4:$B$103)-3)/((('Реестр'!$B$4:$B$103<>"")+('Реестр'!$C$4:$C$103<>"")+('Реестр'!$D$4:$D$103<>"")+('Реестр'!$E$4:$E$103<>"")+('Реестр'!$G$4:$G$103<>"")+('Реестр'!$H$4:$H$103<>"")+('Реестр'!$J$4:$J$103<>""))>0),ROWS($K$5:K61)),"")
A62: =IF(ISNUMBER($K62),$K62,"") | B62: =IF(ISNUMBER($K62),IF(INDEX('Реестр'!$B$4:$B$103,$K62)="","",INDEX('Реестр'!$B$4:$B$103,$K62)),IF(ROW()=$K$3+5,"ИТОГО",IF(ROW()=$K$3+6,"ПОДРЯДЧИК",IF(ROW()=$K$3+7,"Должн./ФИО:",IF(ROW()=$K$3+8,"Подпись:",""))))) | C62: =IF(ISNUMBER($K62),IF(INDEX('Реестр'!$C$4:$C$103,$K62)="","",INDEX('Реестр'!$C$4:$C$103,$K62)),IF(ROW()=$K$3+7,"________________",IF(ROW()=$K$3+8,"________________",""))) | D62: =IF(ISNUMBER($K62),IF(INDEX('Реестр'!$D$4:$D$103,$K62)="","",INDEX('Реестр'!$D$4:$D$103,$K62)),IF(ROW()=$K$3+8,"Дата:","")) | E62: =IF(ISNUMBER($K62),IF(INDEX('Реестр'!$E$4:$E$103,$K62)="","",INDEX('Реестр'!$E$4:$E$103,$K62)),IF(ROW()=$K$3+8,"____________","")) | F62: =IF(ISNUMBER($K62),IF(INDEX('Реестр'!$F$4:$F$103,$K62)="","",INDEX('Реестр'!$F$4:$F$103,$K62)),IF(ROW()=$K$3+5,'Реестр'!F104,"")) | G62: =IF(ISNUMBER($K62),IF(INDEX('Реестр'!$G$4:$G$103,$K62)="","",INDEX('Реестр'!$G$4:$G$103,$K62)),IF(ROW()=$K$3+6,"ЗАКАЗЧИК",IF(ROW()=$K$3+7,"Должн./ФИО:",IF(ROW()=$K$3+8,"Подпись:","")))) | H62: =IF(ISNUMBER($K62),IF(INDEX('Реестр'!$H$4:$H$103,$K62)="","",INDEX('Реестр'!$H$4:$H$103,$K62)),IF(ROW()=$K$3+7,"________________",IF(ROW()=$K$3+8,"________________",""))) | I62: =IF(ISNUMBER($K62),IF(INDEX('Реестр'!$I$4:$I$103,$K62)="","",INDEX('Реестр'!$I$4:$I$103,$K62)),IF(ROW()=$K$3+5,'Реестр'!I104,IF(ROW()=$K$3+8,"Дата:",""))) | J62: =IF(ISNUMBER($K62),IF(INDEX('Реестр'!$J$4:$J$103,$K62)="","",INDEX('Реестр'!$J$4:$J$103,$K62)),IF(ROW()=$K$3+8,"____________","")) | K62: =IFERROR(_xlfn.AGGREGATE(15,6,(ROW('Реестр'!$B$4:$B$103)-3)/((('Реестр'!$B$4:$B$103<>"")+('Реестр'!$C$4:$C$103<>"")+('Реестр'!$D$4:$D$103<>"")+('Реестр'!$E$4:$E$103<>"")+('Реестр'!$G$4:$G$103<>"")+('Реестр'!$H$4:$H$103<>"")+('Реестр'!$J$4:$J$103<>""))>0),ROWS($K$5:K62)),"")
A63: =IF(ISNUMBER($K63),$K63,"") | B63: =IF(ISNUMBER($K63),IF(INDEX('Реестр'!$B$4:$B$103,$K63)="","",INDEX('Реестр'!$B$4:$B$103,$K63)),IF(ROW()=$K$3+5,"ИТОГО",IF(ROW()=$K$3+6,"ПОДРЯДЧИК",IF(ROW()=$K$3+7,"Должн./ФИО:",IF(ROW()=$K$3+8,"Подпись:",""))))) | C63: =IF(ISNUMBER($K63),IF(INDEX('Реестр'!$C$4:$C$103,$K63)="","",INDEX('Реестр'!$C$4:$C$103,$K63)),IF(ROW()=$K$3+7,"________________",IF(ROW()=$K$3+8,"________________",""))) | D63: =IF(ISNUMBER($K63),IF(INDEX('Реестр'!$D$4:$D$103,$K63)="","",INDEX('Реестр'!$D$4:$D$103,$K63)),IF(ROW()=$K$3+8,"Дата:","")) | E63: =IF(ISNUMBER($K63),IF(INDEX('Реестр'!$E$4:$E$103,$K63)="","",INDEX('Реестр'!$E$4:$E$103,$K63)),IF(ROW()=$K$3+8,"____________","")) | F63: =IF(ISNUMBER($K63),IF(INDEX('Реестр'!$F$4:$F$103,$K63)="","",INDEX('Реестр'!$F$4:$F$103,$K63)),IF(ROW()=$K$3+5,'Реестр'!F104,"")) | G63: =IF(ISNUMBER($K63),IF(INDEX('Реестр'!$G$4:$G$103,$K63)="","",INDEX('Реестр'!$G$4:$G$103,$K63)),IF(ROW()=$K$3+6,"ЗАКАЗЧИК",IF(ROW()=$K$3+7,"Должн./ФИО:",IF(ROW()=$K$3+8,"Подпись:","")))) | H63: =IF(ISNUMBER($K63),IF(INDEX('Реестр'!$H$4:$H$103,$K63)="","",INDEX('Реестр'!$H$4:$H$103,$K63)),IF(ROW()=$K$3+7,"________________",IF(ROW()=$K$3+8,"________________",""))) | I63: =IF(ISNUMBER($K63),IF(INDEX('Реестр'!$I$4:$I$103,$K63)="","",INDEX('Реестр'!$I$4:$I$103,$K63)),IF(ROW()=$K$3+5,'Реестр'!I104,IF(ROW()=$K$3+8,"Дата:",""))) | J63: =IF(ISNUMBER($K63),IF(INDEX('Реестр'!$J$4:$J$103,$K63)="","",INDEX('Реестр'!$J$4:$J$103,$K63)),IF(ROW()=$K$3+8,"____________","")) | K63: =IFERROR(_xlfn.AGGREGATE(15,6,(ROW('Реестр'!$B$4:$B$103)-3)/((('Реестр'!$B$4:$B$103<>"")+('Реестр'!$C$4:$C$103<>"")+('Реестр'!$D$4:$D$103<>"")+('Реестр'!$E$4:$E$103<>"")+('Реестр'!$G$4:$G$103<>"")+('Реестр'!$H$4:$H$103<>"")+('Реестр'!$J$4:$J$103<>""))>0),ROWS($K$5:K63)),"")
A64: =IF(ISNUMBER($K64),$K64,"") | B64: =IF(ISNUMBER($K64),IF(INDEX('Реестр'!$B$4:$B$103,$K64)="","",INDEX('Реестр'!$B$4:$B$103,$K64)),IF(ROW()=$K$3+5,"ИТОГО",IF(ROW()=$K$3+6,"ПОДРЯДЧИК",IF(ROW()=$K$3+7,"Должн./ФИО:",IF(ROW()=$K$3+8,"Подпись:",""))))) | C64: =IF(ISNUMBER($K64),IF(INDEX('Реестр'!$C$4:$C$103,$K64)="","",INDEX('Реестр'!$C$4:$C$103,$K64)),IF(ROW()=$K$3+7,"________________",IF(ROW()=$K$3+8,"________________",""))) | D64: =IF(ISNUMBER($K64),IF(INDEX('Реестр'!$D$4:$D$103,$K64)="","",INDEX('Реестр'!$D$4:$D$103,$K64)),IF(ROW()=$K$3+8,"Дата:","")) | E64: =IF(ISNUMBER($K64),IF(INDEX('Реестр'!$E$4:$E$103,$K64)="","",INDEX('Реестр'!$E$4:$E$103,$K64)),IF(ROW()=$K$3+8,"____________","")) | F64: =IF(ISNUMBER($K64),IF(INDEX('Реестр'!$F$4:$F$103,$K64)="","",INDEX('Реестр'!$F$4:$F$103,$K64)),IF(ROW()=$K$3+5,'Реестр'!F104,"")) | G64: =IF(ISNUMBER($K64),IF(INDEX('Реестр'!$G$4:$G$103,$K64)="","",INDEX('Реестр'!$G$4:$G$103,$K64)),IF(ROW()=$K$3+6,"ЗАКАЗЧИК",IF(ROW()=$K$3+7,"Должн./ФИО:",IF(ROW()=$K$3+8,"Подпись:","")))) | H64: =IF(ISNUMBER($K64),IF(INDEX('Реестр'!$H$4:$H$103,$K64)="","",INDEX('Реестр'!$H$4:$H$103,$K64)),IF(ROW()=$K$3+7,"________________",IF(ROW()=$K$3+8,"________________",""))) | I64: =IF(ISNUMBER($K64),IF(INDEX('Реестр'!$I$4:$I$103,$K64)="","",INDEX('Реестр'!$I$4:$I$103,$K64)),IF(ROW()=$K$3+5,'Реестр'!I104,IF(ROW()=$K$3+8,"Дата:",""))) | J64: =IF(ISNUMBER($K64),IF(INDEX('Реестр'!$J$4:$J$103,$K64)="","",INDEX('Реестр'!$J$4:$J$103,$K64)),IF(ROW()=$K$3+8,"____________","")) | K64: =IFERROR(_xlfn.AGGREGATE(15,6,(ROW('Реестр'!$B$4:$B$103)-3)/((('Реестр'!$B$4:$B$103<>"")+('Реестр'!$C$4:$C$103<>"")+('Реестр'!$D$4:$D$103<>"")+('Реестр'!$E$4:$E$103<>"")+('Реестр'!$G$4:$G$103<>"")+('Реестр'!$H$4:$H$103<>"")+('Реестр'!$J$4:$J$103<>""))>0),ROWS($K$5:K64)),"")
A65: =IF(ISNUMBER($K65),$K65,"") | B65: =IF(ISNUMBER($K65),IF(INDEX('Реестр'!$B$4:$B$103,$K65)="","",INDEX('Реестр'!$B$4:$B$103,$K65)),IF(ROW()=$K$3+5,"ИТОГО",IF(ROW()=$K$3+6,"ПОДРЯДЧИК",IF(ROW()=$K$3+7,"Должн./ФИО:",IF(ROW()=$K$3+8,"Подпись:",""))))) | C65: =IF(ISNUMBER($K65),IF(INDEX('Реестр'!$C$4:$C$103,$K65)="","",INDEX('Реестр'!$C$4:$C$103,$K65)),IF(ROW()=$K$3+7,"________________",IF(ROW()=$K$3+8,"________________",""))) | D65: =IF(ISNUMBER($K65),IF(INDEX('Реестр'!$D$4:$D$103,$K65)="","",INDEX('Реестр'!$D$4:$D$103,$K65)),IF(ROW()=$K$3+8,"Дата:","")) | E65: =IF(ISNUMBER($K65),IF(INDEX('Реестр'!$E$4:$E$103,$K65)="","",INDEX('Реестр'!$E$4:$E$103,$K65)),IF(ROW()=$K$3+8,"____________","")) | F65: =IF(ISNUMBER($K65),IF(INDEX('Реестр'!$F$4:$F$103,$K65)="","",INDEX('Реестр'!$F$4:$F$103,$K65)),IF(ROW()=$K$3+5,'Реестр'!F104,"")) | G65: =IF(ISNUMBER($K65),IF(INDEX('Реестр'!$G$4:$G$103,$K65)="","",INDEX('Реестр'!$G$4:$G$103,$K65)),IF(ROW()=$K$3+6,"ЗАКАЗЧИК",IF(ROW()=$K$3+7,"Должн./ФИО:",IF(ROW()=$K$3+8,"Подпись:","")))) | H65: =IF(ISNUMBER($K65),IF(INDEX('Реестр'!$H$4:$H$103,$K65)="","",INDEX('Реестр'!$H$4:$H$103,$K65)),IF(ROW()=$K$3+7,"________________",IF(ROW()=$K$3+8,"________________",""))) | I65: =IF(ISNUMBER($K65),IF(INDEX('Реестр'!$I$4:$I$103,$K65)="","",INDEX('Реестр'!$I$4:$I$103,$K65)),IF(ROW()=$K$3+5,'Реестр'!I104,IF(ROW()=$K$3+8,"Дата:",""))) | J65: =IF(ISNUMBER($K65),IF(INDEX('Реестр'!$J$4:$J$103,$K65)="","",INDEX('Реестр'!$J$4:$J$103,$K65)),IF(ROW()=$K$3+8,"____________","")) | K65: =IFERROR(_xlfn.AGGREGATE(15,6,(ROW('Реестр'!$B$4:$B$103)-3)/((('Реестр'!$B$4:$B$103<>"")+('Реестр'!$C$4:$C$103<>"")+('Реестр'!$D$4:$D$103<>"")+('Реестр'!$E$4:$E$103<>"")+('Реестр'!$G$4:$G$103<>"")+('Реестр'!$H$4:$H$103<>"")+('Реестр'!$J$4:$J$103<>""))>0),ROWS($K$5:K65)),"")
A66: =IF(ISNUMBER($K66),$K66,"") | B66: =IF(ISNUMBER($K66),IF(INDEX('Реестр'!$B$4:$B$103,$K66)="","",INDEX('Реестр'!$B$4:$B$103,$K66)),IF(ROW()=$K$3+5,"ИТОГО",IF(ROW()=$K$3+6,"ПОДРЯДЧИК",IF(ROW()=$K$3+7,"Должн./ФИО:",IF(ROW()=$K$3+8,"Подпись:",""))))) | C66: =IF(ISNUMBER($K66),IF(INDEX('Реестр'!$C$4:$C$103,$K66)="","",INDEX('Реестр'!$C$4:$C$103,$K66)),IF(ROW()=$K$3+7,"________________",IF(ROW()=$K$3+8,"________________",""))) | D66: =IF(ISNUMBER($K66),IF(INDEX('Реестр'!$D$4:$D$103,$K66)="","",INDEX('Реестр'!$D$4:$D$103,$K66)),IF(ROW()=$K$3+8,"Дата:","")) | E66: =IF(ISNUMBER($K66),IF(INDEX('Реестр'!$E$4:$E$103,$K66)="","",INDEX('Реестр'!$E$4:$E$103,$K66)),IF(ROW()=$K$3+8,"____________","")) | F66: =IF(ISNUMBER($K66),IF(INDEX('Реестр'!$F$4:$F$103,$K66)="","",INDEX('Реестр'!$F$4:$F$103,$K66)),IF(ROW()=$K$3+5,'Реестр'!F104,"")) | G66: =IF(ISNUMBER($K66),IF(INDEX('Реестр'!$G$4:$G$103,$K66)="","",INDEX('Реестр'!$G$4:$G$103,$K66)),IF(ROW()=$K$3+6,"ЗАКАЗЧИК",IF(ROW()=$K$3+7,"Должн./ФИО:",IF(ROW()=$K$3+8,"Подпись:","")))) | H66: =IF(ISNUMBER($K66),IF(INDEX('Реестр'!$H$4:$H$103,$K66)="","",INDEX('Реестр'!$H$4:$H$103,$K66)),IF(ROW()=$K$3+7,"________________",IF(ROW()=$K$3+8,"________________",""))) | I66: =IF(ISNUMBER($K66),IF(INDEX('Реестр'!$I$4:$I$103,$K66)="","",INDEX('Реестр'!$I$4:$I$103,$K66)),IF(ROW()=$K$3+5,'Реестр'!I104,IF(ROW()=$K$3+8,"Дата:",""))) | J66: =IF(ISNUMBER($K66),IF(INDEX('Реестр'!$J$4:$J$103,$K66)="","",INDEX('Реестр'!$J$4:$J$103,$K66)),IF(ROW()=$K$3+8,"____________","")) | K66: =IFERROR(_xlfn.AGGREGATE(15,6,(ROW('Реестр'!$B$4:$B$103)-3)/((('Реестр'!$B$4:$B$103<>"")+('Реестр'!$C$4:$C$103<>"")+('Реестр'!$D$4:$D$103<>"")+('Реестр'!$E$4:$E$103<>"")+('Реестр'!$G$4:$G$103<>"")+('Реестр'!$H$4:$H$103<>"")+('Реестр'!$J$4:$J$103<>""))>0),ROWS($K$5:K66)),"")
A67: =IF(ISNUMBER($K67),$K67,"") | B67: =IF(ISNUMBER($K67),IF(INDEX('Реестр'!$B$4:$B$103,$K67)="","",INDEX('Реестр'!$B$4:$B$103,$K67)),IF(ROW()=$K$3+5,"ИТОГО",IF(ROW()=$K$3+6,"ПОДРЯДЧИК",IF(ROW()=$K$3+7,"Должн./ФИО:",IF(ROW()=$K$3+8,"Подпись:",""))))) | C67: =IF(ISNUMBER($K67),IF(INDEX('Реестр'!$C$4:$C$103,$K67)="","",INDEX('Реестр'!$C$4:$C$103,$K67)),IF(ROW()=$K$3+7,"________________",IF(ROW()=$K$3+8,"________________",""))) | D67: =IF(ISNUMBER($K67),IF(INDEX('Реестр'!$D$4:$D$103,$K67)="","",INDEX('Реестр'!$D$4:$D$103,$K67)),IF(ROW()=$K$3+8,"Дата:","")) | E67: =IF(ISNUMBER($K67),IF(INDEX('Реестр'!$E$4:$E$103,$K67)="","",INDEX('Реестр'!$E$4:$E$103,$K67)),IF(ROW()=$K$3+8,"____________","")) | F67: =IF(ISNUMBER($K67),IF(INDEX('Реестр'!$F$4:$F$103,$K67)="","",INDEX('Реестр'!$F$4:$F$103,$K67)),IF(ROW()=$K$3+5,'Реестр'!F104,"")) | G67: =IF(ISNUMBER($K67),IF(INDEX('Реестр'!$G$4:$G$103,$K67)="","",INDEX('Реестр'!$G$4:$G$103,$K67)),IF(ROW()=$K$3+6,"ЗАКАЗЧИК",IF(ROW()=$K$3+7,"Должн./ФИО:",IF(ROW()=$K$3+8,"Подпись:","")))) | H67: =IF(ISNUMBER($K67),IF(INDEX('Реестр'!$H$4:$H$103,$K67)="","",INDEX('Реестр'!$H$4:$H$103,$K67)),IF(ROW()=$K$3+7,"________________",IF(ROW()=$K$3+8,"________________",""))) | I67: =IF(ISNUMBER($K67),IF(INDEX('Реестр'!$I$4:$I$103,$K67)="","",INDEX('Реестр'!$I$4:$I$103,$K67)),IF(ROW()=$K$3+5,'Реестр'!I104,IF(ROW()=$K$3+8,"Дата:",""))) | J67: =IF(ISNUMBER($K67),IF(INDEX('Реестр'!$J$4:$J$103,$K67)="","",INDEX('Реестр'!$J$4:$J$103,$K67)),IF(ROW()=$K$3+8,"____________","")) | K67: =IFERROR(_xlfn.AGGREGATE(15,6,(ROW('Реестр'!$B$4:$B$103)-3)/((('Реестр'!$B$4:$B$103<>"")+('Реестр'!$C$4:$C$103<>"")+('Реестр'!$D$4:$D$103<>"")+('Реестр'!$E$4:$E$103<>"")+('Реестр'!$G$4:$G$103<>"")+('Реестр'!$H$4:$H$103<>"")+('Реестр'!$J$4:$J$103<>""))>0),ROWS($K$5:K67)),"")
A68: =IF(ISNUMBER($K68),$K68,"") | B68: =IF(ISNUMBER($K68),IF(INDEX('Реестр'!$B$4:$B$103,$K68)="","",INDEX('Реестр'!$B$4:$B$103,$K68)),IF(ROW()=$K$3+5,"ИТОГО",IF(ROW()=$K$3+6,"ПОДРЯДЧИК",IF(ROW()=$K$3+7,"Должн./ФИО:",IF(ROW()=$K$3+8,"Подпись:",""))))) | C68: =IF(ISNUMBER($K68),IF(INDEX('Реестр'!$C$4:$C$103,$K68)="","",INDEX('Реестр'!$C$4:$C$103,$K68)),IF(ROW()=$K$3+7,"________________",IF(ROW()=$K$3+8,"________________",""))) | D68: =IF(ISNUMBER($K68),IF(INDEX('Реестр'!$D$4:$D$103,$K68)="","",INDEX('Реестр'!$D$4:$D$103,$K68)),IF(ROW()=$K$3+8,"Дата:","")) | E68: =IF(ISNUMBER($K68),IF(INDEX('Реестр'!$E$4:$E$103,$K68)="","",INDEX('Реестр'!$E$4:$E$103,$K68)),IF(ROW()=$K$3+8,"____________","")) | F68: =IF(ISNUMBER($K68),IF(INDEX('Реестр'!$F$4:$F$103,$K68)="","",INDEX('Реестр'!$F$4:$F$103,$K68)),IF(ROW()=$K$3+5,'Реестр'!F104,"")) | G68: =IF(ISNUMBER($K68),IF(INDEX('Реестр'!$G$4:$G$103,$K68)="","",INDEX('Реестр'!$G$4:$G$103,$K68)),IF(ROW()=$K$3+6,"ЗАКАЗЧИК",IF(ROW()=$K$3+7,"Должн./ФИО:",IF(ROW()=$K$3+8,"Подпись:","")))) | H68: =IF(ISNUMBER($K68),IF(INDEX('Реестр'!$H$4:$H$103,$K68)="","",INDEX('Реестр'!$H$4:$H$103,$K68)),IF(ROW()=$K$3+7,"________________",IF(ROW()=$K$3+8,"________________",""))) | I68: =IF(ISNUMBER($K68),IF(INDEX('Реестр'!$I$4:$I$103,$K68)="","",INDEX('Реестр'!$I$4:$I$103,$K68)),IF(ROW()=$K$3+5,'Реестр'!I104,IF(ROW()=$K$3+8,"Дата:",""))) | J68: =IF(ISNUMBER($K68),IF(INDEX('Реестр'!$J$4:$J$103,$K68)="","",INDEX('Реестр'!$J$4:$J$103,$K68)),IF(ROW()=$K$3+8,"____________","")) | K68: =IFERROR(_xlfn.AGGREGATE(15,6,(ROW('Реестр'!$B$4:$B$103)-3)/((('Реестр'!$B$4:$B$103<>"")+('Реестр'!$C$4:$C$103<>"")+('Реестр'!$D$4:$D$103<>"")+('Реестр'!$E$4:$E$103<>"")+('Реестр'!$G$4:$G$103<>"")+('Реестр'!$H$4:$H$103<>"")+('Реестр'!$J$4:$J$103<>""))>0),ROWS($K$5:K68)),"")
A69: =IF(ISNUMBER($K69),$K69,"") | B69: =IF(ISNUMBER($K69),IF(INDEX('Реестр'!$B$4:$B$103,$K69)="","",INDEX('Реестр'!$B$4:$B$103,$K69)),IF(ROW()=$K$3+5,"ИТОГО",IF(ROW()=$K$3+6,"ПОДРЯДЧИК",IF(ROW()=$K$3+7,"Должн./ФИО:",IF(ROW()=$K$3+8,"Подпись:",""))))) | C69: =IF(ISNUMBER($K69),IF(INDEX('Реестр'!$C$4:$C$103,$K69)="","",INDEX('Реестр'!$C$4:$C$103,$K69)),IF(ROW()=$K$3+7,"________________",IF(ROW()=$K$3+8,"________________",""))) | D69: =IF(ISNUMBER($K69),IF(INDEX('Реестр'!$D$4:$D$103,$K69)="","",INDEX('Реестр'!$D$4:$D$103,$K69)),IF(ROW()=$K$3+8,"Дата:","")) | E69: =IF(ISNUMBER($K69),IF(INDEX('Реестр'!$E$4:$E$103,$K69)="","",INDEX('Реестр'!$E$4:$E$103,$K69)),IF(ROW()=$K$3+8,"____________","")) | F69: =IF(ISNUMBER($K69),IF(INDEX('Реестр'!$F$4:$F$103,$K69)="","",INDEX('Реестр'!$F$4:$F$103,$K69)),IF(ROW()=$K$3+5,'Реестр'!F104,"")) | G69: =IF(ISNUMBER($K69),IF(INDEX('Реестр'!$G$4:$G$103,$K69)="","",INDEX('Реестр'!$G$4:$G$103,$K69)),IF(ROW()=$K$3+6,"ЗАКАЗЧИК",IF(ROW()=$K$3+7,"Должн./ФИО:",IF(ROW()=$K$3+8,"Подпись:","")))) | H69: =IF(ISNUMBER($K69),IF(INDEX('Реестр'!$H$4:$H$103,$K69)="","",INDEX('Реестр'!$H$4:$H$103,$K69)),IF(ROW()=$K$3+7,"________________",IF(ROW()=$K$3+8,"________________",""))) | I69: =IF(ISNUMBER($K69),IF(INDEX('Реестр'!$I$4:$I$103,$K69)="","",INDEX('Реестр'!$I$4:$I$103,$K69)),IF(ROW()=$K$3+5,'Реестр'!I104,IF(ROW()=$K$3+8,"Дата:",""))) | J69: =IF(ISNUMBER($K69),IF(INDEX('Реестр'!$J$4:$J$103,$K69)="","",INDEX('Реестр'!$J$4:$J$103,$K69)),IF(ROW()=$K$3+8,"____________","")) | K69: =IFERROR(_xlfn.AGGREGATE(15,6,(ROW('Реестр'!$B$4:$B$103)-3)/((('Реестр'!$B$4:$B$103<>"")+('Реестр'!$C$4:$C$103<>"")+('Реестр'!$D$4:$D$103<>"")+('Реестр'!$E$4:$E$103<>"")+('Реестр'!$G$4:$G$103<>"")+('Реестр'!$H$4:$H$103<>"")+('Реестр'!$J$4:$J$103<>""))>0),ROWS($K$5:K69)),"")
A70: =IF(ISNUMBER($K70),$K70,"") | B70: =IF(ISNUMBER($K70),IF(INDEX('Реестр'!$B$4:$B$103,$K70)="","",INDEX('Реестр'!$B$4:$B$103,$K70)),IF(ROW()=$K$3+5,"ИТОГО",IF(ROW()=$K$3+6,"ПОДРЯДЧИК",IF(ROW()=$K$3+7,"Должн./ФИО:",IF(ROW()=$K$3+8,"Подпись:",""))))) | C70: =IF(ISNUMBER($K70),IF(INDEX('Реестр'!$C$4:$C$103,$K70)="","",INDEX('Реестр'!$C$4:$C$103,$K70)),IF(ROW()=$K$3+7,"________________",IF(ROW()=$K$3+8,"________________",""))) | D70: =IF(ISNUMBER($K70),IF(INDEX('Реестр'!$D$4:$D$103,$K70)="","",INDEX('Реестр'!$D$4:$D$103,$K70)),IF(ROW()=$K$3+8,"Дата:","")) | E70: =IF(ISNUMBER($K70),IF(INDEX('Реестр'!$E$4:$E$103,$K70)="","",INDEX('Реестр'!$E$4:$E$103,$K70)),IF(ROW()=$K$3+8,"____________","")) | F70: =IF(ISNUMBER($K70),IF(INDEX('Реестр'!$F$4:$F$103,$K70)="","",INDEX('Реестр'!$F$4:$F$103,$K70)),IF(ROW()=$K$3+5,'Реестр'!F104,"")) | G70: =IF(ISNUMBER($K70),IF(INDEX('Реестр'!$G$4:$G$103,$K70)="","",INDEX('Реестр'!$G$4:$G$103,$K70)),IF(ROW()=$K$3+6,"ЗАКАЗЧИК",IF(ROW()=$K$3+7,"Должн./ФИО:",IF(ROW()=$K$3+8,"Подпись:","")))) | H70: =IF(ISNUMBER($K70),IF(INDEX('Реестр'!$H$4:$H$103,$K70)="","",INDEX('Реестр'!$H$4:$H$103,$K70)),IF(ROW()=$K$3+7,"________________",IF(ROW()=$K$3+8,"________________",""))) | I70: =IF(ISNUMBER($K70),IF(INDEX('Реестр'!$I$4:$I$103,$K70)="","",INDEX('Реестр'!$I$4:$I$103,$K70)),IF(ROW()=$K$3+5,'Реестр'!I104,IF(ROW()=$K$3+8,"Дата:",""))) | J70: =IF(ISNUMBER($K70),IF(INDEX('Реестр'!$J$4:$J$103,$K70)="","",INDEX('Реестр'!$J$4:$J$103,$K70)),IF(ROW()=$K$3+8,"____________","")) | K70: =IFERROR(_xlfn.AGGREGATE(15,6,(ROW('Реестр'!$B$4:$B$103)-3)/((('Реестр'!$B$4:$B$103<>"")+('Реестр'!$C$4:$C$103<>"")+('Реестр'!$D$4:$D$103<>"")+('Реестр'!$E$4:$E$103<>"")+('Реестр'!$G$4:$G$103<>"")+('Реестр'!$H$4:$H$103<>"")+('Реестр'!$J$4:$J$103<>""))>0),ROWS($K$5:K70)),"")
A71: =IF(ISNUMBER($K71),$K71,"") | B71: =IF(ISNUMBER($K71),IF(INDEX('Реестр'!$B$4:$B$103,$K71)="","",INDEX('Реестр'!$B$4:$B$103,$K71)),IF(ROW()=$K$3+5,"ИТОГО",IF(ROW()=$K$3+6,"ПОДРЯДЧИК",IF(ROW()=$K$3+7,"Должн./ФИО:",IF(ROW()=$K$3+8,"Подпись:",""))))) | C71: =IF(ISNUMBER($K71),IF(INDEX('Реестр'!$C$4:$C$103,$K71)="","",INDEX('Реестр'!$C$4:$C$103,$K71)),IF(ROW()=$K$3+7,"________________",IF(ROW()=$K$3+8,"________________",""))) | D71: =IF(ISNUMBER($K71),IF(INDEX('Реестр'!$D$4:$D$103,$K71)="","",INDEX('Реестр'!$D$4:$D$103,$K71)),IF(ROW()=$K$3+8,"Дата:","")) | E71: =IF(ISNUMBER($K71),IF(INDEX('Реестр'!$E$4:$E$103,$K71)="","",INDEX('Реестр'!$E$4:$E$103,$K71)),IF(ROW()=$K$3+8,"____________","")) | F71: =IF(ISNUMBER($K71),IF(INDEX('Реестр'!$F$4:$F$103,$K71)="","",INDEX('Реестр'!$F$4:$F$103,$K71)),IF(ROW()=$K$3+5,'Реестр'!F104,"")) | G71: =IF(ISNUMBER($K71),IF(INDEX('Реестр'!$G$4:$G$103,$K71)="","",INDEX('Реестр'!$G$4:$G$103,$K71)),IF(ROW()=$K$3+6,"ЗАКАЗЧИК",IF(ROW()=$K$3+7,"Должн./ФИО:",IF(ROW()=$K$3+8,"Подпись:","")))) | H71: =IF(ISNUMBER($K71),IF(INDEX('Реестр'!$H$4:$H$103,$K71)="","",INDEX('Реестр'!$H$4:$H$103,$K71)),IF(ROW()=$K$3+7,"________________",IF(ROW()=$K$3+8,"________________",""))) | I71: =IF(ISNUMBER($K71),IF(INDEX('Реестр'!$I$4:$I$103,$K71)="","",INDEX('Реестр'!$I$4:$I$103,$K71)),IF(ROW()=$K$3+5,'Реестр'!I104,IF(ROW()=$K$3+8,"Дата:",""))) | J71: =IF(ISNUMBER($K71),IF(INDEX('Реестр'!$J$4:$J$103,$K71)="","",INDEX('Реестр'!$J$4:$J$103,$K71)),IF(ROW()=$K$3+8,"____________","")) | K71: =IFERROR(_xlfn.AGGREGATE(15,6,(ROW('Реестр'!$B$4:$B$103)-3)/((('Реестр'!$B$4:$B$103<>"")+('Реестр'!$C$4:$C$103<>"")+('Реестр'!$D$4:$D$103<>"")+('Реестр'!$E$4:$E$103<>"")+('Реестр'!$G$4:$G$103<>"")+('Реестр'!$H$4:$H$103<>"")+('Реестр'!$J$4:$J$103<>""))>0),ROWS($K$5:K71)),"")
A72: =IF(ISNUMBER($K72),$K72,"") | B72: =IF(ISNUMBER($K72),IF(INDEX('Реестр'!$B$4:$B$103,$K72)="","",INDEX('Реестр'!$B$4:$B$103,$K72)),IF(ROW()=$K$3+5,"ИТОГО",IF(ROW()=$K$3+6,"ПОДРЯДЧИК",IF(ROW()=$K$3+7,"Должн./ФИО:",IF(ROW()=$K$3+8,"Подпись:",""))))) | C72: =IF(ISNUMBER($K72),IF(INDEX('Реестр'!$C$4:$C$103,$K72)="","",INDEX('Реестр'!$C$4:$C$103,$K72)),IF(ROW()=$K$3+7,"________________",IF(ROW()=$K$3+8,"________________",""))) | D72: =IF(ISNUMBER($K72),IF(INDEX('Реестр'!$D$4:$D$103,$K72)="","",INDEX('Реестр'!$D$4:$D$103,$K72)),IF(ROW()=$K$3+8,"Дата:","")) | E72: =IF(ISNUMBER($K72),IF(INDEX('Реестр'!$E$4:$E$103,$K72)="","",INDEX('Реестр'!$E$4:$E$103,$K72)),IF(ROW()=$K$3+8,"____________","")) | F72: =IF(ISNUMBER($K72),IF(INDEX('Реестр'!$F$4:$F$103,$K72)="","",INDEX('Реестр'!$F$4:$F$103,$K72)),IF(ROW()=$K$3+5,'Реестр'!F104,"")) | G72: =IF(ISNUMBER($K72),IF(INDEX('Реестр'!$G$4:$G$103,$K72)="","",INDEX('Реестр'!$G$4:$G$103,$K72)),IF(ROW()=$K$3+6,"ЗАКАЗЧИК",IF(ROW()=$K$3+7,"Должн./ФИО:",IF(ROW()=$K$3+8,"Подпись:","")))) | H72: =IF(ISNUMBER($K72),IF(INDEX('Реестр'!$H$4:$H$103,$K72)="","",INDEX('Реестр'!$H$4:$H$103,$K72)),IF(ROW()=$K$3+7,"________________",IF(ROW()=$K$3+8,"________________",""))) | I72: =IF(ISNUMBER($K72),IF(INDEX('Реестр'!$I$4:$I$103,$K72)="","",INDEX('Реестр'!$I$4:$I$103,$K72)),IF(ROW()=$K$3+5,'Реестр'!I104,IF(ROW()=$K$3+8,"Дата:",""))) | J72: =IF(ISNUMBER($K72),IF(INDEX('Реестр'!$J$4:$J$103,$K72)="","",INDEX('Реестр'!$J$4:$J$103,$K72)),IF(ROW()=$K$3+8,"____________","")) | K72: =IFERROR(_xlfn.AGGREGATE(15,6,(ROW('Реестр'!$B$4:$B$103)-3)/((('Реестр'!$B$4:$B$103<>"")+('Реестр'!$C$4:$C$103<>"")+('Реестр'!$D$4:$D$103<>"")+('Реестр'!$E$4:$E$103<>"")+('Реестр'!$G$4:$G$103<>"")+('Реестр'!$H$4:$H$103<>"")+('Реестр'!$J$4:$J$103<>""))>0),ROWS($K$5:K72)),"")
A73: =IF(ISNUMBER($K73),$K73,"") | B73: =IF(ISNUMBER($K73),IF(INDEX('Реестр'!$B$4:$B$103,$K73)="","",INDEX('Реестр'!$B$4:$B$103,$K73)),IF(ROW()=$K$3+5,"ИТОГО",IF(ROW()=$K$3+6,"ПОДРЯДЧИК",IF(ROW()=$K$3+7,"Должн./ФИО:",IF(ROW()=$K$3+8,"Подпись:",""))))) | C73: =IF(ISNUMBER($K73),IF(INDEX('Реестр'!$C$4:$C$103,$K73)="","",INDEX('Реестр'!$C$4:$C$103,$K73)),IF(ROW()=$K$3+7,"________________",IF(ROW()=$K$3+8,"________________",""))) | D73: =IF(ISNUMBER($K73),IF(INDEX('Реестр'!$D$4:$D$103,$K73)="","",INDEX('Реестр'!$D$4:$D$103,$K73)),IF(ROW()=$K$3+8,"Дата:","")) | E73: =IF(ISNUMBER($K73),IF(INDEX('Реестр'!$E$4:$E$103,$K73)="","",INDEX('Реестр'!$E$4:$E$103,$K73)),IF(ROW()=$K$3+8,"____________","")) | F73: =IF(ISNUMBER($K73),IF(INDEX('Реестр'!$F$4:$F$103,$K73)="","",INDEX('Реестр'!$F$4:$F$103,$K73)),IF(ROW()=$K$3+5,'Реестр'!F104,"")) | G73: =IF(ISNUMBER($K73),IF(INDEX('Реестр'!$G$4:$G$103,$K73)="","",INDEX('Реестр'!$G$4:$G$103,$K73)),IF(ROW()=$K$3+6,"ЗАКАЗЧИК",IF(ROW()=$K$3+7,"Должн./ФИО:",IF(ROW()=$K$3+8,"Подпись:","")))) | H73: =IF(ISNUMBER($K73),IF(INDEX('Реестр'!$H$4:$H$103,$K73)="","",INDEX('Реестр'!$H$4:$H$103,$K73)),IF(ROW()=$K$3+7,"________________",IF(ROW()=$K$3+8,"________________",""))) | I73: =IF(ISNUMBER($K73),IF(INDEX('Реестр'!$I$4:$I$103,$K73)="","",INDEX('Реестр'!$I$4:$I$103,$K73)),IF(ROW()=$K$3+5,'Реестр'!I104,IF(ROW()=$K$3+8,"Дата:",""))) | J73: =IF(ISNUMBER($K73),IF(INDEX('Реестр'!$J$4:$J$103,$K73)="","",INDEX('Реестр'!$J$4:$J$103,$K73)),IF(ROW()=$K$3+8,"____________","")) | K73: =IFERROR(_xlfn.AGGREGATE(15,6,(ROW('Реестр'!$B$4:$B$103)-3)/((('Реестр'!$B$4:$B$103<>"")+('Реестр'!$C$4:$C$103<>"")+('Реестр'!$D$4:$D$103<>"")+('Реестр'!$E$4:$E$103<>"")+('Реестр'!$G$4:$G$103<>"")+('Реестр'!$H$4:$H$103<>"")+('Реестр'!$J$4:$J$103<>""))>0),ROWS($K$5:K73)),"")
A74: =IF(ISNUMBER($K74),$K74,"") | B74: =IF(ISNUMBER($K74),IF(INDEX('Реестр'!$B$4:$B$103,$K74)="","",INDEX('Реестр'!$B$4:$B$103,$K74)),IF(ROW()=$K$3+5,"ИТОГО",IF(ROW()=$K$3+6,"ПОДРЯДЧИК",IF(ROW()=$K$3+7,"Должн./ФИО:",IF(ROW()=$K$3+8,"Подпись:",""))))) | C74: =IF(ISNUMBER($K74),IF(INDEX('Реестр'!$C$4:$C$103,$K74)="","",INDEX('Реестр'!$C$4:$C$103,$K74)),IF(ROW()=$K$3+7,"________________",IF(ROW()=$K$3+8,"________________",""))) | D74: =IF(ISNUMBER($K74),IF(INDEX('Реестр'!$D$4:$D$103,$K74)="","",INDEX('Реестр'!$D$4:$D$103,$K74)),IF(ROW()=$K$3+8,"Дата:","")) | E74: =IF(ISNUMBER($K74),IF(INDEX('Реестр'!$E$4:$E$103,$K74)="","",INDEX('Реестр'!$E$4:$E$103,$K74)),IF(ROW()=$K$3+8,"____________","")) | F74: =IF(ISNUMBER($K74),IF(INDEX('Реестр'!$F$4:$F$103,$K74)="","",INDEX('Реестр'!$F$4:$F$103,$K74)),IF(ROW()=$K$3+5,'Реестр'!F104,"")) | G74: =IF(ISNUMBER($K74),IF(INDEX('Реестр'!$G$4:$G$103,$K74)="","",INDEX('Реестр'!$G$4:$G$103,$K74)),IF(ROW()=$K$3+6,"ЗАКАЗЧИК",IF(ROW()=$K$3+7,"Должн./ФИО:",IF(ROW()=$K$3+8,"Подпись:","")))) | H74: =IF(ISNUMBER($K74),IF(INDEX('Реестр'!$H$4:$H$103,$K74)="","",INDEX('Реестр'!$H$4:$H$103,$K74)),IF(ROW()=$K$3+7,"________________",IF(ROW()=$K$3+8,"________________",""))) | I74: =IF(ISNUMBER($K74),IF(INDEX('Реестр'!$I$4:$I$103,$K74)="","",INDEX('Реестр'!$I$4:$I$103,$K74)),IF(ROW()=$K$3+5,'Реестр'!I104,IF(ROW()=$K$3+8,"Дата:",""))) | J74: =IF(ISNUMBER($K74),IF(INDEX('Реестр'!$J$4:$J$103,$K74)="","",INDEX('Реестр'!$J$4:$J$103,$K74)),IF(ROW()=$K$3+8,"____________","")) | K74: =IFERROR(_xlfn.AGGREGATE(15,6,(ROW('Реестр'!$B$4:$B$103)-3)/((('Реестр'!$B$4:$B$103<>"")+('Реестр'!$C$4:$C$103<>"")+('Реестр'!$D$4:$D$103<>"")+('Реестр'!$E$4:$E$103<>"")+('Реестр'!$G$4:$G$103<>"")+('Реестр'!$H$4:$H$103<>"")+('Реестр'!$J$4:$J$103<>""))>0),ROWS($K$5:K74)),"")
A75: =IF(ISNUMBER($K75),$K75,"") | B75: =IF(ISNUMBER($K75),IF(INDEX('Реестр'!$B$4:$B$103,$K75)="","",INDEX('Реестр'!$B$4:$B$103,$K75)),IF(ROW()=$K$3+5,"ИТОГО",IF(ROW()=$K$3+6,"ПОДРЯДЧИК",IF(ROW()=$K$3+7,"Должн./ФИО:",IF(ROW()=$K$3+8,"Подпись:",""))))) | C75: =IF(ISNUMBER($K75),IF(INDEX('Реестр'!$C$4:$C$103,$K75)="","",INDEX('Реестр'!$C$4:$C$103,$K75)),IF(ROW()=$K$3+7,"________________",IF(ROW()=$K$3+8,"________________",""))) | D75: =IF(ISNUMBER($K75),IF(INDEX('Реестр'!$D$4:$D$103,$K75)="","",INDEX('Реестр'!$D$4:$D$103,$K75)),IF(ROW()=$K$3+8,"Дата:","")) | E75: =IF(ISNUMBER($K75),IF(INDEX('Реестр'!$E$4:$E$103,$K75)="","",INDEX('Реестр'!$E$4:$E$103,$K75)),IF(ROW()=$K$3+8,"____________","")) | F75: =IF(ISNUMBER($K75),IF(INDEX('Реестр'!$F$4:$F$103,$K75)="","",INDEX('Реестр'!$F$4:$F$103,$K75)),IF(ROW()=$K$3+5,'Реестр'!F104,"")) | G75: =IF(ISNUMBER($K75),IF(INDEX('Реестр'!$G$4:$G$103,$K75)="","",INDEX('Реестр'!$G$4:$G$103,$K75)),IF(ROW()=$K$3+6,"ЗАКАЗЧИК",IF(ROW()=$K$3+7,"Должн./ФИО:",IF(ROW()=$K$3+8,"Подпись:","")))) | H75: =IF(ISNUMBER($K75),IF(INDEX('Реестр'!$H$4:$H$103,$K75)="","",INDEX('Реестр'!$H$4:$H$103,$K75)),IF(ROW()=$K$3+7,"________________",IF(ROW()=$K$3+8,"________________",""))) | I75: =IF(ISNUMBER($K75),IF(INDEX('Реестр'!$I$4:$I$103,$K75)="","",INDEX('Реестр'!$I$4:$I$103,$K75)),IF(ROW()=$K$3+5,'Реестр'!I104,IF(ROW()=$K$3+8,"Дата:",""))) | J75: =IF(ISNUMBER($K75),IF(INDEX('Реестр'!$J$4:$J$103,$K75)="","",INDEX('Реестр'!$J$4:$J$103,$K75)),IF(ROW()=$K$3+8,"____________","")) | K75: =IFERROR(_xlfn.AGGREGATE(15,6,(ROW('Реестр'!$B$4:$B$103)-3)/((('Реестр'!$B$4:$B$103<>"")+('Реестр'!$C$4:$C$103<>"")+('Реестр'!$D$4:$D$103<>"")+('Реестр'!$E$4:$E$103<>"")+('Реестр'!$G$4:$G$103<>"")+('Реестр'!$H$4:$H$103<>"")+('Реестр'!$J$4:$J$103<>""))>0),ROWS($K$5:K75)),"")
A76: =IF(ISNUMBER($K76),$K76,"") | B76: =IF(ISNUMBER($K76),IF(INDEX('Реестр'!$B$4:$B$103,$K76)="","",INDEX('Реестр'!$B$4:$B$103,$K76)),IF(ROW()=$K$3+5,"ИТОГО",IF(ROW()=$K$3+6,"ПОДРЯДЧИК",IF(ROW()=$K$3+7,"Должн./ФИО:",IF(ROW()=$K$3+8,"Подпись:",""))))) | C76: =IF(ISNUMBER($K76),IF(INDEX('Реестр'!$C$4:$C$103,$K76)="","",INDEX('Реестр'!$C$4:$C$103,$K76)),IF(ROW()=$K$3+7,"________________",IF(ROW()=$K$3+8,"________________",""))) | D76: =IF(ISNUMBER($K76),IF(INDEX('Реестр'!$D$4:$D$103,$K76)="","",INDEX('Реестр'!$D$4:$D$103,$K76)),IF(ROW()=$K$3+8,"Дата:","")) | E76: =IF(ISNUMBER($K76),IF(INDEX('Реестр'!$E$4:$E$103,$K76)="","",INDEX('Реестр'!$E$4:$E$103,$K76)),IF(ROW()=$K$3+8,"____________","")) | F76: =IF(ISNUMBER($K76),IF(INDEX('Реестр'!$F$4:$F$103,$K76)="","",INDEX('Реестр'!$F$4:$F$103,$K76)),IF(ROW()=$K$3+5,'Реестр'!F104,"")) | G76: =IF(ISNUMBER($K76),IF(INDEX('Реестр'!$G$4:$G$103,$K76)="","",INDEX('Реестр'!$G$4:$G$103,$K76)),IF(ROW()=$K$3+6,"ЗАКАЗЧИК",IF(ROW()=$K$3+7,"Должн./ФИО:",IF(ROW()=$K$3+8,"Подпись:","")))) | H76: =IF(ISNUMBER($K76),IF(INDEX('Реестр'!$H$4:$H$103,$K76)="","",INDEX('Реестр'!$H$4:$H$103,$K76)),IF(ROW()=$K$3+7,"________________",IF(ROW()=$K$3+8,"________________",""))) | I76: =IF(ISNUMBER($K76),IF(INDEX('Реестр'!$I$4:$I$103,$K76)="","",INDEX('Реестр'!$I$4:$I$103,$K76)),IF(ROW()=$K$3+5,'Реестр'!I104,IF(ROW()=$K$3+8,"Дата:",""))) | J76: =IF(ISNUMBER($K76),IF(INDEX('Реестр'!$J$4:$J$103,$K76)="","",INDEX('Реестр'!$J$4:$J$103,$K76)),IF(ROW()=$K$3+8,"____________","")) | K76: =IFERROR(_xlfn.AGGREGATE(15,6,(ROW('Реестр'!$B$4:$B$103)-3)/((('Реестр'!$B$4:$B$103<>"")+('Реестр'!$C$4:$C$103<>"")+('Реестр'!$D$4:$D$103<>"")+('Реестр'!$E$4:$E$103<>"")+('Реестр'!$G$4:$G$103<>"")+('Реестр'!$H$4:$H$103<>"")+('Реестр'!$J$4:$J$103<>""))>0),ROWS($K$5:K76)),"")
A77: =IF(ISNUMBER($K77),$K77,"") | B77: =IF(ISNUMBER($K77),IF(INDEX('Реестр'!$B$4:$B$103,$K77)="","",INDEX('Реестр'!$B$4:$B$103,$K77)),IF(ROW()=$K$3+5,"ИТОГО",IF(ROW()=$K$3+6,"ПОДРЯДЧИК",IF(ROW()=$K$3+7,"Должн./ФИО:",IF(ROW()=$K$3+8,"Подпись:",""))))) | C77: =IF(ISNUMBER($K77),IF(INDEX('Реестр'!$C$4:$C$103,$K77)="","",INDEX('Реестр'!$C$4:$C$103,$K77)),IF(ROW()=$K$3+7,"________________",IF(ROW()=$K$3+8,"________________",""))) | D77: =IF(ISNUMBER($K77),IF(INDEX('Реестр'!$D$4:$D$103,$K77)="","",INDEX('Реестр'!$D$4:$D$103,$K77)),IF(ROW()=$K$3+8,"Дата:","")) | E77: =IF(ISNUMBER($K77),IF(INDEX('Реестр'!$E$4:$E$103,$K77)="","",INDEX('Реестр'!$E$4:$E$103,$K77)),IF(ROW()=$K$3+8,"____________","")) | F77: =IF(ISNUMBER($K77),IF(INDEX('Реестр'!$F$4:$F$103,$K77)="","",INDEX('Реестр'!$F$4:$F$103,$K77)),IF(ROW()=$K$3+5,'Реестр'!F104,"")) | G77: =IF(ISNUMBER($K77),IF(INDEX('Реестр'!$G$4:$G$103,$K77)="","",INDEX('Реестр'!$G$4:$G$103,$K77)),IF(ROW()=$K$3+6,"ЗАКАЗЧИК",IF(ROW()=$K$3+7,"Должн./ФИО:",IF(ROW()=$K$3+8,"Подпись:","")))) | H77: =IF(ISNUMBER($K77),IF(INDEX('Реестр'!$H$4:$H$103,$K77)="","",INDEX('Реестр'!$H$4:$H$103,$K77)),IF(ROW()=$K$3+7,"________________",IF(ROW()=$K$3+8,"________________",""))) | I77: =IF(ISNUMBER($K77),IF(INDEX('Реестр'!$I$4:$I$103,$K77)="","",INDEX('Реестр'!$I$4:$I$103,$K77)),IF(ROW()=$K$3+5,'Реестр'!I104,IF(ROW()=$K$3+8,"Дата:",""))) | J77: =IF(ISNUMBER($K77),IF(INDEX('Реестр'!$J$4:$J$103,$K77)="","",INDEX('Реестр'!$J$4:$J$103,$K77)),IF(ROW()=$K$3+8,"____________","")) | K77: =IFERROR(_xlfn.AGGREGATE(15,6,(ROW('Реестр'!$B$4:$B$103)-3)/((('Реестр'!$B$4:$B$103<>"")+('Реестр'!$C$4:$C$103<>"")+('Реестр'!$D$4:$D$103<>"")+('Реестр'!$E$4:$E$103<>"")+('Реестр'!$G$4:$G$103<>"")+('Реестр'!$H$4:$H$103<>"")+('Реестр'!$J$4:$J$103<>""))>0),ROWS($K$5:K77)),"")
A78: =IF(ISNUMBER($K78),$K78,"") | B78: =IF(ISNUMBER($K78),IF(INDEX('Реестр'!$B$4:$B$103,$K78)="","",INDEX('Реестр'!$B$4:$B$103,$K78)),IF(ROW()=$K$3+5,"ИТОГО",IF(ROW()=$K$3+6,"ПОДРЯДЧИК",IF(ROW()=$K$3+7,"Должн./ФИО:",IF(ROW()=$K$3+8,"Подпись:",""))))) | C78: =IF(ISNUMBER($K78),IF(INDEX('Реестр'!$C$4:$C$103,$K78)="","",INDEX('Реестр'!$C$4:$C$103,$K78)),IF(ROW()=$K$3+7,"________________",IF(ROW()=$K$3+8,"________________",""))) | D78: =IF(ISNUMBER($K78),IF(INDEX('Реестр'!$D$4:$D$103,$K78)="","",INDEX('Реестр'!$D$4:$D$103,$K78)),IF(ROW()=$K$3+8,"Дата:","")) | E78: =IF(ISNUMBER($K78),IF(INDEX('Реестр'!$E$4:$E$103,$K78)="","",INDEX('Реестр'!$E$4:$E$103,$K78)),IF(ROW()=$K$3+8,"____________","")) | F78: =IF(ISNUMBER($K78),IF(INDEX('Реестр'!$F$4:$F$103,$K78)="","",INDEX('Реестр'!$F$4:$F$103,$K78)),IF(ROW()=$K$3+5,'Реестр'!F104,"")) | G78: =IF(ISNUMBER($K78),IF(INDEX('Реестр'!$G$4:$G$103,$K78)="","",INDEX('Реестр'!$G$4:$G$103,$K78)),IF(ROW()=$K$3+6,"ЗАКАЗЧИК",IF(ROW()=$K$3+7,"Должн./ФИО:",IF(ROW()=$K$3+8,"Подпись:","")))) | H78: =IF(ISNUMBER($K78),IF(INDEX('Реестр'!$H$4:$H$103,$K78)="","",INDEX('Реестр'!$H$4:$H$103,$K78)),IF(ROW()=$K$3+7,"________________",IF(ROW()=$K$3+8,"________________",""))) | I78: =IF(ISNUMBER($K78),IF(INDEX('Реестр'!$I$4:$I$103,$K78)="","",INDEX('Реестр'!$I$4:$I$103,$K78)),IF(ROW()=$K$3+5,'Реестр'!I104,IF(ROW()=$K$3+8,"Дата:",""))) | J78: =IF(ISNUMBER($K78),IF(INDEX('Реестр'!$J$4:$J$103,$K78)="","",INDEX('Реестр'!$J$4:$J$103,$K78)),IF(ROW()=$K$3+8,"____________","")) | K78: =IFERROR(_xlfn.AGGREGATE(15,6,(ROW('Реестр'!$B$4:$B$103)-3)/((('Реестр'!$B$4:$B$103<>"")+('Реестр'!$C$4:$C$103<>"")+('Реестр'!$D$4:$D$103<>"")+('Реестр'!$E$4:$E$103<>"")+('Реестр'!$G$4:$G$103<>"")+('Реестр'!$H$4:$H$103<>"")+('Реестр'!$J$4:$J$103<>""))>0),ROWS($K$5:K78)),"")
A79: =IF(ISNUMBER($K79),$K79,"") | B79: =IF(ISNUMBER($K79),IF(INDEX('Реестр'!$B$4:$B$103,$K79)="","",INDEX('Реестр'!$B$4:$B$103,$K79)),IF(ROW()=$K$3+5,"ИТОГО",IF(ROW()=$K$3+6,"ПОДРЯДЧИК",IF(ROW()=$K$3+7,"Должн./ФИО:",IF(ROW()=$K$3+8,"Подпись:",""))))) | C79: =IF(ISNUMBER($K79),IF(INDEX('Реестр'!$C$4:$C$103,$K79)="","",INDEX('Реестр'!$C$4:$C$103,$K79)),IF(ROW()=$K$3+7,"________________",IF(ROW()=$K$3+8,"________________",""))) | D79: =IF(ISNUMBER($K79),IF(INDEX('Реестр'!$D$4:$D$103,$K79)="","",INDEX('Реестр'!$D$4:$D$103,$K79)),IF(ROW()=$K$3+8,"Дата:","")) | E79: =IF(ISNUMBER($K79),IF(INDEX('Реестр'!$E$4:$E$103,$K79)="","",INDEX('Реестр'!$E$4:$E$103,$K79)),IF(ROW()=$K$3+8,"____________","")) | F79: =IF(ISNUMBER($K79),IF(INDEX('Реестр'!$F$4:$F$103,$K79)="","",INDEX('Реестр'!$F$4:$F$103,$K79)),IF(ROW()=$K$3+5,'Реестр'!F104,"")) | G79: =IF(ISNUMBER($K79),IF(INDEX('Реестр'!$G$4:$G$103,$K79)="","",INDEX('Реестр'!$G$4:$G$103,$K79)),IF(ROW()=$K$3+6,"ЗАКАЗЧИК",IF(ROW()=$K$3+7,"Должн./ФИО:",IF(ROW()=$K$3+8,"Подпись:","")))) | H79: =IF(ISNUMBER($K79),IF(INDEX('Реестр'!$H$4:$H$103,$K79)="","",INDEX('Реестр'!$H$4:$H$103,$K79)),IF(ROW()=$K$3+7,"________________",IF(ROW()=$K$3+8,"________________",""))) | I79: =IF(ISNUMBER($K79),IF(INDEX('Реестр'!$I$4:$I$103,$K79)="","",INDEX('Реестр'!$I$4:$I$103,$K79)),IF(ROW()=$K$3+5,'Реестр'!I104,IF(ROW()=$K$3+8,"Дата:",""))) | J79: =IF(ISNUMBER($K79),IF(INDEX('Реестр'!$J$4:$J$103,$K79)="","",INDEX('Реестр'!$J$4:$J$103,$K79)),IF(ROW()=$K$3+8,"____________","")) | K79: =IFERROR(_xlfn.AGGREGATE(15,6,(ROW('Реестр'!$B$4:$B$103)-3)/((('Реестр'!$B$4:$B$103<>"")+('Реестр'!$C$4:$C$103<>"")+('Реестр'!$D$4:$D$103<>"")+('Реестр'!$E$4:$E$103<>"")+('Реестр'!$G$4:$G$103<>"")+('Реестр'!$H$4:$H$103<>"")+('Реестр'!$J$4:$J$103<>""))>0),ROWS($K$5:K79)),"")
A80: =IF(ISNUMBER($K80),$K80,"") | B80: =IF(ISNUMBER($K80),IF(INDEX('Реестр'!$B$4:$B$103,$K80)="","",INDEX('Реестр'!$B$4:$B$103,$K80)),IF(ROW()=$K$3+5,"ИТОГО",IF(ROW()=$K$3+6,"ПОДРЯДЧИК",IF(ROW()=$K$3+7,"Должн./ФИО:",IF(ROW()=$K$3+8,"Подпись:",""))))) | C80: =IF(ISNUMBER($K80),IF(INDEX('Реестр'!$C$4:$C$103,$K80)="","",INDEX('Реестр'!$C$4:$C$103,$K80)),IF(ROW()=$K$3+7,"________________",IF(ROW()=$K$3+8,"________________",""))) | D80: =IF(ISNUMBER($K80),IF(INDEX('Реестр'!$D$4:$D$103,$K80)="","",INDEX('Реестр'!$D$4:$D$103,$K80)),IF(ROW()=$K$3+8,"Дата:","")) | E80: =IF(ISNUMBER($K80),IF(INDEX('Реестр'!$E$4:$E$103,$K80)="","",INDEX('Реестр'!$E$4:$E$103,$K80)),IF(ROW()=$K$3+8,"____________","")) | F80: =IF(ISNUMBER($K80),IF(INDEX('Реестр'!$F$4:$F$103,$K80)="","",INDEX('Реестр'!$F$4:$F$103,$K80)),IF(ROW()=$K$3+5,'Реестр'!F104,"")) | G80: =IF(ISNUMBER($K80),IF(INDEX('Реестр'!$G$4:$G$103,$K80)="","",INDEX('Реестр'!$G$4:$G$103,$K80)),IF(ROW()=$K$3+6,"ЗАКАЗЧИК",IF(ROW()=$K$3+7,"Должн./ФИО:",IF(ROW()=$K$3+8,"Подпись:","")))) | H80: =IF(ISNUMBER($K80),IF(INDEX('Реестр'!$H$4:$H$103,$K80)="","",INDEX('Реестр'!$H$4:$H$103,$K80)),IF(ROW()=$K$3+7,"________________",IF(ROW()=$K$3+8,"________________",""))) | I80: =IF(ISNUMBER($K80),IF(INDEX('Реестр'!$I$4:$I$103,$K80)="","",INDEX('Реестр'!$I$4:$I$103,$K80)),IF(ROW()=$K$3+5,'Реестр'!I104,IF(ROW()=$K$3+8,"Дата:",""))) | J80: =IF(ISNUMBER($K80),IF(INDEX('Реестр'!$J$4:$J$103,$K80)="","",INDEX('Реестр'!$J$4:$J$103,$K80)),IF(ROW()=$K$3+8,"____________","")) | K80: =IFERROR(_xlfn.AGGREGATE(15,6,(ROW('Реестр'!$B$4:$B$103)-3)/((('Реестр'!$B$4:$B$103<>"")+('Реестр'!$C$4:$C$103<>"")+('Реестр'!$D$4:$D$103<>"")+('Реестр'!$E$4:$E$103<>"")+('Реестр'!$G$4:$G$103<>"")+('Реестр'!$H$4:$H$103<>"")+('Реестр'!$J$4:$J$103<>""))>0),ROWS($K$5:K80)),"")
A81: =IF(ISNUMBER($K81),$K81,"") | B81: =IF(ISNUMBER($K81),IF(INDEX('Реестр'!$B$4:$B$103,$K81)="","",INDEX('Реестр'!$B$4:$B$103,$K81)),IF(ROW()=$K$3+5,"ИТОГО",IF(ROW()=$K$3+6,"ПОДРЯДЧИК",IF(ROW()=$K$3+7,"Должн./ФИО:",IF(ROW()=$K$3+8,"Подпись:",""))))) | C81: =IF(ISNUMBER($K81),IF(INDEX('Реестр'!$C$4:$C$103,$K81)="","",INDEX('Реестр'!$C$4:$C$103,$K81)),IF(ROW()=$K$3+7,"________________",IF(ROW()=$K$3+8,"________________",""))) | D81: =IF(ISNUMBER($K81),IF(INDEX('Реестр'!$D$4:$D$103,$K81)="","",INDEX('Реестр'!$D$4:$D$103,$K81)),IF(ROW()=$K$3+8,"Дата:","")) | E81: =IF(ISNUMBER($K81),IF(INDEX('Реестр'!$E$4:$E$103,$K81)="","",INDEX('Реестр'!$E$4:$E$103,$K81)),IF(ROW()=$K$3+8,"____________","")) | F81: =IF(ISNUMBER($K81),IF(INDEX('Реестр'!$F$4:$F$103,$K81)="","",INDEX('Реестр'!$F$4:$F$103,$K81)),IF(ROW()=$K$3+5,'Реестр'!F104,"")) | G81: =IF(ISNUMBER($K81),IF(INDEX('Реестр'!$G$4:$G$103,$K81)="","",INDEX('Реестр'!$G$4:$G$103,$K81)),IF(ROW()=$K$3+6,"ЗАКАЗЧИК",IF(ROW()=$K$3+7,"Должн./ФИО:",IF(ROW()=$K$3+8,"Подпись:","")))) | H81: =IF(ISNUMBER($K81),IF(INDEX('Реестр'!$H$4:$H$103,$K81)="","",INDEX('Реестр'!$H$4:$H$103,$K81)),IF(ROW()=$K$3+7,"________________",IF(ROW()=$K$3+8,"________________",""))) | I81: =IF(ISNUMBER($K81),IF(INDEX('Реестр'!$I$4:$I$103,$K81)="","",INDEX('Реестр'!$I$4:$I$103,$K81)),IF(ROW()=$K$3+5,'Реестр'!I104,IF(ROW()=$K$3+8,"Дата:",""))) | J81: =IF(ISNUMBER($K81),IF(INDEX('Реестр'!$J$4:$J$103,$K81)="","",INDEX('Реестр'!$J$4:$J$103,$K81)),IF(ROW()=$K$3+8,"____________","")) | K81: =IFERROR(_xlfn.AGGREGATE(15,6,(ROW('Реестр'!$B$4:$B$103)-3)/((('Реестр'!$B$4:$B$103<>"")+('Реестр'!$C$4:$C$103<>"")+('Реестр'!$D$4:$D$103<>"")+('Реестр'!$E$4:$E$103<>"")+('Реестр'!$G$4:$G$103<>"")+('Реестр'!$H$4:$H$103<>"")+('Реестр'!$J$4:$J$103<>""))>0),ROWS($K$5:K81)),"")
A82: =IF(ISNUMBER($K82),$K82,"") | B82: =IF(ISNUMBER($K82),IF(INDEX('Реестр'!$B$4:$B$103,$K82)="","",INDEX('Реестр'!$B$4:$B$103,$K82)),IF(ROW()=$K$3+5,"ИТОГО",IF(ROW()=$K$3+6,"ПОДРЯДЧИК",IF(ROW()=$K$3+7,"Должн./ФИО:",IF(ROW()=$K$3+8,"Подпись:",""))))) | C82: =IF(ISNUMBER($K82),IF(INDEX('Реестр'!$C$4:$C$103,$K82)="","",INDEX('Реестр'!$C$4:$C$103,$K82)),IF(ROW()=$K$3+7,"________________",IF(ROW()=$K$3+8,"________________",""))) | D82: =IF(ISNUMBER($K82),IF(INDEX('Реестр'!$D$4:$D$103,$K82)="","",INDEX('Реестр'!$D$4:$D$103,$K82)),IF(ROW()=$K$3+8,"Дата:","")) | E82: =IF(ISNUMBER($K82),IF(INDEX('Реестр'!$E$4:$E$103,$K82)="","",INDEX('Реестр'!$E$4:$E$103,$K82)),IF(ROW()=$K$3+8,"____________","")) | F82: =IF(ISNUMBER($K82),IF(INDEX('Реестр'!$F$4:$F$103,$K82)="","",INDEX('Реестр'!$F$4:$F$103,$K82)),IF(ROW()=$K$3+5,'Реестр'!F104,"")) | G82: =IF(ISNUMBER($K82),IF(INDEX('Реестр'!$G$4:$G$103,$K82)="","",INDEX('Реестр'!$G$4:$G$103,$K82)),IF(ROW()=$K$3+6,"ЗАКАЗЧИК",IF(ROW()=$K$3+7,"Должн./ФИО:",IF(ROW()=$K$3+8,"Подпись:","")))) | H82: =IF(ISNUMBER($K82),IF(INDEX('Реестр'!$H$4:$H$103,$K82)="","",INDEX('Реестр'!$H$4:$H$103,$K82)),IF(ROW()=$K$3+7,"________________",IF(ROW()=$K$3+8,"________________",""))) | I82: =IF(ISNUMBER($K82),IF(INDEX('Реестр'!$I$4:$I$103,$K82)="","",INDEX('Реестр'!$I$4:$I$103,$K82)),IF(ROW()=$K$3+5,'Реестр'!I104,IF(ROW()=$K$3+8,"Дата:",""))) | J82: =IF(ISNUMBER($K82),IF(INDEX('Реестр'!$J$4:$J$103,$K82)="","",INDEX('Реестр'!$J$4:$J$103,$K82)),IF(ROW()=$K$3+8,"____________","")) | K82: =IFERROR(_xlfn.AGGREGATE(15,6,(ROW('Реестр'!$B$4:$B$103)-3)/((('Реестр'!$B$4:$B$103<>"")+('Реестр'!$C$4:$C$103<>"")+('Реестр'!$D$4:$D$103<>"")+('Реестр'!$E$4:$E$103<>"")+('Реестр'!$G$4:$G$103<>"")+('Реестр'!$H$4:$H$103<>"")+('Реестр'!$J$4:$J$103<>""))>0),ROWS($K$5:K82)),"")
A83: =IF(ISNUMBER($K83),$K83,"") | B83: =IF(ISNUMBER($K83),IF(INDEX('Реестр'!$B$4:$B$103,$K83)="","",INDEX('Реестр'!$B$4:$B$103,$K83)),IF(ROW()=$K$3+5,"ИТОГО",IF(ROW()=$K$3+6,"ПОДРЯДЧИК",IF(ROW()=$K$3+7,"Должн./ФИО:",IF(ROW()=$K$3+8,"Подпись:",""))))) | C83: =IF(ISNUMBER($K83),IF(INDEX('Реестр'!$C$4:$C$103,$K83)="","",INDEX('Реестр'!$C$4:$C$103,$K83)),IF(ROW()=$K$3+7,"________________",IF(ROW()=$K$3+8,"________________",""))) | D83: =IF(ISNUMBER($K83),IF(INDEX('Реестр'!$D$4:$D$103,$K83)="","",INDEX('Реестр'!$D$4:$D$103,$K83)),IF(ROW()=$K$3+8,"Дата:","")) | E83: =IF(ISNUMBER($K83),IF(INDEX('Реестр'!$E$4:$E$103,$K83)="","",INDEX('Реестр'!$E$4:$E$103,$K83)),IF(ROW()=$K$3+8,"____________","")) | F83: =IF(ISNUMBER($K83),IF(INDEX('Реестр'!$F$4:$F$103,$K83)="","",INDEX('Реестр'!$F$4:$F$103,$K83)),IF(ROW()=$K$3+5,'Реестр'!F104,"")) | G83: =IF(ISNUMBER($K83),IF(INDEX('Реестр'!$G$4:$G$103,$K83)="","",INDEX('Реестр'!$G$4:$G$103,$K83)),IF(ROW()=$K$3+6,"ЗАКАЗЧИК",IF(ROW()=$K$3+7,"Должн./ФИО:",IF(ROW()=$K$3+8,"Подпись:","")))) | H83: =IF(ISNUMBER($K83),IF(INDEX('Реестр'!$H$4:$H$103,$K83)="","",INDEX('Реестр'!$H$4:$H$103,$K83)),IF(ROW()=$K$3+7,"________________",IF(ROW()=$K$3+8,"________________",""))) | I83: =IF(ISNUMBER($K83),IF(INDEX('Реестр'!$I$4:$I$103,$K83)="","",INDEX('Реестр'!$I$4:$I$103,$K83)),IF(ROW()=$K$3+5,'Реестр'!I104,IF(ROW()=$K$3+8,"Дата:",""))) | J83: =IF(ISNUMBER($K83),IF(INDEX('Реестр'!$J$4:$J$103,$K83)="","",INDEX('Реестр'!$J$4:$J$103,$K83)),IF(ROW()=$K$3+8,"____________","")) | K83: =IFERROR(_xlfn.AGGREGATE(15,6,(ROW('Реестр'!$B$4:$B$103)-3)/((('Реестр'!$B$4:$B$103<>"")+('Реестр'!$C$4:$C$103<>"")+('Реестр'!$D$4:$D$103<>"")+('Реестр'!$E$4:$E$103<>"")+('Реестр'!$G$4:$G$103<>"")+('Реестр'!$H$4:$H$103<>"")+('Реестр'!$J$4:$J$103<>""))>0),ROWS($K$5:K83)),"")
A84: =IF(ISNUMBER($K84),$K84,"") | B84: =IF(ISNUMBER($K84),IF(INDEX('Реестр'!$B$4:$B$103,$K84)="","",INDEX('Реестр'!$B$4:$B$103,$K84)),IF(ROW()=$K$3+5,"ИТОГО",IF(ROW()=$K$3+6,"ПОДРЯДЧИК",IF(ROW()=$K$3+7,"Должн./ФИО:",IF(ROW()=$K$3+8,"Подпись:",""))))) | C84: =IF(ISNUMBER($K84),IF(INDEX('Реестр'!$C$4:$C$103,$K84)="","",INDEX('Реестр'!$C$4:$C$103,$K84)),IF(ROW()=$K$3+7,"________________",IF(ROW()=$K$3+8,"________________",""))) | D84: =IF(ISNUMBER($K84),IF(INDEX('Реестр'!$D$4:$D$103,$K84)="","",INDEX('Реестр'!$D$4:$D$103,$K84)),IF(ROW()=$K$3+8,"Дата:","")) | E84: =IF(ISNUMBER($K84),IF(INDEX('Реестр'!$E$4:$E$103,$K84)="","",INDEX('Реестр'!$E$4:$E$103,$K84)),IF(ROW()=$K$3+8,"____________","")) | F84: =IF(ISNUMBER($K84),IF(INDEX('Реестр'!$F$4:$F$103,$K84)="","",INDEX('Реестр'!$F$4:$F$103,$K84)),IF(ROW()=$K$3+5,'Реестр'!F104,"")) | G84: =IF(ISNUMBER($K84),IF(INDEX('Реестр'!$G$4:$G$103,$K84)="","",INDEX('Реестр'!$G$4:$G$103,$K84)),IF(ROW()=$K$3+6,"ЗАКАЗЧИК",IF(ROW()=$K$3+7,"Должн./ФИО:",IF(ROW()=$K$3+8,"Подпись:","")))) | H84: =IF(ISNUMBER($K84),IF(INDEX('Реестр'!$H$4:$H$103,$K84)="","",INDEX('Реестр'!$H$4:$H$103,$K84)),IF(ROW()=$K$3+7,"________________",IF(ROW()=$K$3+8,"________________",""))) | I84: =IF(ISNUMBER($K84),IF(INDEX('Реестр'!$I$4:$I$103,$K84)="","",INDEX('Реестр'!$I$4:$I$103,$K84)),IF(ROW()=$K$3+5,'Реестр'!I104,IF(ROW()=$K$3+8,"Дата:",""))) | J84: =IF(ISNUMBER($K84),IF(INDEX('Реестр'!$J$4:$J$103,$K84)="","",INDEX('Реестр'!$J$4:$J$103,$K84)),IF(ROW()=$K$3+8,"____________","")) | K84: =IFERROR(_xlfn.AGGREGATE(15,6,(ROW('Реестр'!$B$4:$B$103)-3)/((('Реестр'!$B$4:$B$103<>"")+('Реестр'!$C$4:$C$103<>"")+('Реестр'!$D$4:$D$103<>"")+('Реестр'!$E$4:$E$103<>"")+('Реестр'!$G$4:$G$103<>"")+('Реестр'!$H$4:$H$103<>"")+('Реестр'!$J$4:$J$103<>""))>0),ROWS($K$5:K84)),"")
A85: =IF(ISNUMBER($K85),$K85,"") | B85: =IF(ISNUMBER($K85),IF(INDEX('Реестр'!$B$4:$B$103,$K85)="","",INDEX('Реестр'!$B$4:$B$103,$K85)),IF(ROW()=$K$3+5,"ИТОГО",IF(ROW()=$K$3+6,"ПОДРЯДЧИК",IF(ROW()=$K$3+7,"Должн./ФИО:",IF(ROW()=$K$3+8,"Подпись:",""))))) | C85: =IF(ISNUMBER($K85),IF(INDEX('Реестр'!$C$4:$C$103,$K85)="","",INDEX('Реестр'!$C$4:$C$103,$K85)),IF(ROW()=$K$3+7,"________________",IF(ROW()=$K$3+8,"________________",""))) | D85: =IF(ISNUMBER($K85),IF(INDEX('Реестр'!$D$4:$D$103,$K85)="","",INDEX('Реестр'!$D$4:$D$103,$K85)),IF(ROW()=$K$3+8,"Дата:","")) | E85: =IF(ISNUMBER($K85),IF(INDEX('Реестр'!$E$4:$E$103,$K85)="","",INDEX('Реестр'!$E$4:$E$103,$K85)),IF(ROW()=$K$3+8,"____________","")) | F85: =IF(ISNUMBER($K85),IF(INDEX('Реестр'!$F$4:$F$103,$K85)="","",INDEX('Реестр'!$F$4:$F$103,$K85)),IF(ROW()=$K$3+5,'Реестр'!F104,"")) | G85: =IF(ISNUMBER($K85),IF(INDEX('Реестр'!$G$4:$G$103,$K85)="","",INDEX('Реестр'!$G$4:$G$103,$K85)),IF(ROW()=$K$3+6,"ЗАКАЗЧИК",IF(ROW()=$K$3+7,"Должн./ФИО:",IF(ROW()=$K$3+8,"Подпись:","")))) | H85: =IF(ISNUMBER($K85),IF(INDEX('Реестр'!$H$4:$H$103,$K85)="","",INDEX('Реестр'!$H$4:$H$103,$K85)),IF(ROW()=$K$3+7,"________________",IF(ROW()=$K$3+8,"________________",""))) | I85: =IF(ISNUMBER($K85),IF(INDEX('Реестр'!$I$4:$I$103,$K85)="","",INDEX('Реестр'!$I$4:$I$103,$K85)),IF(ROW()=$K$3+5,'Реестр'!I104,IF(ROW()=$K$3+8,"Дата:",""))) | J85: =IF(ISNUMBER($K85),IF(INDEX('Реестр'!$J$4:$J$103,$K85)="","",INDEX('Реестр'!$J$4:$J$103,$K85)),IF(ROW()=$K$3+8,"____________","")) | K85: =IFERROR(_xlfn.AGGREGATE(15,6,(ROW('Реестр'!$B$4:$B$103)-3)/((('Реестр'!$B$4:$B$103<>"")+('Реестр'!$C$4:$C$103<>"")+('Реестр'!$D$4:$D$103<>"")+('Реестр'!$E$4:$E$103<>"")+('Реестр'!$G$4:$G$103<>"")+('Реестр'!$H$4:$H$103<>"")+('Реестр'!$J$4:$J$103<>""))>0),ROWS($K$5:K85)),"")
A86: =IF(ISNUMBER($K86),$K86,"") | B86: =IF(ISNUMBER($K86),IF(INDEX('Реестр'!$B$4:$B$103,$K86)="","",INDEX('Реестр'!$B$4:$B$103,$K86)),IF(ROW()=$K$3+5,"ИТОГО",IF(ROW()=$K$3+6,"ПОДРЯДЧИК",IF(ROW()=$K$3+7,"Должн./ФИО:",IF(ROW()=$K$3+8,"Подпись:",""))))) | C86: =IF(ISNUMBER($K86),IF(INDEX('Реестр'!$C$4:$C$103,$K86)="","",INDEX('Реестр'!$C$4:$C$103,$K86)),IF(ROW()=$K$3+7,"________________",IF(ROW()=$K$3+8,"________________",""))) | D86: =IF(ISNUMBER($K86),IF(INDEX('Реестр'!$D$4:$D$103,$K86)="","",INDEX('Реестр'!$D$4:$D$103,$K86)),IF(ROW()=$K$3+8,"Дата:","")) | E86: =IF(ISNUMBER($K86),IF(INDEX('Реестр'!$E$4:$E$103,$K86)="","",INDEX('Реестр'!$E$4:$E$103,$K86)),IF(ROW()=$K$3+8,"____________","")) | F86: =IF(ISNUMBER($K86),IF(INDEX('Реестр'!$F$4:$F$103,$K86)="","",INDEX('Реестр'!$F$4:$F$103,$K86)),IF(ROW()=$K$3+5,'Реестр'!F104,"")) | G86: =IF(ISNUMBER($K86),IF(INDEX('Реестр'!$G$4:$G$103,$K86)="","",INDEX('Реестр'!$G$4:$G$103,$K86)),IF(ROW()=$K$3+6,"ЗАКАЗЧИК",IF(ROW()=$K$3+7,"Должн./ФИО:",IF(ROW()=$K$3+8,"Подпись:","")))) | H86: =IF(ISNUMBER($K86),IF(INDEX('Реестр'!$H$4:$H$103,$K86)="","",INDEX('Реестр'!$H$4:$H$103,$K86)),IF(ROW()=$K$3+7,"________________",IF(ROW()=$K$3+8,"________________",""))) | I86: =IF(ISNUMBER($K86),IF(INDEX('Реестр'!$I$4:$I$103,$K86)="","",INDEX('Реестр'!$I$4:$I$103,$K86)),IF(ROW()=$K$3+5,'Реестр'!I104,IF(ROW()=$K$3+8,"Дата:",""))) | J86: =IF(ISNUMBER($K86),IF(INDEX('Реестр'!$J$4:$J$103,$K86)="","",INDEX('Реестр'!$J$4:$J$103,$K86)),IF(ROW()=$K$3+8,"____________","")) | K86: =IFERROR(_xlfn.AGGREGATE(15,6,(ROW('Реестр'!$B$4:$B$103)-3)/((('Реестр'!$B$4:$B$103<>"")+('Реестр'!$C$4:$C$103<>"")+('Реестр'!$D$4:$D$103<>"")+('Реестр'!$E$4:$E$103<>"")+('Реестр'!$G$4:$G$103<>"")+('Реестр'!$H$4:$H$103<>"")+('Реестр'!$J$4:$J$103<>""))>0),ROWS($K$5:K86)),"")
A87: =IF(ISNUMBER($K87),$K87,"") | B87: =IF(ISNUMBER($K87),IF(INDEX('Реестр'!$B$4:$B$103,$K87)="","",INDEX('Реестр'!$B$4:$B$103,$K87)),IF(ROW()=$K$3+5,"ИТОГО",IF(ROW()=$K$3+6,"ПОДРЯДЧИК",IF(ROW()=$K$3+7,"Должн./ФИО:",IF(ROW()=$K$3+8,"Подпись:",""))))) | C87: =IF(ISNUMBER($K87),IF(INDEX('Реестр'!$C$4:$C$103,$K87)="","",INDEX('Реестр'!$C$4:$C$103,$K87)),IF(ROW()=$K$3+7,"________________",IF(ROW()=$K$3+8,"________________",""))) | D87: =IF(ISNUMBER($K87),IF(INDEX('Реестр'!$D$4:$D$103,$K87)="","",INDEX('Реестр'!$D$4:$D$103,$K87)),IF(ROW()=$K$3+8,"Дата:","")) | E87: =IF(ISNUMBER($K87),IF(INDEX('Реестр'!$E$4:$E$103,$K87)="","",INDEX('Реестр'!$E$4:$E$103,$K87)),IF(ROW()=$K$3+8,"____________","")) | F87: =IF(ISNUMBER($K87),IF(INDEX('Реестр'!$F$4:$F$103,$K87)="","",INDEX('Реестр'!$F$4:$F$103,$K87)),IF(ROW()=$K$3+5,'Реестр'!F104,"")) | G87: =IF(ISNUMBER($K87),IF(INDEX('Реестр'!$G$4:$G$103,$K87)="","",INDEX('Реестр'!$G$4:$G$103,$K87)),IF(ROW()=$K$3+6,"ЗАКАЗЧИК",IF(ROW()=$K$3+7,"Должн./ФИО:",IF(ROW()=$K$3+8,"Подпись:","")))) | H87: =IF(ISNUMBER($K87),IF(INDEX('Реестр'!$H$4:$H$103,$K87)="","",INDEX('Реестр'!$H$4:$H$103,$K87)),IF(ROW()=$K$3+7,"________________",IF(ROW()=$K$3+8,"________________",""))) | I87: =IF(ISNUMBER($K87),IF(INDEX('Реестр'!$I$4:$I$103,$K87)="","",INDEX('Реестр'!$I$4:$I$103,$K87)),IF(ROW()=$K$3+5,'Реестр'!I104,IF(ROW()=$K$3+8,"Дата:",""))) | J87: =IF(ISNUMBER($K87),IF(INDEX('Реестр'!$J$4:$J$103,$K87)="","",INDEX('Реестр'!$J$4:$J$103,$K87)),IF(ROW()=$K$3+8,"____________","")) | K87: =IFERROR(_xlfn.AGGREGATE(15,6,(ROW('Реестр'!$B$4:$B$103)-3)/((('Реестр'!$B$4:$B$103<>"")+('Реестр'!$C$4:$C$103<>"")+('Реестр'!$D$4:$D$103<>"")+('Реестр'!$E$4:$E$103<>"")+('Реестр'!$G$4:$G$103<>"")+('Реестр'!$H$4:$H$103<>"")+('Реестр'!$J$4:$J$103<>""))>0),ROWS($K$5:K87)),"")
A88: =IF(ISNUMBER($K88),$K88,"") | B88: =IF(ISNUMBER($K88),IF(INDEX('Реестр'!$B$4:$B$103,$K88)="","",INDEX('Реестр'!$B$4:$B$103,$K88)),IF(ROW()=$K$3+5,"ИТОГО",IF(ROW()=$K$3+6,"ПОДРЯДЧИК",IF(ROW()=$K$3+7,"Должн./ФИО:",IF(ROW()=$K$3+8,"Подпись:",""))))) | C88: =IF(ISNUMBER($K88),IF(INDEX('Реестр'!$C$4:$C$103,$K88)="","",INDEX('Реестр'!$C$4:$C$103,$K88)),IF(ROW()=$K$3+7,"________________",IF(ROW()=$K$3+8,"________________",""))) | D88: =IF(ISNUMBER($K88),IF(INDEX('Реестр'!$D$4:$D$103,$K88)="","",INDEX('Реестр'!$D$4:$D$103,$K88)),IF(ROW()=$K$3+8,"Дата:","")) | E88: =IF(ISNUMBER($K88),IF(INDEX('Реестр'!$E$4:$E$103,$K88)="","",INDEX('Реестр'!$E$4:$E$103,$K88)),IF(ROW()=$K$3+8,"____________","")) | F88: =IF(ISNUMBER($K88),IF(INDEX('Реестр'!$F$4:$F$103,$K88)="","",INDEX('Реестр'!$F$4:$F$103,$K88)),IF(ROW()=$K$3+5,'Реестр'!F104,"")) | G88: =IF(ISNUMBER($K88),IF(INDEX('Реестр'!$G$4:$G$103,$K88)="","",INDEX('Реестр'!$G$4:$G$103,$K88)),IF(ROW()=$K$3+6,"ЗАКАЗЧИК",IF(ROW()=$K$3+7,"Должн./ФИО:",IF(ROW()=$K$3+8,"Подпись:","")))) | H88: =IF(ISNUMBER($K88),IF(INDEX('Реестр'!$H$4:$H$103,$K88)="","",INDEX('Реестр'!$H$4:$H$103,$K88)),IF(ROW()=$K$3+7,"________________",IF(ROW()=$K$3+8,"________________",""))) | I88: =IF(ISNUMBER($K88),IF(INDEX('Реестр'!$I$4:$I$103,$K88)="","",INDEX('Реестр'!$I$4:$I$103,$K88)),IF(ROW()=$K$3+5,'Реестр'!I104,IF(ROW()=$K$3+8,"Дата:",""))) | J88: =IF(ISNUMBER($K88),IF(INDEX('Реестр'!$J$4:$J$103,$K88)="","",INDEX('Реестр'!$J$4:$J$103,$K88)),IF(ROW()=$K$3+8,"____________","")) | K88: =IFERROR(_xlfn.AGGREGATE(15,6,(ROW('Реестр'!$B$4:$B$103)-3)/((('Реестр'!$B$4:$B$103<>"")+('Реестр'!$C$4:$C$103<>"")+('Реестр'!$D$4:$D$103<>"")+('Реестр'!$E$4:$E$103<>"")+('Реестр'!$G$4:$G$103<>"")+('Реестр'!$H$4:$H$103<>"")+('Реестр'!$J$4:$J$103<>""))>0),ROWS($K$5:K88)),"")
A89: =IF(ISNUMBER($K89),$K89,"") | B89: =IF(ISNUMBER($K89),IF(INDEX('Реестр'!$B$4:$B$103,$K89)="","",INDEX('Реестр'!$B$4:$B$103,$K89)),IF(ROW()=$K$3+5,"ИТОГО",IF(ROW()=$K$3+6,"ПОДРЯДЧИК",IF(ROW()=$K$3+7,"Должн./ФИО:",IF(ROW()=$K$3+8,"Подпись:",""))))) | C89: =IF(ISNUMBER($K89),IF(INDEX('Реестр'!$C$4:$C$103,$K89)="","",INDEX('Реестр'!$C$4:$C$103,$K89)),IF(ROW()=$K$3+7,"________________",IF(ROW()=$K$3+8,"________________",""))) | D89: =IF(ISNUMBER($K89),IF(INDEX('Реестр'!$D$4:$D$103,$K89)="","",INDEX('Реестр'!$D$4:$D$103,$K89)),IF(ROW()=$K$3+8,"Дата:","")) | E89: =IF(ISNUMBER($K89),IF(INDEX('Реестр'!$E$4:$E$103,$K89)="","",INDEX('Реестр'!$E$4:$E$103,$K89)),IF(ROW()=$K$3+8,"____________","")) | F89: =IF(ISNUMBER($K89),IF(INDEX('Реестр'!$F$4:$F$103,$K89)="","",INDEX('Реестр'!$F$4:$F$103,$K89)),IF(ROW()=$K$3+5,'Реестр'!F104,"")) | G89: =IF(ISNUMBER($K89),IF(INDEX('Реестр'!$G$4:$G$103,$K89)="","",INDEX('Реестр'!$G$4:$G$103,$K89)),IF(ROW()=$K$3+6,"ЗАКАЗЧИК",IF(ROW()=$K$3+7,"Должн./ФИО:",IF(ROW()=$K$3+8,"Подпись:","")))) | H89: =IF(ISNUMBER($K89),IF(INDEX('Реестр'!$H$4:$H$103,$K89)="","",INDEX('Реестр'!$H$4:$H$103,$K89)),IF(ROW()=$K$3+7,"________________",IF(ROW()=$K$3+8,"________________",""))) | I89: =IF(ISNUMBER($K89),IF(INDEX('Реестр'!$I$4:$I$103,$K89)="","",INDEX('Реестр'!$I$4:$I$103,$K89)),IF(ROW()=$K$3+5,'Реестр'!I104,IF(ROW()=$K$3+8,"Дата:",""))) | J89: =IF(ISNUMBER($K89),IF(INDEX('Реестр'!$J$4:$J$103,$K89)="","",INDEX('Реестр'!$J$4:$J$103,$K89)),IF(ROW()=$K$3+8,"____________","")) | K89: =IFERROR(_xlfn.AGGREGATE(15,6,(ROW('Реестр'!$B$4:$B$103)-3)/((('Реестр'!$B$4:$B$103<>"")+('Реестр'!$C$4:$C$103<>"")+('Реестр'!$D$4:$D$103<>"")+('Реестр'!$E$4:$E$103<>"")+('Реестр'!$G$4:$G$103<>"")+('Реестр'!$H$4:$H$103<>"")+('Реестр'!$J$4:$J$103<>""))>0),ROWS($K$5:K89)),"")
A90: =IF(ISNUMBER($K90),$K90,"") | B90: =IF(ISNUMBER($K90),IF(INDEX('Реестр'!$B$4:$B$103,$K90)="","",INDEX('Реестр'!$B$4:$B$103,$K90)),IF(ROW()=$K$3+5,"ИТОГО",IF(ROW()=$K$3+6,"ПОДРЯДЧИК",IF(ROW()=$K$3+7,"Должн./ФИО:",IF(ROW()=$K$3+8,"Подпись:",""))))) | C90: =IF(ISNUMBER($K90),IF(INDEX('Реестр'!$C$4:$C$103,$K90)="","",INDEX('Реестр'!$C$4:$C$103,$K90)),IF(ROW()=$K$3+7,"________________",IF(ROW()=$K$3+8,"________________",""))) | D90: =IF(ISNUMBER($K90),IF(INDEX('Реестр'!$D$4:$D$103,$K90)="","",INDEX('Реестр'!$D$4:$D$103,$K90)),IF(ROW()=$K$3+8,"Дата:","")) | E90: =IF(ISNUMBER($K90),IF(INDEX('Реестр'!$E$4:$E$103,$K90)="","",INDEX('Реестр'!$E$4:$E$103,$K90)),IF(ROW()=$K$3+8,"____________","")) | F90: =IF(ISNUMBER($K90),IF(INDEX('Реестр'!$F$4:$F$103,$K90)="","",INDEX('Реестр'!$F$4:$F$103,$K90)),IF(ROW()=$K$3+5,'Реестр'!F104,"")) | G90: =IF(ISNUMBER($K90),IF(INDEX('Реестр'!$G$4:$G$103,$K90)="","",INDEX('Реестр'!$G$4:$G$103,$K90)),IF(ROW()=$K$3+6,"ЗАКАЗЧИК",IF(ROW()=$K$3+7,"Должн./ФИО:",IF(ROW()=$K$3+8,"Подпись:","")))) | H90: =IF(ISNUMBER($K90),IF(INDEX('Реестр'!$H$4:$H$103,$K90)="","",INDEX('Реестр'!$H$4:$H$103,$K90)),IF(ROW()=$K$3+7,"________________",IF(ROW()=$K$3+8,"________________",""))) | I90: =IF(ISNUMBER($K90),IF(INDEX('Реестр'!$I$4:$I$103,$K90)="","",INDEX('Реестр'!$I$4:$I$103,$K90)),IF(ROW()=$K$3+5,'Реестр'!I104,IF(ROW()=$K$3+8,"Дата:",""))) | J90: =IF(ISNUMBER($K90),IF(INDEX('Реестр'!$J$4:$J$103,$K90)="","",INDEX('Реестр'!$J$4:$J$103,$K90)),IF(ROW()=$K$3+8,"____________","")) | K90: =IFERROR(_xlfn.AGGREGATE(15,6,(ROW('Реестр'!$B$4:$B$103)-3)/((('Реестр'!$B$4:$B$103<>"")+('Реестр'!$C$4:$C$103<>"")+('Реестр'!$D$4:$D$103<>"")+('Реестр'!$E$4:$E$103<>"")+('Реестр'!$G$4:$G$103<>"")+('Реестр'!$H$4:$H$103<>"")+('Реестр'!$J$4:$J$103<>""))>0),ROWS($K$5:K90)),"")
A91: =IF(ISNUMBER($K91),$K91,"") | B91: =IF(ISNUMBER($K91),IF(INDEX('Реестр'!$B$4:$B$103,$K91)="","",INDEX('Реестр'!$B$4:$B$103,$K91)),IF(ROW()=$K$3+5,"ИТОГО",IF(ROW()=$K$3+6,"ПОДРЯДЧИК",IF(ROW()=$K$3+7,"Должн./ФИО:",IF(ROW()=$K$3+8,"Подпись:",""))))) | C91: =IF(ISNUMBER($K91),IF(INDEX('Реестр'!$C$4:$C$103,$K91)="","",INDEX('Реестр'!$C$4:$C$103,$K91)),IF(ROW()=$K$3+7,"________________",IF(ROW()=$K$3+8,"________________",""))) | D91: =IF(ISNUMBER($K91),IF(INDEX('Реестр'!$D$4:$D$103,$K91)="","",INDEX('Реестр'!$D$4:$D$103,$K91)),IF(ROW()=$K$3+8,"Дата:","")) | E91: =IF(ISNUMBER($K91),IF(INDEX('Реестр'!$E$4:$E$103,$K91)="","",INDEX('Реестр'!$E$4:$E$103,$K91)),IF(ROW()=$K$3+8,"____________","")) | F91: =IF(ISNUMBER($K91),IF(INDEX('Реестр'!$F$4:$F$103,$K91)="","",INDEX('Реестр'!$F$4:$F$103,$K91)),IF(ROW()=$K$3+5,'Реестр'!F104,"")) | G91: =IF(ISNUMBER($K91),IF(INDEX('Реестр'!$G$4:$G$103,$K91)="","",INDEX('Реестр'!$G$4:$G$103,$K91)),IF(ROW()=$K$3+6,"ЗАКАЗЧИК",IF(ROW()=$K$3+7,"Должн./ФИО:",IF(ROW()=$K$3+8,"Подпись:","")))) | H91: =IF(ISNUMBER($K91),IF(INDEX('Реестр'!$H$4:$H$103,$K91)="","",INDEX('Реестр'!$H$4:$H$103,$K91)),IF(ROW()=$K$3+7,"________________",IF(ROW()=$K$3+8,"________________",""))) | I91: =IF(ISNUMBER($K91),IF(INDEX('Реестр'!$I$4:$I$103,$K91)="","",INDEX('Реестр'!$I$4:$I$103,$K91)),IF(ROW()=$K$3+5,'Реестр'!I104,IF(ROW()=$K$3+8,"Дата:",""))) | J91: =IF(ISNUMBER($K91),IF(INDEX('Реестр'!$J$4:$J$103,$K91)="","",INDEX('Реестр'!$J$4:$J$103,$K91)),IF(ROW()=$K$3+8,"____________","")) | K91: =IFERROR(_xlfn.AGGREGATE(15,6,(ROW('Реестр'!$B$4:$B$103)-3)/((('Реестр'!$B$4:$B$103<>"")+('Реестр'!$C$4:$C$103<>"")+('Реестр'!$D$4:$D$103<>"")+('Реестр'!$E$4:$E$103<>"")+('Реестр'!$G$4:$G$103<>"")+('Реестр'!$H$4:$H$103<>"")+('Реестр'!$J$4:$J$103<>""))>0),ROWS($K$5:K91)),"")
A92: =IF(ISNUMBER($K92),$K92,"") | B92: =IF(ISNUMBER($K92),IF(INDEX('Реестр'!$B$4:$B$103,$K92)="","",INDEX('Реестр'!$B$4:$B$103,$K92)),IF(ROW()=$K$3+5,"ИТОГО",IF(ROW()=$K$3+6,"ПОДРЯДЧИК",IF(ROW()=$K$3+7,"Должн./ФИО:",IF(ROW()=$K$3+8,"Подпись:",""))))) | C92: =IF(ISNUMBER($K92),IF(INDEX('Реестр'!$C$4:$C$103,$K92)="","",INDEX('Реестр'!$C$4:$C$103,$K92)),IF(ROW()=$K$3+7,"________________",IF(ROW()=$K$3+8,"________________",""))) | D92: =IF(ISNUMBER($K92),IF(INDEX('Реестр'!$D$4:$D$103,$K92)="","",INDEX('Реестр'!$D$4:$D$103,$K92)),IF(ROW()=$K$3+8,"Дата:","")) | E92: =IF(ISNUMBER($K92),IF(INDEX('Реестр'!$E$4:$E$103,$K92)="","",INDEX('Реестр'!$E$4:$E$103,$K92)),IF(ROW()=$K$3+8,"____________","")) | F92: =IF(ISNUMBER($K92),IF(INDEX('Реестр'!$F$4:$F$103,$K92)="","",INDEX('Реестр'!$F$4:$F$103,$K92)),IF(ROW()=$K$3+5,'Реестр'!F104,"")) | G92: =IF(ISNUMBER($K92),IF(INDEX('Реестр'!$G$4:$G$103,$K92)="","",INDEX('Реестр'!$G$4:$G$103,$K92)),IF(ROW()=$K$3+6,"ЗАКАЗЧИК",IF(ROW()=$K$3+7,"Должн./ФИО:",IF(ROW()=$K$3+8,"Подпись:","")))) | H92: =IF(ISNUMBER($K92),IF(INDEX('Реестр'!$H$4:$H$103,$K92)="","",INDEX('Реестр'!$H$4:$H$103,$K92)),IF(ROW()=$K$3+7,"________________",IF(ROW()=$K$3+8,"________________",""))) | I92: =IF(ISNUMBER($K92),IF(INDEX('Реестр'!$I$4:$I$103,$K92)="","",INDEX('Реестр'!$I$4:$I$103,$K92)),IF(ROW()=$K$3+5,'Реестр'!I104,IF(ROW()=$K$3+8,"Дата:",""))) | J92: =IF(ISNUMBER($K92),IF(INDEX('Реестр'!$J$4:$J$103,$K92)="","",INDEX('Реестр'!$J$4:$J$103,$K92)),IF(ROW()=$K$3+8,"____________","")) | K92: =IFERROR(_xlfn.AGGREGATE(15,6,(ROW('Реестр'!$B$4:$B$103)-3)/((('Реестр'!$B$4:$B$103<>"")+('Реестр'!$C$4:$C$103<>"")+('Реестр'!$D$4:$D$103<>"")+('Реестр'!$E$4:$E$103<>"")+('Реестр'!$G$4:$G$103<>"")+('Реестр'!$H$4:$H$103<>"")+('Реестр'!$J$4:$J$103<>""))>0),ROWS($K$5:K92)),"")
A93: =IF(ISNUMBER($K93),$K93,"") | B93: =IF(ISNUMBER($K93),IF(INDEX('Реестр'!$B$4:$B$103,$K93)="","",INDEX('Реестр'!$B$4:$B$103,$K93)),IF(ROW()=$K$3+5,"ИТОГО",IF(ROW()=$K$3+6,"ПОДРЯДЧИК",IF(ROW()=$K$3+7,"Должн./ФИО:",IF(ROW()=$K$3+8,"Подпись:",""))))) | C93: =IF(ISNUMBER($K93),IF(INDEX('Реестр'!$C$4:$C$103,$K93)="","",INDEX('Реестр'!$C$4:$C$103,$K93)),IF(ROW()=$K$3+7,"________________",IF(ROW()=$K$3+8,"________________",""))) | D93: =IF(ISNUMBER($K93),IF(INDEX('Реестр'!$D$4:$D$103,$K93)="","",INDEX('Реестр'!$D$4:$D$103,$K93)),IF(ROW()=$K$3+8,"Дата:","")) | E93: =IF(ISNUMBER($K93),IF(INDEX('Реестр'!$E$4:$E$103,$K93)="","",INDEX('Реестр'!$E$4:$E$103,$K93)),IF(ROW()=$K$3+8,"____________","")) | F93: =IF(ISNUMBER($K93),IF(INDEX('Реестр'!$F$4:$F$103,$K93)="","",INDEX('Реестр'!$F$4:$F$103,$K93)),IF(ROW()=$K$3+5,'Реестр'!F104,"")) | G93: =IF(ISNUMBER($K93),IF(INDEX('Реестр'!$G$4:$G$103,$K93)="","",INDEX('Реестр'!$G$4:$G$103,$K93)),IF(ROW()=$K$3+6,"ЗАКАЗЧИК",IF(ROW()=$K$3+7,"Должн./ФИО:",IF(ROW()=$K$3+8,"Подпись:","")))) | H93: =IF(ISNUMBER($K93),IF(INDEX('Реестр'!$H$4:$H$103,$K93)="","",INDEX('Реестр'!$H$4:$H$103,$K93)),IF(ROW()=$K$3+7,"________________",IF(ROW()=$K$3+8,"________________",""))) | I93: =IF(ISNUMBER($K93),IF(INDEX('Реестр'!$I$4:$I$103,$K93)="","",INDEX('Реестр'!$I$4:$I$103,$K93)),IF(ROW()=$K$3+5,'Реестр'!I104,IF(ROW()=$K$3+8,"Дата:",""))) | J93: =IF(ISNUMBER($K93),IF(INDEX('Реестр'!$J$4:$J$103,$K93)="","",INDEX('Реестр'!$J$4:$J$103,$K93)),IF(ROW()=$K$3+8,"____________","")) | K93: =IFERROR(_xlfn.AGGREGATE(15,6,(ROW('Реестр'!$B$4:$B$103)-3)/((('Реестр'!$B$4:$B$103<>"")+('Реестр'!$C$4:$C$103<>"")+('Реестр'!$D$4:$D$103<>"")+('Реестр'!$E$4:$E$103<>"")+('Реестр'!$G$4:$G$103<>"")+('Реестр'!$H$4:$H$103<>"")+('Реестр'!$J$4:$J$103<>""))>0),ROWS($K$5:K93)),"")
A94: =IF(ISNUMBER($K94),$K94,"") | B94: =IF(ISNUMBER($K94),IF(INDEX('Реестр'!$B$4:$B$103,$K94)="","",INDEX('Реестр'!$B$4:$B$103,$K94)),IF(ROW()=$K$3+5,"ИТОГО",IF(ROW()=$K$3+6,"ПОДРЯДЧИК",IF(ROW()=$K$3+7,"Должн./ФИО:",IF(ROW()=$K$3+8,"Подпись:",""))))) | C94: =IF(ISNUMBER($K94),IF(INDEX('Реестр'!$C$4:$C$103,$K94)="","",INDEX('Реестр'!$C$4:$C$103,$K94)),IF(ROW()=$K$3+7,"________________",IF(ROW()=$K$3+8,"________________",""))) | D94: =IF(ISNUMBER($K94),IF(INDEX('Реестр'!$D$4:$D$103,$K94)="","",INDEX('Реестр'!$D$4:$D$103,$K94)),IF(ROW()=$K$3+8,"Дата:","")) | E94: =IF(ISNUMBER($K94),IF(INDEX('Реестр'!$E$4:$E$103,$K94)="","",INDEX('Реестр'!$E$4:$E$103,$K94)),IF(ROW()=$K$3+8,"____________","")) | F94: =IF(ISNUMBER($K94),IF(INDEX('Реестр'!$F$4:$F$103,$K94)="","",INDEX('Реестр'!$F$4:$F$103,$K94)),IF(ROW()=$K$3+5,'Реестр'!F104,"")) | G94: =IF(ISNUMBER($K94),IF(INDEX('Реестр'!$G$4:$G$103,$K94)="","",INDEX('Реестр'!$G$4:$G$103,$K94)),IF(ROW()=$K$3+6,"ЗАКАЗЧИК",IF(ROW()=$K$3+7,"Должн./ФИО:",IF(ROW()=$K$3+8,"Подпись:","")))) | H94: =IF(ISNUMBER($K94),IF(INDEX('Реестр'!$H$4:$H$103,$K94)="","",INDEX('Реестр'!$H$4:$H$103,$K94)),IF(ROW()=$K$3+7,"________________",IF(ROW()=$K$3+8,"________________",""))) | I94: =IF(ISNUMBER($K94),IF(INDEX('Реестр'!$I$4:$I$103,$K94)="","",INDEX('Реестр'!$I$4:$I$103,$K94)),IF(ROW()=$K$3+5,'Реестр'!I104,IF(ROW()=$K$3+8,"Дата:",""))) | J94: =IF(ISNUMBER($K94),IF(INDEX('Реестр'!$J$4:$J$103,$K94)="","",INDEX('Реестр'!$J$4:$J$103,$K94)),IF(ROW()=$K$3+8,"____________","")) | K94: =IFERROR(_xlfn.AGGREGATE(15,6,(ROW('Реестр'!$B$4:$B$103)-3)/((('Реестр'!$B$4:$B$103<>"")+('Реестр'!$C$4:$C$103<>"")+('Реестр'!$D$4:$D$103<>"")+('Реестр'!$E$4:$E$103<>"")+('Реестр'!$G$4:$G$103<>"")+('Реестр'!$H$4:$H$103<>"")+('Реестр'!$J$4:$J$103<>""))>0),ROWS($K$5:K94)),"")
A95: =IF(ISNUMBER($K95),$K95,"") | B95: =IF(ISNUMBER($K95),IF(INDEX('Реестр'!$B$4:$B$103,$K95)="","",INDEX('Реестр'!$B$4:$B$103,$K95)),IF(ROW()=$K$3+5,"ИТОГО",IF(ROW()=$K$3+6,"ПОДРЯДЧИК",IF(ROW()=$K$3+7,"Должн./ФИО:",IF(ROW()=$K$3+8,"Подпись:",""))))) | C95: =IF(ISNUMBER($K95),IF(INDEX('Реестр'!$C$4:$C$103,$K95)="","",INDEX('Реестр'!$C$4:$C$103,$K95)),IF(ROW()=$K$3+7,"________________",IF(ROW()=$K$3+8,"________________",""))) | D95: =IF(ISNUMBER($K95),IF(INDEX('Реестр'!$D$4:$D$103,$K95)="","",INDEX('Реестр'!$D$4:$D$103,$K95)),IF(ROW()=$K$3+8,"Дата:","")) | E95: =IF(ISNUMBER($K95),IF(INDEX('Реестр'!$E$4:$E$103,$K95)="","",INDEX('Реестр'!$E$4:$E$103,$K95)),IF(ROW()=$K$3+8,"____________","")) | F95: =IF(ISNUMBER($K95),IF(INDEX('Реестр'!$F$4:$F$103,$K95)="","",INDEX('Реестр'!$F$4:$F$103,$K95)),IF(ROW()=$K$3+5,'Реестр'!F104,"")) | G95: =IF(ISNUMBER($K95),IF(INDEX('Реестр'!$G$4:$G$103,$K95)="","",INDEX('Реестр'!$G$4:$G$103,$K95)),IF(ROW()=$K$3+6,"ЗАКАЗЧИК",IF(ROW()=$K$3+7,"Должн./ФИО:",IF(ROW()=$K$3+8,"Подпись:","")))) | H95: =IF(ISNUMBER($K95),IF(INDEX('Реестр'!$H$4:$H$103,$K95)="","",INDEX('Реестр'!$H$4:$H$103,$K95)),IF(ROW()=$K$3+7,"________________",IF(ROW()=$K$3+8,"________________",""))) | I95: =IF(ISNUMBER($K95),IF(INDEX('Реестр'!$I$4:$I$103,$K95)="","",INDEX('Реестр'!$I$4:$I$103,$K95)),IF(ROW()=$K$3+5,'Реестр'!I104,IF(ROW()=$K$3+8,"Дата:",""))) | J95: =IF(ISNUMBER($K95),IF(INDEX('Реестр'!$J$4:$J$103,$K95)="","",INDEX('Реестр'!$J$4:$J$103,$K95)),IF(ROW()=$K$3+8,"____________","")) | K95: =IFERROR(_xlfn.AGGREGATE(15,6,(ROW('Реестр'!$B$4:$B$103)-3)/((('Реестр'!$B$4:$B$103<>"")+('Реестр'!$C$4:$C$103<>"")+('Реестр'!$D$4:$D$103<>"")+('Реестр'!$E$4:$E$103<>"")+('Реестр'!$G$4:$G$103<>"")+('Реестр'!$H$4:$H$103<>"")+('Реестр'!$J$4:$J$103<>""))>0),ROWS($K$5:K95)),"")
A96: =IF(ISNUMBER($K96),$K96,"") | B96: =IF(ISNUMBER($K96),IF(INDEX('Реестр'!$B$4:$B$103,$K96)="","",INDEX('Реестр'!$B$4:$B$103,$K96)),IF(ROW()=$K$3+5,"ИТОГО",IF(ROW()=$K$3+6,"ПОДРЯДЧИК",IF(ROW()=$K$3+7,"Должн./ФИО:",IF(ROW()=$K$3+8,"Подпись:",""))))) | C96: =IF(ISNUMBER($K96),IF(INDEX('Реестр'!$C$4:$C$103,$K96)="","",INDEX('Реестр'!$C$4:$C$103,$K96)),IF(ROW()=$K$3+7,"________________",IF(ROW()=$K$3+8,"________________",""))) | D96: =IF(ISNUMBER($K96),IF(INDEX('Реестр'!$D$4:$D$103,$K96)="","",INDEX('Реестр'!$D$4:$D$103,$K96)),IF(ROW()=$K$3+8,"Дата:","")) | E96: =IF(ISNUMBER($K96),IF(INDEX('Реестр'!$E$4:$E$103,$K96)="","",INDEX('Реестр'!$E$4:$E$103,$K96)),IF(ROW()=$K$3+8,"____________","")) | F96: =IF(ISNUMBER($K96),IF(INDEX('Реестр'!$F$4:$F$103,$K96)="","",INDEX('Реестр'!$F$4:$F$103,$K96)),IF(ROW()=$K$3+5,'Реестр'!F104,"")) | G96: =IF(ISNUMBER($K96),IF(INDEX('Реестр'!$G$4:$G$103,$K96)="","",INDEX('Реестр'!$G$4:$G$103,$K96)),IF(ROW()=$K$3+6,"ЗАКАЗЧИК",IF(ROW()=$K$3+7,"Должн./ФИО:",IF(ROW()=$K$3+8,"Подпись:","")))) | H96: =IF(ISNUMBER($K96),IF(INDEX('Реестр'!$H$4:$H$103,$K96)="","",INDEX('Реестр'!$H$4:$H$103,$K96)),IF(ROW()=$K$3+7,"________________",IF(ROW()=$K$3+8,"________________",""))) | I96: =IF(ISNUMBER($K96),IF(INDEX('Реестр'!$I$4:$I$103,$K96)="","",INDEX('Реестр'!$I$4:$I$103,$K96)),IF(ROW()=$K$3+5,'Реестр'!I104,IF(ROW()=$K$3+8,"Дата:",""))) | J96: =IF(ISNUMBER($K96),IF(INDEX('Реестр'!$J$4:$J$103,$K96)="","",INDEX('Реестр'!$J$4:$J$103,$K96)),IF(ROW()=$K$3+8,"____________","")) | K96: =IFERROR(_xlfn.AGGREGATE(15,6,(ROW('Реестр'!$B$4:$B$103)-3)/((('Реестр'!$B$4:$B$103<>"")+('Реестр'!$C$4:$C$103<>"")+('Реестр'!$D$4:$D$103<>"")+('Реестр'!$E$4:$E$103<>"")+('Реестр'!$G$4:$G$103<>"")+('Реестр'!$H$4:$H$103<>"")+('Реестр'!$J$4:$J$103<>""))>0),ROWS($K$5:K96)),"")
A97: =IF(ISNUMBER($K97),$K97,"") | B97: =IF(ISNUMBER($K97),IF(INDEX('Реестр'!$B$4:$B$103,$K97)="","",INDEX('Реестр'!$B$4:$B$103,$K97)),IF(ROW()=$K$3+5,"ИТОГО",IF(ROW()=$K$3+6,"ПОДРЯДЧИК",IF(ROW()=$K$3+7,"Должн./ФИО:",IF(ROW()=$K$3+8,"Подпись:",""))))) | C97: =IF(ISNUMBER($K97),IF(INDEX('Реестр'!$C$4:$C$103,$K97)="","",INDEX('Реестр'!$C$4:$C$103,$K97)),IF(ROW()=$K$3+7,"________________",IF(ROW()=$K$3+8,"________________",""))) | D97: =IF(ISNUMBER($K97),IF(INDEX('Реестр'!$D$4:$D$103,$K97)="","",INDEX('Реестр'!$D$4:$D$103,$K97)),IF(ROW()=$K$3+8,"Дата:","")) | E97: =IF(ISNUMBER($K97),IF(INDEX('Реестр'!$E$4:$E$103,$K97)="","",INDEX('Реестр'!$E$4:$E$103,$K97)),IF(ROW()=$K$3+8,"____________","")) | F97: =IF(ISNUMBER($K97),IF(INDEX('Реестр'!$F$4:$F$103,$K97)="","",INDEX('Реестр'!$F$4:$F$103,$K97)),IF(ROW()=$K$3+5,'Реестр'!F104,"")) | G97: =IF(ISNUMBER($K97),IF(INDEX('Реестр'!$G$4:$G$103,$K97)="","",INDEX('Реестр'!$G$4:$G$103,$K97)),IF(ROW()=$K$3+6,"ЗАКАЗЧИК",IF(ROW()=$K$3+7,"Должн./ФИО:",IF(ROW()=$K$3+8,"Подпись:","")))) | H97: =IF(ISNUMBER($K97),IF(INDEX('Реестр'!$H$4:$H$103,$K97)="","",INDEX('Реестр'!$H$4:$H$103,$K97)),IF(ROW()=$K$3+7,"________________",IF(ROW()=$K$3+8,"________________",""))) | I97: =IF(ISNUMBER($K97),IF(INDEX('Реестр'!$I$4:$I$103,$K97)="","",INDEX('Реестр'!$I$4:$I$103,$K97)),IF(ROW()=$K$3+5,'Реестр'!I104,IF(ROW()=$K$3+8,"Дата:",""))) | J97: =IF(ISNUMBER($K97),IF(INDEX('Реестр'!$J$4:$J$103,$K97)="","",INDEX('Реестр'!$J$4:$J$103,$K97)),IF(ROW()=$K$3+8,"____________","")) | K97: =IFERROR(_xlfn.AGGREGATE(15,6,(ROW('Реестр'!$B$4:$B$103)-3)/((('Реестр'!$B$4:$B$103<>"")+('Реестр'!$C$4:$C$103<>"")+('Реестр'!$D$4:$D$103<>"")+('Реестр'!$E$4:$E$103<>"")+('Реестр'!$G$4:$G$103<>"")+('Реестр'!$H$4:$H$103<>"")+('Реестр'!$J$4:$J$103<>""))>0),ROWS($K$5:K97)),"")
A98: =IF(ISNUMBER($K98),$K98,"") | B98: =IF(ISNUMBER($K98),IF(INDEX('Реестр'!$B$4:$B$103,$K98)="","",INDEX('Реестр'!$B$4:$B$103,$K98)),IF(ROW()=$K$3+5,"ИТОГО",IF(ROW()=$K$3+6,"ПОДРЯДЧИК",IF(ROW()=$K$3+7,"Должн./ФИО:",IF(ROW()=$K$3+8,"Подпись:",""))))) | C98: =IF(ISNUMBER($K98),IF(INDEX('Реестр'!$C$4:$C$103,$K98)="","",INDEX('Реестр'!$C$4:$C$103,$K98)),IF(ROW()=$K$3+7,"________________",IF(ROW()=$K$3+8,"________________",""))) | D98: =IF(ISNUMBER($K98),IF(INDEX('Реестр'!$D$4:$D$103,$K98)="","",INDEX('Реестр'!$D$4:$D$103,$K98)),IF(ROW()=$K$3+8,"Дата:","")) | E98: =IF(ISNUMBER($K98),IF(INDEX('Реестр'!$E$4:$E$103,$K98)="","",INDEX('Реестр'!$E$4:$E$103,$K98)),IF(ROW()=$K$3+8,"____________","")) | F98: =IF(ISNUMBER($K98),IF(INDEX('Реестр'!$F$4:$F$103,$K98)="","",INDEX('Реестр'!$F$4:$F$103,$K98)),IF(ROW()=$K$3+5,'Реестр'!F104,"")) | G98: =IF(ISNUMBER($K98),IF(INDEX('Реестр'!$G$4:$G$103,$K98)="","",INDEX('Реестр'!$G$4:$G$103,$K98)),IF(ROW()=$K$3+6,"ЗАКАЗЧИК",IF(ROW()=$K$3+7,"Должн./ФИО:",IF(ROW()=$K$3+8,"Подпись:","")))) | H98: =IF(ISNUMBER($K98),IF(INDEX('Реестр'!$H$4:$H$103,$K98)="","",INDEX('Реестр'!$H$4:$H$103,$K98)),IF(ROW()=$K$3+7,"________________",IF(ROW()=$K$3+8,"________________",""))) | I98: =IF(ISNUMBER($K98),IF(INDEX('Реестр'!$I$4:$I$103,$K98)="","",INDEX('Реестр'!$I$4:$I$103,$K98)),IF(ROW()=$K$3+5,'Реестр'!I104,IF(ROW()=$K$3+8,"Дата:",""))) | J98: =IF(ISNUMBER($K98),IF(INDEX('Реестр'!$J$4:$J$103,$K98)="","",INDEX('Реестр'!$J$4:$J$103,$K98)),IF(ROW()=$K$3+8,"____________","")) | K98: =IFERROR(_xlfn.AGGREGATE(15,6,(ROW('Реестр'!$B$4:$B$103)-3)/((('Реестр'!$B$4:$B$103<>"")+('Реестр'!$C$4:$C$103<>"")+('Реестр'!$D$4:$D$103<>"")+('Реестр'!$E$4:$E$103<>"")+('Реестр'!$G$4:$G$103<>"")+('Реестр'!$H$4:$H$103<>"")+('Реестр'!$J$4:$J$103<>""))>0),ROWS($K$5:K98)),"")
A99: =IF(ISNUMBER($K99),$K99,"") | B99: =IF(ISNUMBER($K99),IF(INDEX('Реестр'!$B$4:$B$103,$K99)="","",INDEX('Реестр'!$B$4:$B$103,$K99)),IF(ROW()=$K$3+5,"ИТОГО",IF(ROW()=$K$3+6,"ПОДРЯДЧИК",IF(ROW()=$K$3+7,"Должн./ФИО:",IF(ROW()=$K$3+8,"Подпись:",""))))) | C99: =IF(ISNUMBER($K99),IF(INDEX('Реестр'!$C$4:$C$103,$K99)="","",INDEX('Реестр'!$C$4:$C$103,$K99)),IF(ROW()=$K$3+7,"________________",IF(ROW()=$K$3+8,"________________",""))) | D99: =IF(ISNUMBER($K99),IF(INDEX('Реестр'!$D$4:$D$103,$K99)="","",INDEX('Реестр'!$D$4:$D$103,$K99)),IF(ROW()=$K$3+8,"Дата:","")) | E99: =IF(ISNUMBER($K99),IF(INDEX('Реестр'!$E$4:$E$103,$K99)="","",INDEX('Реестр'!$E$4:$E$103,$K99)),IF(ROW()=$K$3+8,"____________","")) | F99: =IF(ISNUMBER($K99),IF(INDEX('Реестр'!$F$4:$F$103,$K99)="","",INDEX('Реестр'!$F$4:$F$103,$K99)),IF(ROW()=$K$3+5,'Реестр'!F104,"")) | G99: =IF(ISNUMBER($K99),IF(INDEX('Реестр'!$G$4:$G$103,$K99)="","",INDEX('Реестр'!$G$4:$G$103,$K99)),IF(ROW()=$K$3+6,"ЗАКАЗЧИК",IF(ROW()=$K$3+7,"Должн./ФИО:",IF(ROW()=$K$3+8,"Подпись:","")))) | H99: =IF(ISNUMBER($K99),IF(INDEX('Реестр'!$H$4:$H$103,$K99)="","",INDEX('Реестр'!$H$4:$H$103,$K99)),IF(ROW()=$K$3+7,"________________",IF(ROW()=$K$3+8,"________________",""))) | I99: =IF(ISNUMBER($K99),IF(INDEX('Реестр'!$I$4:$I$103,$K99)="","",INDEX('Реестр'!$I$4:$I$103,$K99)),IF(ROW()=$K$3+5,'Реестр'!I104,IF(ROW()=$K$3+8,"Дата:",""))) | J99: =IF(ISNUMBER($K99),IF(INDEX('Реестр'!$J$4:$J$103,$K99)="","",INDEX('Реестр'!$J$4:$J$103,$K99)),IF(ROW()=$K$3+8,"____________","")) | K99: =IFERROR(_xlfn.AGGREGATE(15,6,(ROW('Реестр'!$B$4:$B$103)-3)/((('Реестр'!$B$4:$B$103<>"")+('Реестр'!$C$4:$C$103<>"")+('Реестр'!$D$4:$D$103<>"")+('Реестр'!$E$4:$E$103<>"")+('Реестр'!$G$4:$G$103<>"")+('Реестр'!$H$4:$H$103<>"")+('Реестр'!$J$4:$J$103<>""))>0),ROWS($K$5:K99)),"")
A100: =IF(ISNUMBER($K100),$K100,"") | B100: =IF(ISNUMBER($K100),IF(INDEX('Реестр'!$B$4:$B$103,$K100)="","",INDEX('Реестр'!$B$4:$B$103,$K100)),IF(ROW()=$K$3+5,"ИТОГО",IF(ROW()=$K$3+6,"ПОДРЯДЧИК",IF(ROW()=$K$3+7,"Должн./ФИО:",IF(ROW()=$K$3+8,"Подпись:",""))))) | C100: =IF(ISNUMBER($K100),IF(INDEX('Реестр'!$C$4:$C$103,$K100)="","",INDEX('Реестр'!$C$4:$C$103,$K100)),IF(ROW()=$K$3+7,"________________",IF(ROW()=$K$3+8,"________________",""))) | D100: =IF(ISNUMBER($K100),IF(INDEX('Реестр'!$D$4:$D$103,$K100)="","",INDEX('Реестр'!$D$4:$D$103,$K100)),IF(ROW()=$K$3+8,"Дата:","")) | E100: =IF(ISNUMBER($K100),IF(INDEX('Реестр'!$E$4:$E$103,$K100)="","",INDEX('Реестр'!$E$4:$E$103,$K100)),IF(ROW()=$K$3+8,"____________","")) | F100: =IF(ISNUMBER($K100),IF(INDEX('Реестр'!$F$4:$F$103,$K100)="","",INDEX('Реестр'!$F$4:$F$103,$K100)),IF(ROW()=$K$3+5,'Реестр'!F104,"")) | G100: =IF(ISNUMBER($K100),IF(INDEX('Реестр'!$G$4:$G$103,$K100)="","",INDEX('Реестр'!$G$4:$G$103,$K100)),IF(ROW()=$K$3+6,"ЗАКАЗЧИК",IF(ROW()=$K$3+7,"Должн./ФИО:",IF(ROW()=$K$3+8,"Подпись:","")))) | H100: =IF(ISNUMBER($K100),IF(INDEX('Реестр'!$H$4:$H$103,$K100)="","",INDEX('Реестр'!$H$4:$H$103,$K100)),IF(ROW()=$K$3+7,"________________",IF(ROW()=$K$3+8,"________________",""))) | I100: =IF(ISNUMBER($K100),IF(INDEX('Реестр'!$I$4:$I$103,$K100)="","",INDEX('Реестр'!$I$4:$I$103,$K100)),IF(ROW()=$K$3+5,'Реестр'!I104,IF(ROW()=$K$3+8,"Дата:",""))) | J100: =IF(ISNUMBER($K100),IF(INDEX('Реестр'!$J$4:$J$103,$K100)="","",INDEX('Реестр'!$J$4:$J$103,$K100)),IF(ROW()=$K$3+8,"____________","")) | K100: =IFERROR(_xlfn.AGGREGATE(15,6,(ROW('Реестр'!$B$4:$B$103)-3)/((('Реестр'!$B$4:$B$103<>"")+('Реестр'!$C$4:$C$103<>"")+('Реестр'!$D$4:$D$103<>"")+('Реестр'!$E$4:$E$103<>"")+('Реестр'!$G$4:$G$103<>"")+('Реестр'!$H$4:$H$103<>"")+('Реестр'!$J$4:$J$103<>""))>0),ROWS($K$5:K100)),"")
...
