Workbook

Sheet Объект и должник
A1: Объект, должник и дата, к которой всё должно быть готово
A2: Заполните жёлтые ячейки. Синим — то, что вводите вы; чёрным — то, что считают формулы. Сведения берите из судебного акта и из публикации, а не из пересказа.
A4: Ваш объект и договор
A5: Объект | C5: Наименование и адрес объекта строительства
A6: Договор субподряда № и дата | C6: Титульный лист договора
A7: Наименование должника (генподрядчика) | C7: Полное наименование по ЕГРЮЛ
A8: ИНН должника | C8: По нему ставится наблюдение в источниках
A9: ОГРН должника | C9: Выписка ЕГРЮЛ
A11: Дело о банкротстве
A12: Номер дела о банкротстве | C12: Из карточки дела kad.arbitr.ru
A13: Арбитражный суд, рассматривающий дело | C13: Из судебного акта
A14: Дата принятия судом заявления о признании банкротом | C14: Ключевая дата для деления требований на реестровые и текущие (ст. 5 Закона о банкротстве). Лист «Реестр документов» сравнивает с ней дату каждого документа
A15: Введённая процедура | C15: Наблюдение, внешнее управление, конкурсное производство — как названо в судебном акте
A16: Дата введения процедуры | C16: Из судебного акта
A17: Дата публикации сведений | C17: От неё считается срок заявления требования. Сохраните саму публикацию
A18: Источник публикации и ссылка | C18: ЕФРСБ (bankrot.fedresurs.ru) либо официальное издание. Укажите номер сообщения или ссылку
A20: Срок заявления требования — проверяете вы, а не файл
A21: Числа срока в этом файле нет намеренно. Срок зависит от процедуры (наблюдение — ст. 71, внешнее управление — ст. 100, конкурсное производство — ст. 142 Закона о банкротстве), считается от даты публикации и меняется вместе с редакцией закона. Формула, прибавляющая зашитое число дней, устарела бы молча и при этом выглядела бы точной. Проверьте действующую редакцию названной статьи, отсчитайте срок от даты публикации, запишите полученную дату ниже и подтвердите её у юриста.
A23: Норма, по которой проверен срок | C23: Например: ст. 71 Закона о банкротстве, редакция на дату проверки
A24: Дата, до которой требование должно быть заявлено | C24: Ваша запись по результату проверки. Поставьте напоминание заметно раньше этой даты
A25: Кем и когда проверен срок | C25: Фамилия и дата. «Проверено» без фамилии не выполняется
A27: Проверка | B27: =IF($B$24="","срок не проверен — заполните строки 23–25",IF($B$25="","дата записана, но не указано, кем и когда проверена",IF($B$24<TODAY(),"дата по вашей записи прошла — файл «Что делать, если срок пропущен» и юрист сегодня","дней до вашей даты: "&($B$24-TODAY()))))
A29: Арбитражный управляющий
A30: Фамилия, имя, отчество | C30: Из публикации сведений
A31: Адрес для корреспонденции | C31: Адрес, указанный в публикации. Письмо по другому адресу — это письмо, которое вы не направили
A32: Электронная почта | C32: Если указана в публикации
A33: Саморегулируемая организация | C33: Из публикации сведений
A35: Что этот лист не решает
A36: Квалификацию требования — реестровое или текущий платёж — файл не делает и сделать не может: момент возникновения обязательства по оплате не всегда совпадает с датой акта. Колонка «Период» на листе реестра расставляет документы по датам, чтобы юристу было с чем работать, и не более того.
A38: Прочитайте до того, как заполнять
A39: Это рабочая таблица, а не юридическая консультация и не гарантия включения требования в реестр. Она приводит документы и даты в порядок — решения по ним принимает юрист по вашему делу. Пропущенный срок восстанавливается не всегда, а требование, поданное с ошибкой, теряет очередь. Сроков и ставок числом в файле нет намеренно: они меняются вместе с редакцией закона, а скачанная книга не обновляется — каждую дату вы проверяете сами на дату заполнения и подтверждаете у юриста.

Sheet Реестр документов
A1: Хронология: что подписано, когда направлено, чем подтверждается
A2: Жёлтые колонки заполняете вы, по одной строке на документ. Колонки «Период» и «Проверка» считаются сами. Заполняйте по ходу работ: в день публикации сведений времени на археологию уже не будет.
A3: № | B3: Тип документа | C3: Номер | D3: Дата документа | E3: Сумма, руб. | F3: Подписан обеими сторонами | G3: Направлен: дата | H3: Способ направления | I3: Подтверждение направления | J3: Где лежит оригинал | K3: Копия в пакет | L3: Период | M3: Проверка
A4: =IF($B4="","",ROW()-3) | L4: =IF($D4="","",IF('Объект и должник'!$B$14="","дата принятия заявления не заполнена",IF($D4<'Объект и должник'!$B$14,"до принятия заявления","после принятия заявления"))) | M4: =IF($B4="","",IF(AND($E4>0,LOWER($F4)<>"да"),"сумма есть, подписи обеих сторон нет — отдельно обсудите с юристом",IF(AND($G4<>"",$I4=""),"направлено, но подтверждение направления не указано",IF($K4="","отметьте, идёт ли копия в пакет",IF($L4="после принятия заявления","после принятия заявления — возможно текущий платёж (ст. 5), к юристу","")))))
A5: =IF($B5="","",ROW()-3) | L5: =IF($D5="","",IF('Объект и должник'!$B$14="","дата принятия заявления не заполнена",IF($D5<'Объект и должник'!$B$14,"до принятия заявления","после принятия заявления"))) | M5: =IF($B5="","",IF(AND($E5>0,LOWER($F5)<>"да"),"сумма есть, подписи обеих сторон нет — отдельно обсудите с юристом",IF(AND($G5<>"",$I5=""),"направлено, но подтверждение направления не указано",IF($K5="","отметьте, идёт ли копия в пакет",IF($L5="после принятия заявления","после принятия заявления — возможно текущий платёж (ст. 5), к юристу","")))))
A6: =IF($B6="","",ROW()-3) | L6: =IF($D6="","",IF('Объект и должник'!$B$14="","дата принятия заявления не заполнена",IF($D6<'Объект и должник'!$B$14,"до принятия заявления","после принятия заявления"))) | M6: =IF($B6="","",IF(AND($E6>0,LOWER($F6)<>"да"),"сумма есть, подписи обеих сторон нет — отдельно обсудите с юристом",IF(AND($G6<>"",$I6=""),"направлено, но подтверждение направления не указано",IF($K6="","отметьте, идёт ли копия в пакет",IF($L6="после принятия заявления","после принятия заявления — возможно текущий платёж (ст. 5), к юристу","")))))
A7: =IF($B7="","",ROW()-3) | L7: =IF($D7="","",IF('Объект и должник'!$B$14="","дата принятия заявления не заполнена",IF($D7<'Объект и должник'!$B$14,"до принятия заявления","после принятия заявления"))) | M7: =IF($B7="","",IF(AND($E7>0,LOWER($F7)<>"да"),"сумма есть, подписи обеих сторон нет — отдельно обсудите с юристом",IF(AND($G7<>"",$I7=""),"направлено, но подтверждение направления не указано",IF($K7="","отметьте, идёт ли копия в пакет",IF($L7="после принятия заявления","после принятия заявления — возможно текущий платёж (ст. 5), к юристу","")))))
A8: =IF($B8="","",ROW()-3) | L8: =IF($D8="","",IF('Объект и должник'!$B$14="","дата принятия заявления не заполнена",IF($D8<'Объект и должник'!$B$14,"до принятия заявления","после принятия заявления"))) | M8: =IF($B8="","",IF(AND($E8>0,LOWER($F8)<>"да"),"сумма есть, подписи обеих сторон нет — отдельно обсудите с юристом",IF(AND($G8<>"",$I8=""),"направлено, но подтверждение направления не указано",IF($K8="","отметьте, идёт ли копия в пакет",IF($L8="после принятия заявления","после принятия заявления — возможно текущий платёж (ст. 5), к юристу","")))))
A9: =IF($B9="","",ROW()-3) | L9: =IF($D9="","",IF('Объект и должник'!$B$14="","дата принятия заявления не заполнена",IF($D9<'Объект и должник'!$B$14,"до принятия заявления","после принятия заявления"))) | M9: =IF($B9="","",IF(AND($E9>0,LOWER($F9)<>"да"),"сумма есть, подписи обеих сторон нет — отдельно обсудите с юристом",IF(AND($G9<>"",$I9=""),"направлено, но подтверждение направления не указано",IF($K9="","отметьте, идёт ли копия в пакет",IF($L9="после принятия заявления","после принятия заявления — возможно текущий платёж (ст. 5), к юристу","")))))
A10: =IF($B10="","",ROW()-3) | L10: =IF($D10="","",IF('Объект и должник'!$B$14="","дата принятия заявления не заполнена",IF($D10<'Объект и должник'!$B$14,"до принятия заявления","после принятия заявления"))) | M10: =IF($B10="","",IF(AND($E10>0,LOWER($F10)<>"да"),"сумма есть, подписи обеих сторон нет — отдельно обсудите с юристом",IF(AND($G10<>"",$I10=""),"направлено, но подтверждение направления не указано",IF($K10="","отметьте, идёт ли копия в пакет",IF($L10="после принятия заявления","после принятия заявления — возможно текущий платёж (ст. 5), к юристу","")))))
A11: =IF($B11="","",ROW()-3) | L11: =IF($D11="","",IF('Объект и должник'!$B$14="","дата принятия заявления не заполнена",IF($D11<'Объект и должник'!$B$14,"до принятия заявления","после принятия заявления"))) | M11: =IF($B11="","",IF(AND($E11>0,LOWER($F11)<>"да"),"сумма есть, подписи обеих сторон нет — отдельно обсудите с юристом",IF(AND($G11<>"",$I11=""),"направлено, но подтверждение направления не указано",IF($K11="","отметьте, идёт ли копия в пакет",IF($L11="после принятия заявления","после принятия заявления — возможно текущий платёж (ст. 5), к юристу","")))))
A12: =IF($B12="","",ROW()-3) | L12: =IF($D12="","",IF('Объект и должник'!$B$14="","дата принятия заявления не заполнена",IF($D12<'Объект и должник'!$B$14,"до принятия заявления","после принятия заявления"))) | M12: =IF($B12="","",IF(AND($E12>0,LOWER($F12)<>"да"),"сумма есть, подписи обеих сторон нет — отдельно обсудите с юристом",IF(AND($G12<>"",$I12=""),"направлено, но подтверждение направления не указано",IF($K12="","отметьте, идёт ли копия в пакет",IF($L12="после принятия заявления","после принятия заявления — возможно текущий платёж (ст. 5), к юристу","")))))
A13: =IF($B13="","",ROW()-3) | L13: =IF($D13="","",IF('Объект и должник'!$B$14="","дата принятия заявления не заполнена",IF($D13<'Объект и должник'!$B$14,"до принятия заявления","после принятия заявления"))) | M13: =IF($B13="","",IF(AND($E13>0,LOWER($F13)<>"да"),"сумма есть, подписи обеих сторон нет — отдельно обсудите с юристом",IF(AND($G13<>"",$I13=""),"направлено, но подтверждение направления не указано",IF($K13="","отметьте, идёт ли копия в пакет",IF($L13="после принятия заявления","после принятия заявления — возможно текущий платёж (ст. 5), к юристу","")))))
A14: =IF($B14="","",ROW()-3) | L14: =IF($D14="","",IF('Объект и должник'!$B$14="","дата принятия заявления не заполнена",IF($D14<'Объект и должник'!$B$14,"до принятия заявления","после принятия заявления"))) | M14: =IF($B14="","",IF(AND($E14>0,LOWER($F14)<>"да"),"сумма есть, подписи обеих сторон нет — отдельно обсудите с юристом",IF(AND($G14<>"",$I14=""),"направлено, но подтверждение направления не указано",IF($K14="","отметьте, идёт ли копия в пакет",IF($L14="после принятия заявления","после принятия заявления — возможно текущий платёж (ст. 5), к юристу","")))))
A15: =IF($B15="","",ROW()-3) | L15: =IF($D15="","",IF('Объект и должник'!$B$14="","дата принятия заявления не заполнена",IF($D15<'Объект и должник'!$B$14,"до принятия заявления","после принятия заявления"))) | M15: =IF($B15="","",IF(AND($E15>0,LOWER($F15)<>"да"),"сумма есть, подписи обеих сторон нет — отдельно обсудите с юристом",IF(AND($G15<>"",$I15=""),"направлено, но подтверждение направления не указано",IF($K15="","отметьте, идёт ли копия в пакет",IF($L15="после принятия заявления","после принятия заявления — возможно текущий платёж (ст. 5), к юристу","")))))
... A203: =IF($B203="","",ROW()-3) | L203: =IF($D203="","",IF('Объект и должник'!$B$14="","дата принятия заявления не заполнена",IF($D203<'Объект и должник'!$B$14,"до принятия заявления","после принятия заявления"))) | M203: =IF($B203="","",IF(AND($E203>0,LOWER($F203)<>"да"),"сумма есть, подписи обеих сторон нет — отдельно обсудите с юристом",IF(AND($G203<>"",$I203=""),"направлено, но подтверждение направления не указано",IF($K203="","отметьте, идёт ли копия в пакет",IF($L203="после принятия заявления","после принятия заявления — возможно текущий платёж (ст. 5), к юристу","")))))
A205: Колонка «Проверка» должна быть пустой во всех заполненных строках. Непустая строка — это не запрет подавать, а вопрос, ответ на который лучше знать до подачи, а не после.

Sheet Итоги
A1: Итоги: что собрано и что осталось
A2: Считается по листу «Реестр документов». Ничего вводить не нужно.
A4: Строк заполнено | B4: =SUMPRODUCT(--(LEN('Реестр документов'!$B$4:$B$203)>0)) | C4: Каждая строка — один документ
A5: Отмечено «копия в пакет» | B5: =COUNTIF('Реестр документов'!$K$4:$K$203,"да") | C5: Сверяйте с файлом «Перечень пакета для заявления требования»
A6: Сумма по документам до принятия заявления, руб. | B6: =ROUND(SUMIF('Реестр документов'!$L$4:$L$203,"до принятия заявления",'Реестр документов'!$E$4:$E$203),2) | C6: Рабочий ориентир по реестровой части, а не размер требования
A7: Сумма по документам после принятия заявления, руб. | B7: =ROUND(SUMIF('Реестр документов'!$L$4:$L$203,"после принятия заявления",'Реестр документов'!$E$4:$E$203),2) | C7: Возможно, текущие платежи (ст. 5 Закона о банкротстве). Квалифицирует юрист
A8: Сумма по документам, отмеченным в пакет, руб. | B8: =ROUND(SUMIF('Реестр документов'!$K$4:$K$203,"да",'Реестр документов'!$E$4:$E$203),2) | C8: Проверьте, что она сходится с вашим расчётом требования
A9: Строк с непустой колонкой «Проверка» | B9: =SUMPRODUCT(--(LEN('Реестр документов'!$M$4:$M$203)>0)) | C9: Должно быть ноль. Каждая непустая строка — вопрос, который лучше закрыть до подачи
A10: Направлено, но подтверждение не указано | B10: =SUMPRODUCT(--(LEN('Реестр документов'!$G$4:$G$203)>0),--(LEN('Реестр документов'!$I$4:$I$203)=0)) | C10: Письмо без подтверждения отправки доказательством не является
A13: Срок | B13: ='Объект и должник'!$B$27
A15: Что эти суммы не означают
A16: — Не размер требования. Требование считается отдельно, и основной долг учитывается отдельно от финансовых санкций (ст. 137 Закона о банкротстве). Сумма из этого файла — рабочий ориентир, чтобы сверить, всё ли учтено.
A17: — Не сумму, которую вы получите. Включение в реестр даёт право на долю в том, что удастся собрать, а не платёж. В банкротстве требование чаще удовлетворяется частично или не удовлетворяется вовсе.
A18: — Не квалификацию требований. Деление по дате принятия заявления сделано, чтобы было с чем идти к юристу; момент возникновения обязательства не всегда совпадает с датой документа.
A19: — Не заменяет заявление. Требование включается в реестр по судебному акту, а не по письму управляющему и не по заполненной таблице.

Sheet Пример заполнения
A1: Пример: как выглядят заполненные строки
A2: Здесь показан формат ввода, а не ваш случай. Наименования, номера и даты вымышленные. Ничего отсюда не переносите в свой файл и тем более в документы.
A4: Лист «Объект и должник»
A5: Наименование должника (генподрядчика) | B5: ООО «Условный генподрядчик»
A6: Дата принятия судом заявления о признании банкротом | B6: 12.02.2026
A7: Введённая процедура | B7: наблюдение
A8: Дата публикации сведений | B8: 05.03.2026
A9: Норма, по которой проверен срок | B9: ст. 71 Закона о банкротстве, редакция на дату проверки
A10: Дата, до которой требование должно быть заявлено | B10: дата, полученная вашей проверкой
A11: Кем и когда проверен срок | B11: Иванов И. И., 06.03.2026
A13: Обратите внимание: в строке «Дата, до которой требование должно быть заявлено» в примере стоит не число, а описание. Число сюда ставите вы по результату проверки действующей редакции — готового значения нет ни в примере, ни в формулах.
A15: Лист «Реестр документов»
A16: № | B16: Тип документа | C16: Номер | D16: Дата документа | E16: Сумма, руб. | F16: Подписан обеими сторонами | G16: Направлен: дата | H16: Способ направления | I16: Подтверждение направления | J16: Где лежит оригинал | K16: Копия в пакет | L16: Период | M16: Проверка
A17: 1 | B17: Договор субподряда | C17: СП-14 | D17: 11.06.2025 | F17: да | J17: папка «Договоры», оригинал | K17: да | L17: считается | M17: считается
A18: 2 | B18: Акт КС-2 | C18: 3 | D18: 31.10.2025 | E18: 1 250 000,00 | F18: да | J18: папка объекта | K18: да | L18: считается | M18: считается
A19: 3 | B19: Претензия | C19: 48 | D19: 20.01.2026 | F19: нет | G19: 21.01.2026 | H19: ценное письмо с описью | I19: опись, трек 000000000000 | J19: папка «Переписка» | K19: да | L19: считается | M19: считается
A20: 4 | B20: Акт КС-2 | C20: 5 | D20: 28.02.2026 | E20: 410 000,00 | F20: да | J20: папка объекта | K20: да | L20: считается | M20: считается
A22: Четвёртая строка примера датирована позже даты принятия заявления из примера выше — колонка «Период» отметит её как «после принятия заявления», а «Проверка» напомнит, что это возможный текущий платёж (ст. 5 Закона о банкротстве) и что квалифицирует его юрист, а не таблица.
