Workbook
Name Print_Area: Календарь!$A$1:$C$22
Name Print_Area: 'Калькулятор срока оплаты'!$A$1:$C$32
Name Print_Area: Периоды!$A$1:$M$30
Name Print_Area: Платежи!$A$1:$F$28

Sheet Калькулятор срока оплаты
A1: Параметр | B1: Значение | C1: Как заполнить
A2: Дата КС-2 | C2: Справочно. Срок определяет событие в строке 6.
A3: Дата КС-3 | C3: Справочно. Не складывайте КС-2 и накопительную КС-3.
A4: Срок оплаты, дней | B4: 2 | C4: Целое число от 0. День события не входит.
A5: Тип срока | B5: календарные | C5: рабочие / календарные / дата
A6: Дата договорного события | B6: 46311 | C6: Укажите подтверждённое событие, предусмотренное договором.
A7: Крайний день оплаты | B7: =IF(B16<>"да","ПОДТВЕРДИТЕ ДАТУ",IF(B5="дата",IF(IF(ISNUMBER(B18),AND(B18>=DATE(2016,8,1),B18<=DATE(2100,12,31),MOD(B18,1)=0),FALSE),B18,"УКАЖИТЕ ДАТУ"),IF(AND(B5<>"рабочие",B5<>"календарные"),"ТИП СРОКА",IF(NOT(IF(ISNUMBER(B6),AND(B6>=DATE(2016,8,1),B6<=DATE(2100,12,31),MOD(B6,1)=0),FALSE)),"ДАТА СОБЫТИЯ",IF(NOT(IF(ISNUMBER(B4),AND(B4>=0,B4<=366,MOD(B4,1)=0),FALSE)),"ЦЕЛЫЕ ДНИ 0–366",IF(YEAR(B6)<>2026,"НУЖНА РУЧНАЯ ДАТА",IF(YEAR(WORKDAY((IF(B5="рабочие",WORKDAY(B6,B4,Календарь!$A$5:$A$22),B6+B4))-1,1,Календарь!$A$5:$A$22))<>2026,"НУЖНА РУЧНАЯ ДАТА",WORKDAY((IF(B5="рабочие",WORKDAY(B6,B4,Календарь!$A$5:$A$22),B6+B4))-1,1,Календарь!$A$5:$A$22)))))))) -> 46314 | C7: Перенос на рабочий день включён для календаря 2026.
A8: Календарных дней просрочки | B8: =IF(AND(ISNUMBER(B7),IF(ISNUMBER(B9),AND(B9>=DATE(2016,8,1),B9<=DATE(2100,12,31),MOD(B9,1)=0),FALSE)),MAX(0,B9-B7),"ПРОВЕРЬТЕ ДАТЫ") -> 2 | C8: С первого дня после срока по дату расчёта включительно.
A9: Дата окончания расчёта | B9: 46316 | C9: Фиксированная дата. TODAY() не используется.
A10: Договорная пеня, % в день | B10: 0.001 | C10: Введите 0,1% как 0,1%. Не годовая ставка.
A11: Сумма обязательства, руб. | B11: 100000 | C11: Основной долг до внесённых оплат, без санкций.
A12: Выбранная санкция, руб. | B12: =IF(B13="проценты 395",B23,IF(B13="пеня",B24,IF(B13="без санкций",0,"ВЫБЕРИТЕ РЕЖИМ"))) -> 196 | C12: Только один режим из строки 13.
A13: Режим расчёта | B13: пеня | C13: 395 / пеня / без санкций. Одновременного начисления нет.
A14: Есть неустойка за это нарушение | B14: да | C14: да / нет / неизвестно. Учитывайте закон и договор.
A15: Ставка 395, % годовых | C15: На каждый период проверьте ставку Банка России.
A16: Крайняя дата проверена | B16: да | C16: да — проверены договор, календарь и применимость ст. 193.
A17: Основание и ставки проверены | B17: да | C17: да — проверены выбранная санкция, база и все её периоды.
A18: Крайняя дата вручную | C18: Для типа «дата»: окончательная дата после правовой проверки.
A19: Исходные данные | B19: =IF(NOT(ISNUMBER(B7)),"ПРОВЕРЬТЕ СРОК",IF(NOT(IF(ISNUMBER(B9),AND(B9>=DATE(2016,8,1),B9<=DATE(2100,12,31),MOD(B9,1)=0),FALSE)),"ДАТА РАСЧЁТА",IF(NOT(IF(ISNUMBER(B11),AND(B11>=0,ROUND(B11,2)=B11),FALSE)),"СУММА ДОЛГА",IF(SUM(Платежи!$F$5:$F$24)>0,"ПРОВЕРЬТЕ ПЛАТЕЖИ","ГОТОВО")))) -> ГОТОВО | C19: Платежи: до 20 строк, только отнесённая на основной долг сумма.
A20: Остаток основного долга | B20: =IF(B19<>"ГОТОВО",B19,IF(B21>B11,"ОПЛАТЫ БОЛЬШЕ ДОЛГА",ROUND(B11-B21,2))) -> 98000 | C20: Оплаты по дату расчёта включительно вычитаются один раз.
A21: Учтено оплат | B21: =IF(B19<>"ГОТОВО",B19,SUMIFS(Платежи!$B$5:$B$24,Платежи!$A$5:$A$24,"<="&B9)) -> 2000 | C21: Будущие оплаты не уменьшают текущий остаток.
A22: Оплаты после даты расчёта | B22: =IF(B19<>"ГОТОВО",B19,SUMIFS(Платежи!$B$5:$B$24,Платежи!$A$5:$A$24,">"&B9)) -> 0 | C22: Показаны отдельно, в расчёт текущего периода не входят.
A23: Проценты по ст. 395 | B23: =IF(B13<>"проценты 395","НЕ ВЫБРАНО",IF(B27="ГОТОВО",ROUND(SUM(Периоды!$J$5:$J$24),2),IF(B27="ПРОСРОЧКИ НЕТ",0,B27))) -> НЕ ВЫБРАНО | C23: В режиме пени не начисляются. Без капитализации.
A24: Договорная пеня | B24: =IF(B13<>"пеня","НЕ ВЫБРАНО",IF(B27="ГОТОВО",ROUND(SUM(Периоды!$K$5:$K$24),2),IF(B27="ПРОСРОЧКИ НЕТ",0,B27))) -> 196 | C24: Простая дневная пеня на остаток. Иные модели — отдельный расчёт.
A25: Долг и выбранная санкция | B25: =IF(AND(ISNUMBER(B20),ISNUMBER(B12)),SUM(B20,B12),"ПРОВЕРЬТЕ ВВОД") -> 98196 | C25: Это две разные составляющие. Перенесите их в письмо раздельно.
A26: Первый день просрочки | B26: =IF(ISNUMBER(B7),B7+1,"ПРОВЕРЬТЕ СРОК") -> 46315 | C26: Следующий день после подтверждённого срока оплаты.
A27: Периоды и основание | B27: =IF(B19<>"ГОТОВО",B19,IF(AND(B13<>"проценты 395",B13<>"пеня",B13<>"без санкций"),"ВЫБЕРИТЕ РЕЖИМ",IF(B13="без санкций","НЕ ТРЕБУЮТСЯ",IF(B17<>"да","ПОДТВЕРДИТЕ ОСНОВАНИЕ",IF(OR(AND(B13="проценты 395",B14<>"нет"),AND(B13="пеня",B14<>"да")),"ПРОВЕРЬТЕ НЕУСТОЙКУ",IF(B9<=B7,"ПРОСРОЧКИ НЕТ",IF(SUM(Периоды!$M$5:$M$24)>0,"ПРОВЕРЬТЕ ПЕРИОДЫ",IF(SUM(Периоды!$F$5:$F$24)<>B8,"НЕПОЛНОЕ ПОКРЫТИЕ","ГОТОВО")))))))) -> ГОТОВО | C27: Если ошибка — числовой итог санкции не выдаётся.
A28: Как разделить периоды | C28: Новая строка: день изменения ставки или день после частичной оплаты.
A29: Дата фактической оплаты | C29: В платеже укажите дату исполнения обязательства и подтверждение банка.
A30: Границы модели | C30: Рубли, периоды с 01.08.2016, 20 оплат и 20 периодов. Особые режимы — отдельно.
A31: Связь | C31: nastoronepodryadchika@yandex.ru; тема ДЕНЬГИ, файл, лист, ячейка.
A32: Порядок работы | C32: Сначала инструкция 01, затем платежи/периоды, список 03 и письмо 04.

Sheet Периоды
A1: Начисления по периодам
A2: Вводите новые начала в A6:A24 по возрастанию. D/E пусто — ставка из главного листа.
A3: Частичная оплата внутри строки блокирует итог: добавьте начало следующего дня. Новая ставка — с даты её действия.
A4: Начало | B4: Конец | C4: База, руб. | D4: 395, % год. | E4: Пеня, %/день | F4: Дней | G4: Дней 1-го года | H4: Полных лет | I4: Дней посл. года | J4: Проценты 395, руб. | K4: Пеня, руб. | L4: Контроль периода | M4: Ошибок
A5: =IF(ISNUMBER('Калькулятор срока оплаты'!$B$26),'Калькулятор срока оплаты'!$B$26,"") -> 46315 | B5: =IF(AND(IF(ISNUMBER(A5),AND(A5>=DATE(2016,8,1),A5<=DATE(2100,12,31),MOD(A5,1)=0),FALSE),IF(ISNUMBER('Калькулятор срока оплаты'!$B$9),AND('Калькулятор срока оплаты'!$B$9>=DATE(2016,8,1),'Калькулятор срока оплаты'!$B$9<=DATE(2100,12,31),MOD('Калькулятор срока оплаты'!$B$9,1)=0),FALSE)),IF(ISNUMBER(A6),MIN(A6-1,'Калькулятор срока оплаты'!$B$9),'Калькулятор срока оплаты'!$B$9),"") -> 46316 | C5: =IF(AND(IF(ISNUMBER(A5),AND(A5>=DATE(2016,8,1),A5<=DATE(2100,12,31),MOD(A5,1)=0),FALSE),'Калькулятор срока оплаты'!$B$19="ГОТОВО"),'Калькулятор срока оплаты'!$B$11-SUMIFS(Платежи!$B$5:$B$24,Платежи!$A$5:$A$24,"<"&A5),"") -> 98000 | F5: =IF(L5="ГОТОВО",B5-A5+1,"") -> 2 | G5: =IF(L5="ГОТОВО",MIN(B5,DATE(YEAR(A5)+1,1,1)-1)-A5+1,"") -> 2 | H5: =IF(L5="ГОТОВО",MAX(0,YEAR(B5)-YEAR(A5)-1),"") -> 0 | I5: =IF(L5="ГОТОВО",IF(YEAR(B5)>YEAR(A5),B5-DATE(YEAR(B5),1,1)+1,0),"") -> 0 | J5: =IF(AND(L5="ГОТОВО",'Калькулятор срока оплаты'!$B$13="проценты 395"),C5*IF(D5="",'Калькулятор срока оплаты'!$B$15,D5)*(G5/(DATE(YEAR(A5)+1,1,1)-DATE(YEAR(A5),1,1))+H5+I5/(DATE(YEAR(B5)+1,1,1)-DATE(YEAR(B5),1,1))),"") | K5: =IF(AND(L5="ГОТОВО",'Калькулятор срока оплаты'!$B$13="пеня"),C5*IF(E5="",'Калькулятор срока оплаты'!$B$10,E5)*F5,"") -> 196 | L5: =IF(AND(A5="",D5="",E5=""),"",IF(NOT(IF(ISNUMBER(A5),AND(A5>=DATE(2016,8,1),A5<=DATE(2100,12,31),MOD(A5,1)=0),FALSE)),"ОШИБКА: дата",IF('Калькулятор срока оплаты'!$B$19<>"ГОТОВО","ОШИБКА: входные данные",IF(A5>'Калькулятор срока оплаты'!$B$9,"НЕ УЧТЁН",IF(A5<'Калькулятор срока оплаты'!$B$26,"ОШИБКА: начало до просрочки",IF(B5<A5,"ОШИБКА: границы",IF(C5<0,"ОШИБКА: переплата",IF(COUNTIFS(Платежи!$A$5:$A$24,">="&A5,Платежи!$A$5:$A$24,"<"&B5)>0,"ОШИБКА: разделите после оплаты",IF(AND('Калькулятор срока оплаты'!$B$13="проценты 395",NOT(IF(ISNUMBER(IF(D5="",'Калькулятор срока оплаты'!$B$15,D5)),IF(D5="",'Калькулятор срока оплаты'!$B$15,D5)>=0,FALSE))),"ОШИБКА: ставка 395",IF(AND('Калькулятор срока оплаты'!$B$13="пеня",NOT(IF(ISNUMBER(IF(E5="",'Калькулятор срока оплаты'!$B$10,E5)),IF(E5="",'Калькулятор срока оплаты'!$B$10,E5)>=0,FALSE))),"ОШИБКА: ставка пени","ГОТОВО")))))))))) -> ГОТОВО | M5: =IF(OR(L5="",L5="ГОТОВО",L5="НЕ УЧТЁН"),0,1) -> 0
B6: =IF(AND(IF(ISNUMBER(A6),AND(A6>=DATE(2016,8,1),A6<=DATE(2100,12,31),MOD(A6,1)=0),FALSE),IF(ISNUMBER('Калькулятор срока оплаты'!$B$9),AND('Калькулятор срока оплаты'!$B$9>=DATE(2016,8,1),'Калькулятор срока оплаты'!$B$9<=DATE(2100,12,31),MOD('Калькулятор срока оплаты'!$B$9,1)=0),FALSE)),IF(ISNUMBER(A7),MIN(A7-1,'Калькулятор срока оплаты'!$B$9),'Калькулятор срока оплаты'!$B$9),"") | C6: =IF(AND(IF(ISNUMBER(A6),AND(A6>=DATE(2016,8,1),A6<=DATE(2100,12,31),MOD(A6,1)=0),FALSE),'Калькулятор срока оплаты'!$B$19="ГОТОВО"),'Калькулятор срока оплаты'!$B$11-SUMIFS(Платежи!$B$5:$B$24,Платежи!$A$5:$A$24,"<"&A6),"") | F6: =IF(L6="ГОТОВО",B6-A6+1,"") | G6: =IF(L6="ГОТОВО",MIN(B6,DATE(YEAR(A6)+1,1,1)-1)-A6+1,"") | H6: =IF(L6="ГОТОВО",MAX(0,YEAR(B6)-YEAR(A6)-1),"") | I6: =IF(L6="ГОТОВО",IF(YEAR(B6)>YEAR(A6),B6-DATE(YEAR(B6),1,1)+1,0),"") | J6: =IF(AND(L6="ГОТОВО",'Калькулятор срока оплаты'!$B$13="проценты 395"),C6*IF(D6="",'Калькулятор срока оплаты'!$B$15,D6)*(G6/(DATE(YEAR(A6)+1,1,1)-DATE(YEAR(A6),1,1))+H6+I6/(DATE(YEAR(B6)+1,1,1)-DATE(YEAR(B6),1,1))),"") | K6: =IF(AND(L6="ГОТОВО",'Калькулятор срока оплаты'!$B$13="пеня"),C6*IF(E6="",'Калькулятор срока оплаты'!$B$10,E6)*F6,"") | L6: =IF(AND(A6="",D6="",E6=""),"",IF(NOT(IF(ISNUMBER(A6),AND(A6>=DATE(2016,8,1),A6<=DATE(2100,12,31),MOD(A6,1)=0),FALSE)),"ОШИБКА: дата",IF('Калькулятор срока оплаты'!$B$19<>"ГОТОВО","ОШИБКА: входные данные",IF(A6>'Калькулятор срока оплаты'!$B$9,"НЕ УЧТЁН",IF(A6<'Калькулятор срока оплаты'!$B$26,"ОШИБКА: начало до просрочки",IF(NOT(ISNUMBER(A5)),"ОШИБКА: пропуск строки",IF(A6<=A5,"ОШИБКА: порядок",IF(B6<A6,"ОШИБКА: границы",IF(C6<0,"ОШИБКА: переплата",IF(COUNTIFS(Платежи!$A$5:$A$24,">="&A6,Платежи!$A$5:$A$24,"<"&B6)>0,"ОШИБКА: разделите после оплаты",IF(AND('Калькулятор срока оплаты'!$B$13="проценты 395",NOT(IF(ISNUMBER(IF(D6="",'Калькулятор срока оплаты'!$B$15,D6)),IF(D6="",'Калькулятор срока оплаты'!$B$15,D6)>=0,FALSE))),"ОШИБКА: ставка 395",IF(AND('Калькулятор срока оплаты'!$B$13="пеня",NOT(IF(ISNUMBER(IF(E6="",'Калькулятор срока оплаты'!$B$10,E6)),IF(E6="",'Калькулятор срока оплаты'!$B$10,E6)>=0,FALSE))),"ОШИБКА: ставка пени","ГОТОВО")))))))))))) | M6: =IF(OR(L6="",L6="ГОТОВО",L6="НЕ УЧТЁН"),0,1) -> 0
B7: =IF(AND(IF(ISNUMBER(A7),AND(A7>=DATE(2016,8,1),A7<=DATE(2100,12,31),MOD(A7,1)=0),FALSE),IF(ISNUMBER('Калькулятор срока оплаты'!$B$9),AND('Калькулятор срока оплаты'!$B$9>=DATE(2016,8,1),'Калькулятор срока оплаты'!$B$9<=DATE(2100,12,31),MOD('Калькулятор срока оплаты'!$B$9,1)=0),FALSE)),IF(ISNUMBER(A8),MIN(A8-1,'Калькулятор срока оплаты'!$B$9),'Калькулятор срока оплаты'!$B$9),"") | C7: =IF(AND(IF(ISNUMBER(A7),AND(A7>=DATE(2016,8,1),A7<=DATE(2100,12,31),MOD(A7,1)=0),FALSE),'Калькулятор срока оплаты'!$B$19="ГОТОВО"),'Калькулятор срока оплаты'!$B$11-SUMIFS(Платежи!$B$5:$B$24,Платежи!$A$5:$A$24,"<"&A7),"") | F7: =IF(L7="ГОТОВО",B7-A7+1,"") | G7: =IF(L7="ГОТОВО",MIN(B7,DATE(YEAR(A7)+1,1,1)-1)-A7+1,"") | H7: =IF(L7="ГОТОВО",MAX(0,YEAR(B7)-YEAR(A7)-1),"") | I7: =IF(L7="ГОТОВО",IF(YEAR(B7)>YEAR(A7),B7-DATE(YEAR(B7),1,1)+1,0),"") | J7: =IF(AND(L7="ГОТОВО",'Калькулятор срока оплаты'!$B$13="проценты 395"),C7*IF(D7="",'Калькулятор срока оплаты'!$B$15,D7)*(G7/(DATE(YEAR(A7)+1,1,1)-DATE(YEAR(A7),1,1))+H7+I7/(DATE(YEAR(B7)+1,1,1)-DATE(YEAR(B7),1,1))),"") | K7: =IF(AND(L7="ГОТОВО",'Калькулятор срока оплаты'!$B$13="пеня"),C7*IF(E7="",'Калькулятор срока оплаты'!$B$10,E7)*F7,"") | L7: =IF(AND(A7="",D7="",E7=""),"",IF(NOT(IF(ISNUMBER(A7),AND(A7>=DATE(2016,8,1),A7<=DATE(2100,12,31),MOD(A7,1)=0),FALSE)),"ОШИБКА: дата",IF('Калькулятор срока оплаты'!$B$19<>"ГОТОВО","ОШИБКА: входные данные",IF(A7>'Калькулятор срока оплаты'!$B$9,"НЕ УЧТЁН",IF(A7<'Калькулятор срока оплаты'!$B$26,"ОШИБКА: начало до просрочки",IF(NOT(ISNUMBER(A6)),"ОШИБКА: пропуск строки",IF(A7<=A6,"ОШИБКА: порядок",IF(B7<A7,"ОШИБКА: границы",IF(C7<0,"ОШИБКА: переплата",IF(COUNTIFS(Платежи!$A$5:$A$24,">="&A7,Платежи!$A$5:$A$24,"<"&B7)>0,"ОШИБКА: разделите после оплаты",IF(AND('Калькулятор срока оплаты'!$B$13="проценты 395",NOT(IF(ISNUMBER(IF(D7="",'Калькулятор срока оплаты'!$B$15,D7)),IF(D7="",'Калькулятор срока оплаты'!$B$15,D7)>=0,FALSE))),"ОШИБКА: ставка 395",IF(AND('Калькулятор срока оплаты'!$B$13="пеня",NOT(IF(ISNUMBER(IF(E7="",'Калькулятор срока оплаты'!$B$10,E7)),IF(E7="",'Калькулятор срока оплаты'!$B$10,E7)>=0,FALSE))),"ОШИБКА: ставка пени","ГОТОВО")))))))))))) | M7: =IF(OR(L7="",L7="ГОТОВО",L7="НЕ УЧТЁН"),0,1) -> 0
B8: =IF(AND(IF(ISNUMBER(A8),AND(A8>=DATE(2016,8,1),A8<=DATE(2100,12,31),MOD(A8,1)=0),FALSE),IF(ISNUMBER('Калькулятор срока оплаты'!$B$9),AND('Калькулятор срока оплаты'!$B$9>=DATE(2016,8,1),'Калькулятор срока оплаты'!$B$9<=DATE(2100,12,31),MOD('Калькулятор срока оплаты'!$B$9,1)=0),FALSE)),IF(ISNUMBER(A9),MIN(A9-1,'Калькулятор срока оплаты'!$B$9),'Калькулятор срока оплаты'!$B$9),"") | C8: =IF(AND(IF(ISNUMBER(A8),AND(A8>=DATE(2016,8,1),A8<=DATE(2100,12,31),MOD(A8,1)=0),FALSE),'Калькулятор срока оплаты'!$B$19="ГОТОВО"),'Калькулятор срока оплаты'!$B$11-SUMIFS(Платежи!$B$5:$B$24,Платежи!$A$5:$A$24,"<"&A8),"") | F8: =IF(L8="ГОТОВО",B8-A8+1,"") | G8: =IF(L8="ГОТОВО",MIN(B8,DATE(YEAR(A8)+1,1,1)-1)-A8+1,"") | H8: =IF(L8="ГОТОВО",MAX(0,YEAR(B8)-YEAR(A8)-1),"") | I8: =IF(L8="ГОТОВО",IF(YEAR(B8)>YEAR(A8),B8-DATE(YEAR(B8),1,1)+1,0),"") | J8: =IF(AND(L8="ГОТОВО",'Калькулятор срока оплаты'!$B$13="проценты 395"),C8*IF(D8="",'Калькулятор срока оплаты'!$B$15,D8)*(G8/(DATE(YEAR(A8)+1,1,1)-DATE(YEAR(A8),1,1))+H8+I8/(DATE(YEAR(B8)+1,1,1)-DATE(YEAR(B8),1,1))),"") | K8: =IF(AND(L8="ГОТОВО",'Калькулятор срока оплаты'!$B$13="пеня"),C8*IF(E8="",'Калькулятор срока оплаты'!$B$10,E8)*F8,"") | L8: =IF(AND(A8="",D8="",E8=""),"",IF(NOT(IF(ISNUMBER(A8),AND(A8>=DATE(2016,8,1),A8<=DATE(2100,12,31),MOD(A8,1)=0),FALSE)),"ОШИБКА: дата",IF('Калькулятор срока оплаты'!$B$19<>"ГОТОВО","ОШИБКА: входные данные",IF(A8>'Калькулятор срока оплаты'!$B$9,"НЕ УЧТЁН",IF(A8<'Калькулятор срока оплаты'!$B$26,"ОШИБКА: начало до просрочки",IF(NOT(ISNUMBER(A7)),"ОШИБКА: пропуск строки",IF(A8<=A7,"ОШИБКА: порядок",IF(B8<A8,"ОШИБКА: границы",IF(C8<0,"ОШИБКА: переплата",IF(COUNTIFS(Платежи!$A$5:$A$24,">="&A8,Платежи!$A$5:$A$24,"<"&B8)>0,"ОШИБКА: разделите после оплаты",IF(AND('Калькулятор срока оплаты'!$B$13="проценты 395",NOT(IF(ISNUMBER(IF(D8="",'Калькулятор срока оплаты'!$B$15,D8)),IF(D8="",'Калькулятор срока оплаты'!$B$15,D8)>=0,FALSE))),"ОШИБКА: ставка 395",IF(AND('Калькулятор срока оплаты'!$B$13="пеня",NOT(IF(ISNUMBER(IF(E8="",'Калькулятор срока оплаты'!$B$10,E8)),IF(E8="",'Калькулятор срока оплаты'!$B$10,E8)>=0,FALSE))),"ОШИБКА: ставка пени","ГОТОВО")))))))))))) | M8: =IF(OR(L8="",L8="ГОТОВО",L8="НЕ УЧТЁН"),0,1) -> 0
B9: =IF(AND(IF(ISNUMBER(A9),AND(A9>=DATE(2016,8,1),A9<=DATE(2100,12,31),MOD(A9,1)=0),FALSE),IF(ISNUMBER('Калькулятор срока оплаты'!$B$9),AND('Калькулятор срока оплаты'!$B$9>=DATE(2016,8,1),'Калькулятор срока оплаты'!$B$9<=DATE(2100,12,31),MOD('Калькулятор срока оплаты'!$B$9,1)=0),FALSE)),IF(ISNUMBER(A10),MIN(A10-1,'Калькулятор срока оплаты'!$B$9),'Калькулятор срока оплаты'!$B$9),"") | C9: =IF(AND(IF(ISNUMBER(A9),AND(A9>=DATE(2016,8,1),A9<=DATE(2100,12,31),MOD(A9,1)=0),FALSE),'Калькулятор срока оплаты'!$B$19="ГОТОВО"),'Калькулятор срока оплаты'!$B$11-SUMIFS(Платежи!$B$5:$B$24,Платежи!$A$5:$A$24,"<"&A9),"") | F9: =IF(L9="ГОТОВО",B9-A9+1,"") | G9: =IF(L9="ГОТОВО",MIN(B9,DATE(YEAR(A9)+1,1,1)-1)-A9+1,"") | H9: =IF(L9="ГОТОВО",MAX(0,YEAR(B9)-YEAR(A9)-1),"") | I9: =IF(L9="ГОТОВО",IF(YEAR(B9)>YEAR(A9),B9-DATE(YEAR(B9),1,1)+1,0),"") | J9: =IF(AND(L9="ГОТОВО",'Калькулятор срока оплаты'!$B$13="проценты 395"),C9*IF(D9="",'Калькулятор срока оплаты'!$B$15,D9)*(G9/(DATE(YEAR(A9)+1,1,1)-DATE(YEAR(A9),1,1))+H9+I9/(DATE(YEAR(B9)+1,1,1)-DATE(YEAR(B9),1,1))),"") | K9: =IF(AND(L9="ГОТОВО",'Калькулятор срока оплаты'!$B$13="пеня"),C9*IF(E9="",'Калькулятор срока оплаты'!$B$10,E9)*F9,"") | L9: =IF(AND(A9="",D9="",E9=""),"",IF(NOT(IF(ISNUMBER(A9),AND(A9>=DATE(2016,8,1),A9<=DATE(2100,12,31),MOD(A9,1)=0),FALSE)),"ОШИБКА: дата",IF('Калькулятор срока оплаты'!$B$19<>"ГОТОВО","ОШИБКА: входные данные",IF(A9>'Калькулятор срока оплаты'!$B$9,"НЕ УЧТЁН",IF(A9<'Калькулятор срока оплаты'!$B$26,"ОШИБКА: начало до просрочки",IF(NOT(ISNUMBER(A8)),"ОШИБКА: пропуск строки",IF(A9<=A8,"ОШИБКА: порядок",IF(B9<A9,"ОШИБКА: границы",IF(C9<0,"ОШИБКА: переплата",IF(COUNTIFS(Платежи!$A$5:$A$24,">="&A9,Платежи!$A$5:$A$24,"<"&B9)>0,"ОШИБКА: разделите после оплаты",IF(AND('Калькулятор срока оплаты'!$B$13="проценты 395",NOT(IF(ISNUMBER(IF(D9="",'Калькулятор срока оплаты'!$B$15,D9)),IF(D9="",'Калькулятор срока оплаты'!$B$15,D9)>=0,FALSE))),"ОШИБКА: ставка 395",IF(AND('Калькулятор срока оплаты'!$B$13="пеня",NOT(IF(ISNUMBER(IF(E9="",'Калькулятор срока оплаты'!$B$10,E9)),IF(E9="",'Калькулятор срока оплаты'!$B$10,E9)>=0,FALSE))),"ОШИБКА: ставка пени","ГОТОВО")))))))))))) | M9: =IF(OR(L9="",L9="ГОТОВО",L9="НЕ УЧТЁН"),0,1) -> 0
B10: =IF(AND(IF(ISNUMBER(A10),AND(A10>=DATE(2016,8,1),A10<=DATE(2100,12,31),MOD(A10,1)=0),FALSE),IF(ISNUMBER('Калькулятор срока оплаты'!$B$9),AND('Калькулятор срока оплаты'!$B$9>=DATE(2016,8,1),'Калькулятор срока оплаты'!$B$9<=DATE(2100,12,31),MOD('Калькулятор срока оплаты'!$B$9,1)=0),FALSE)),IF(ISNUMBER(A11),MIN(A11-1,'Калькулятор срока оплаты'!$B$9),'Калькулятор срока оплаты'!$B$9),"") | C10: =IF(AND(IF(ISNUMBER(A10),AND(A10>=DATE(2016,8,1),A10<=DATE(2100,12,31),MOD(A10,1)=0),FALSE),'Калькулятор срока оплаты'!$B$19="ГОТОВО"),'Калькулятор срока оплаты'!$B$11-SUMIFS(Платежи!$B$5:$B$24,Платежи!$A$5:$A$24,"<"&A10),"") | F10: =IF(L10="ГОТОВО",B10-A10+1,"") | G10: =IF(L10="ГОТОВО",MIN(B10,DATE(YEAR(A10)+1,1,1)-1)-A10+1,"") | H10: =IF(L10="ГОТОВО",MAX(0,YEAR(B10)-YEAR(A10)-1),"") | I10: =IF(L10="ГОТОВО",IF(YEAR(B10)>YEAR(A10),B10-DATE(YEAR(B10),1,1)+1,0),"") | J10: =IF(AND(L10="ГОТОВО",'Калькулятор срока оплаты'!$B$13="проценты 395"),C10*IF(D10="",'Калькулятор срока оплаты'!$B$15,D10)*(G10/(DATE(YEAR(A10)+1,1,1)-DATE(YEAR(A10),1,1))+H10+I10/(DATE(YEAR(B10)+1,1,1)-DATE(YEAR(B10),1,1))),"") | K10: =IF(AND(L10="ГОТОВО",'Калькулятор срока оплаты'!$B$13="пеня"),C10*IF(E10="",'Калькулятор срока оплаты'!$B$10,E10)*F10,"") | L10: =IF(AND(A10="",D10="",E10=""),"",IF(NOT(IF(ISNUMBER(A10),AND(A10>=DATE(2016,8,1),A10<=DATE(2100,12,31),MOD(A10,1)=0),FALSE)),"ОШИБКА: дата",IF('Калькулятор срока оплаты'!$B$19<>"ГОТОВО","ОШИБКА: входные данные",IF(A10>'Калькулятор срока оплаты'!$B$9,"НЕ УЧТЁН",IF(A10<'Калькулятор срока оплаты'!$B$26,"ОШИБКА: начало до просрочки",IF(NOT(ISNUMBER(A9)),"ОШИБКА: пропуск строки",IF(A10<=A9,"ОШИБКА: порядок",IF(B10<A10,"ОШИБКА: границы",IF(C10<0,"ОШИБКА: переплата",IF(COUNTIFS(Платежи!$A$5:$A$24,">="&A10,Платежи!$A$5:$A$24,"<"&B10)>0,"ОШИБКА: разделите после оплаты",IF(AND('Калькулятор срока оплаты'!$B$13="проценты 395",NOT(IF(ISNUMBER(IF(D10="",'Калькулятор срока оплаты'!$B$15,D10)),IF(D10="",'Калькулятор срока оплаты'!$B$15,D10)>=0,FALSE))),"ОШИБКА: ставка 395",IF(AND('Калькулятор срока оплаты'!$B$13="пеня",NOT(IF(ISNUMBER(IF(E10="",'Калькулятор срока оплаты'!$B$10,E10)),IF(E10="",'Калькулятор срока оплаты'!$B$10,E10)>=0,FALSE))),"ОШИБКА: ставка пени","ГОТОВО")))))))))))) | M10: =IF(OR(L10="",L10="ГОТОВО",L10="НЕ УЧТЁН"),0,1) -> 0
B11: =IF(AND(IF(ISNUMBER(A11),AND(A11>=DATE(2016,8,1),A11<=DATE(2100,12,31),MOD(A11,1)=0),FALSE),IF(ISNUMBER('Калькулятор срока оплаты'!$B$9),AND('Калькулятор срока оплаты'!$B$9>=DATE(2016,8,1),'Калькулятор срока оплаты'!$B$9<=DATE(2100,12,31),MOD('Калькулятор срока оплаты'!$B$9,1)=0),FALSE)),IF(ISNUMBER(A12),MIN(A12-1,'Калькулятор срока оплаты'!$B$9),'Калькулятор срока оплаты'!$B$9),"") | C11: =IF(AND(IF(ISNUMBER(A11),AND(A11>=DATE(2016,8,1),A11<=DATE(2100,12,31),MOD(A11,1)=0),FALSE),'Калькулятор срока оплаты'!$B$19="ГОТОВО"),'Калькулятор срока оплаты'!$B$11-SUMIFS(Платежи!$B$5:$B$24,Платежи!$A$5:$A$24,"<"&A11),"") | F11: =IF(L11="ГОТОВО",B11-A11+1,"") | G11: =IF(L11="ГОТОВО",MIN(B11,DATE(YEAR(A11)+1,1,1)-1)-A11+1,"") | H11: =IF(L11="ГОТОВО",MAX(0,YEAR(B11)-YEAR(A11)-1),"") | I11: =IF(L11="ГОТОВО",IF(YEAR(B11)>YEAR(A11),B11-DATE(YEAR(B11),1,1)+1,0),"") | J11: =IF(AND(L11="ГОТОВО",'Калькулятор срока оплаты'!$B$13="проценты 395"),C11*IF(D11="",'Калькулятор срока оплаты'!$B$15,D11)*(G11/(DATE(YEAR(A11)+1,1,1)-DATE(YEAR(A11),1,1))+H11+I11/(DATE(YEAR(B11)+1,1,1)-DATE(YEAR(B11),1,1))),"") | K11: =IF(AND(L11="ГОТОВО",'Калькулятор срока оплаты'!$B$13="пеня"),C11*IF(E11="",'Калькулятор срока оплаты'!$B$10,E11)*F11,"") | L11: =IF(AND(A11="",D11="",E11=""),"",IF(NOT(IF(ISNUMBER(A11),AND(A11>=DATE(2016,8,1),A11<=DATE(2100,12,31),MOD(A11,1)=0),FALSE)),"ОШИБКА: дата",IF('Калькулятор срока оплаты'!$B$19<>"ГОТОВО","ОШИБКА: входные данные",IF(A11>'Калькулятор срока оплаты'!$B$9,"НЕ УЧТЁН",IF(A11<'Калькулятор срока оплаты'!$B$26,"ОШИБКА: начало до просрочки",IF(NOT(ISNUMBER(A10)),"ОШИБКА: пропуск строки",IF(A11<=A10,"ОШИБКА: порядок",IF(B11<A11,"ОШИБКА: границы",IF(C11<0,"ОШИБКА: переплата",IF(COUNTIFS(Платежи!$A$5:$A$24,">="&A11,Платежи!$A$5:$A$24,"<"&B11)>0,"ОШИБКА: разделите после оплаты",IF(AND('Калькулятор срока оплаты'!$B$13="проценты 395",NOT(IF(ISNUMBER(IF(D11="",'Калькулятор срока оплаты'!$B$15,D11)),IF(D11="",'Калькулятор срока оплаты'!$B$15,D11)>=0,FALSE))),"ОШИБКА: ставка 395",IF(AND('Калькулятор срока оплаты'!$B$13="пеня",NOT(IF(ISNUMBER(IF(E11="",'Калькулятор срока оплаты'!$B$10,E11)),IF(E11="",'Калькулятор срока оплаты'!$B$10,E11)>=0,FALSE))),"ОШИБКА: ставка пени","ГОТОВО")))))))))))) | M11: =IF(OR(L11="",L11="ГОТОВО",L11="НЕ УЧТЁН"),0,1) -> 0
B12: =IF(AND(IF(ISNUMBER(A12),AND(A12>=DATE(2016,8,1),A12<=DATE(2100,12,31),MOD(A12,1)=0),FALSE),IF(ISNUMBER('Калькулятор срока оплаты'!$B$9),AND('Калькулятор срока оплаты'!$B$9>=DATE(2016,8,1),'Калькулятор срока оплаты'!$B$9<=DATE(2100,12,31),MOD('Калькулятор срока оплаты'!$B$9,1)=0),FALSE)),IF(ISNUMBER(A13),MIN(A13-1,'Калькулятор срока оплаты'!$B$9),'Калькулятор срока оплаты'!$B$9),"") | C12: =IF(AND(IF(ISNUMBER(A12),AND(A12>=DATE(2016,8,1),A12<=DATE(2100,12,31),MOD(A12,1)=0),FALSE),'Калькулятор срока оплаты'!$B$19="ГОТОВО"),'Калькулятор срока оплаты'!$B$11-SUMIFS(Платежи!$B$5:$B$24,Платежи!$A$5:$A$24,"<"&A12),"") | F12: =IF(L12="ГОТОВО",B12-A12+1,"") | G12: =IF(L12="ГОТОВО",MIN(B12,DATE(YEAR(A12)+1,1,1)-1)-A12+1,"") | H12: =IF(L12="ГОТОВО",MAX(0,YEAR(B12)-YEAR(A12)-1),"") | I12: =IF(L12="ГОТОВО",IF(YEAR(B12)>YEAR(A12),B12-DATE(YEAR(B12),1,1)+1,0),"") | J12: =IF(AND(L12="ГОТОВО",'Калькулятор срока оплаты'!$B$13="проценты 395"),C12*IF(D12="",'Калькулятор срока оплаты'!$B$15,D12)*(G12/(DATE(YEAR(A12)+1,1,1)-DATE(YEAR(A12),1,1))+H12+I12/(DATE(YEAR(B12)+1,1,1)-DATE(YEAR(B12),1,1))),"") | K12: =IF(AND(L12="ГОТОВО",'Калькулятор срока оплаты'!$B$13="пеня"),C12*IF(E12="",'Калькулятор срока оплаты'!$B$10,E12)*F12,"") | L12: =IF(AND(A12="",D12="",E12=""),"",IF(NOT(IF(ISNUMBER(A12),AND(A12>=DATE(2016,8,1),A12<=DATE(2100,12,31),MOD(A12,1)=0),FALSE)),"ОШИБКА: дата",IF('Калькулятор срока оплаты'!$B$19<>"ГОТОВО","ОШИБКА: входные данные",IF(A12>'Калькулятор срока оплаты'!$B$9,"НЕ УЧТЁН",IF(A12<'Калькулятор срока оплаты'!$B$26,"ОШИБКА: начало до просрочки",IF(NOT(ISNUMBER(A11)),"ОШИБКА: пропуск строки",IF(A12<=A11,"ОШИБКА: порядок",IF(B12<A12,"ОШИБКА: границы",IF(C12<0,"ОШИБКА: переплата",IF(COUNTIFS(Платежи!$A$5:$A$24,">="&A12,Платежи!$A$5:$A$24,"<"&B12)>0,"ОШИБКА: разделите после оплаты",IF(AND('Калькулятор срока оплаты'!$B$13="проценты 395",NOT(IF(ISNUMBER(IF(D12="",'Калькулятор срока оплаты'!$B$15,D12)),IF(D12="",'Калькулятор срока оплаты'!$B$15,D12)>=0,FALSE))),"ОШИБКА: ставка 395",IF(AND('Калькулятор срока оплаты'!$B$13="пеня",NOT(IF(ISNUMBER(IF(E12="",'Калькулятор срока оплаты'!$B$10,E12)),IF(E12="",'Калькулятор срока оплаты'!$B$10,E12)>=0,FALSE))),"ОШИБКА: ставка пени","ГОТОВО")))))))))))) | M12: =IF(OR(L12="",L12="ГОТОВО",L12="НЕ УЧТЁН"),0,1) -> 0
B13: =IF(AND(IF(ISNUMBER(A13),AND(A13>=DATE(2016,8,1),A13<=DATE(2100,12,31),MOD(A13,1)=0),FALSE),IF(ISNUMBER('Калькулятор срока оплаты'!$B$9),AND('Калькулятор срока оплаты'!$B$9>=DATE(2016,8,1),'Калькулятор срока оплаты'!$B$9<=DATE(2100,12,31),MOD('Калькулятор срока оплаты'!$B$9,1)=0),FALSE)),IF(ISNUMBER(A14),MIN(A14-1,'Калькулятор срока оплаты'!$B$9),'Калькулятор срока оплаты'!$B$9),"") | C13: =IF(AND(IF(ISNUMBER(A13),AND(A13>=DATE(2016,8,1),A13<=DATE(2100,12,31),MOD(A13,1)=0),FALSE),'Калькулятор срока оплаты'!$B$19="ГОТОВО"),'Калькулятор срока оплаты'!$B$11-SUMIFS(Платежи!$B$5:$B$24,Платежи!$A$5:$A$24,"<"&A13),"") | F13: =IF(L13="ГОТОВО",B13-A13+1,"") | G13: =IF(L13="ГОТОВО",MIN(B13,DATE(YEAR(A13)+1,1,1)-1)-A13+1,"") | H13: =IF(L13="ГОТОВО",MAX(0,YEAR(B13)-YEAR(A13)-1),"") | I13: =IF(L13="ГОТОВО",IF(YEAR(B13)>YEAR(A13),B13-DATE(YEAR(B13),1,1)+1,0),"") | J13: =IF(AND(L13="ГОТОВО",'Калькулятор срока оплаты'!$B$13="проценты 395"),C13*IF(D13="",'Калькулятор срока оплаты'!$B$15,D13)*(G13/(DATE(YEAR(A13)+1,1,1)-DATE(YEAR(A13),1,1))+H13+I13/(DATE(YEAR(B13)+1,1,1)-DATE(YEAR(B13),1,1))),"") | K13: =IF(AND(L13="ГОТОВО",'Калькулятор срока оплаты'!$B$13="пеня"),C13*IF(E13="",'Калькулятор срока оплаты'!$B$10,E13)*F13,"") | L13: =IF(AND(A13="",D13="",E13=""),"",IF(NOT(IF(ISNUMBER(A13),AND(A13>=DATE(2016,8,1),A13<=DATE(2100,12,31),MOD(A13,1)=0),FALSE)),"ОШИБКА: дата",IF('Калькулятор срока оплаты'!$B$19<>"ГОТОВО","ОШИБКА: входные данные",IF(A13>'Калькулятор срока оплаты'!$B$9,"НЕ УЧТЁН",IF(A13<'Калькулятор срока оплаты'!$B$26,"ОШИБКА: начало до просрочки",IF(NOT(ISNUMBER(A12)),"ОШИБКА: пропуск строки",IF(A13<=A12,"ОШИБКА: порядок",IF(B13<A13,"ОШИБКА: границы",IF(C13<0,"ОШИБКА: переплата",IF(COUNTIFS(Платежи!$A$5:$A$24,">="&A13,Платежи!$A$5:$A$24,"<"&B13)>0,"ОШИБКА: разделите после оплаты",IF(AND('Калькулятор срока оплаты'!$B$13="проценты 395",NOT(IF(ISNUMBER(IF(D13="",'Калькулятор срока оплаты'!$B$15,D13)),IF(D13="",'Калькулятор срока оплаты'!$B$15,D13)>=0,FALSE))),"ОШИБКА: ставка 395",IF(AND('Калькулятор срока оплаты'!$B$13="пеня",NOT(IF(ISNUMBER(IF(E13="",'Калькулятор срока оплаты'!$B$10,E13)),IF(E13="",'Калькулятор срока оплаты'!$B$10,E13)>=0,FALSE))),"ОШИБКА: ставка пени","ГОТОВО")))))))))))) | M13: =IF(OR(L13="",L13="ГОТОВО",L13="НЕ УЧТЁН"),0,1) -> 0
B14: =IF(AND(IF(ISNUMBER(A14),AND(A14>=DATE(2016,8,1),A14<=DATE(2100,12,31),MOD(A14,1)=0),FALSE),IF(ISNUMBER('Калькулятор срока оплаты'!$B$9),AND('Калькулятор срока оплаты'!$B$9>=DATE(2016,8,1),'Калькулятор срока оплаты'!$B$9<=DATE(2100,12,31),MOD('Калькулятор срока оплаты'!$B$9,1)=0),FALSE)),IF(ISNUMBER(A15),MIN(A15-1,'Калькулятор срока оплаты'!$B$9),'Калькулятор срока оплаты'!$B$9),"") | C14: =IF(AND(IF(ISNUMBER(A14),AND(A14>=DATE(2016,8,1),A14<=DATE(2100,12,31),MOD(A14,1)=0),FALSE),'Калькулятор срока оплаты'!$B$19="ГОТОВО"),'Калькулятор срока оплаты'!$B$11-SUMIFS(Платежи!$B$5:$B$24,Платежи!$A$5:$A$24,"<"&A14),"") | F14: =IF(L14="ГОТОВО",B14-A14+1,"") | G14: =IF(L14="ГОТОВО",MIN(B14,DATE(YEAR(A14)+1,1,1)-1)-A14+1,"") | H14: =IF(L14="ГОТОВО",MAX(0,YEAR(B14)-YEAR(A14)-1),"") | I14: =IF(L14="ГОТОВО",IF(YEAR(B14)>YEAR(A14),B14-DATE(YEAR(B14),1,1)+1,0),"") | J14: =IF(AND(L14="ГОТОВО",'Калькулятор срока оплаты'!$B$13="проценты 395"),C14*IF(D14="",'Калькулятор срока оплаты'!$B$15,D14)*(G14/(DATE(YEAR(A14)+1,1,1)-DATE(YEAR(A14),1,1))+H14+I14/(DATE(YEAR(B14)+1,1,1)-DATE(YEAR(B14),1,1))),"") | K14: =IF(AND(L14="ГОТОВО",'Калькулятор срока оплаты'!$B$13="пеня"),C14*IF(E14="",'Калькулятор срока оплаты'!$B$10,E14)*F14,"") | L14: =IF(AND(A14="",D14="",E14=""),"",IF(NOT(IF(ISNUMBER(A14),AND(A14>=DATE(2016,8,1),A14<=DATE(2100,12,31),MOD(A14,1)=0),FALSE)),"ОШИБКА: дата",IF('Калькулятор срока оплаты'!$B$19<>"ГОТОВО","ОШИБКА: входные данные",IF(A14>'Калькулятор срока оплаты'!$B$9,"НЕ УЧТЁН",IF(A14<'Калькулятор срока оплаты'!$B$26,"ОШИБКА: начало до просрочки",IF(NOT(ISNUMBER(A13)),"ОШИБКА: пропуск строки",IF(A14<=A13,"ОШИБКА: порядок",IF(B14<A14,"ОШИБКА: границы",IF(C14<0,"ОШИБКА: переплата",IF(COUNTIFS(Платежи!$A$5:$A$24,">="&A14,Платежи!$A$5:$A$24,"<"&B14)>0,"ОШИБКА: разделите после оплаты",IF(AND('Калькулятор срока оплаты'!$B$13="проценты 395",NOT(IF(ISNUMBER(IF(D14="",'Калькулятор срока оплаты'!$B$15,D14)),IF(D14="",'Калькулятор срока оплаты'!$B$15,D14)>=0,FALSE))),"ОШИБКА: ставка 395",IF(AND('Калькулятор срока оплаты'!$B$13="пеня",NOT(IF(ISNUMBER(IF(E14="",'Калькулятор срока оплаты'!$B$10,E14)),IF(E14="",'Калькулятор срока оплаты'!$B$10,E14)>=0,FALSE))),"ОШИБКА: ставка пени","ГОТОВО")))))))))))) | M14: =IF(OR(L14="",L14="ГОТОВО",L14="НЕ УЧТЁН"),0,1) -> 0
B15: =IF(AND(IF(ISNUMBER(A15),AND(A15>=DATE(2016,8,1),A15<=DATE(2100,12,31),MOD(A15,1)=0),FALSE),IF(ISNUMBER('Калькулятор срока оплаты'!$B$9),AND('Калькулятор срока оплаты'!$B$9>=DATE(2016,8,1),'Калькулятор срока оплаты'!$B$9<=DATE(2100,12,31),MOD('Калькулятор срока оплаты'!$B$9,1)=0),FALSE)),IF(ISNUMBER(A16),MIN(A16-1,'Калькулятор срока оплаты'!$B$9),'Калькулятор срока оплаты'!$B$9),"") | C15: =IF(AND(IF(ISNUMBER(A15),AND(A15>=DATE(2016,8,1),A15<=DATE(2100,12,31),MOD(A15,1)=0),FALSE),'Калькулятор срока оплаты'!$B$19="ГОТОВО"),'Калькулятор срока оплаты'!$B$11-SUMIFS(Платежи!$B$5:$B$24,Платежи!$A$5:$A$24,"<"&A15),"") | F15: =IF(L15="ГОТОВО",B15-A15+1,"") | G15: =IF(L15="ГОТОВО",MIN(B15,DATE(YEAR(A15)+1,1,1)-1)-A15+1,"") | H15: =IF(L15="ГОТОВО",MAX(0,YEAR(B15)-YEAR(A15)-1),"") | I15: =IF(L15="ГОТОВО",IF(YEAR(B15)>YEAR(A15),B15-DATE(YEAR(B15),1,1)+1,0),"") | J15: =IF(AND(L15="ГОТОВО",'Калькулятор срока оплаты'!$B$13="проценты 395"),C15*IF(D15="",'Калькулятор срока оплаты'!$B$15,D15)*(G15/(DATE(YEAR(A15)+1,1,1)-DATE(YEAR(A15),1,1))+H15+I15/(DATE(YEAR(B15)+1,1,1)-DATE(YEAR(B15),1,1))),"") | K15: =IF(AND(L15="ГОТОВО",'Калькулятор срока оплаты'!$B$13="пеня"),C15*IF(E15="",'Калькулятор срока оплаты'!$B$10,E15)*F15,"") | L15: =IF(AND(A15="",D15="",E15=""),"",IF(NOT(IF(ISNUMBER(A15),AND(A15>=DATE(2016,8,1),A15<=DATE(2100,12,31),MOD(A15,1)=0),FALSE)),"ОШИБКА: дата",IF('Калькулятор срока оплаты'!$B$19<>"ГОТОВО","ОШИБКА: входные данные",IF(A15>'Калькулятор срока оплаты'!$B$9,"НЕ УЧТЁН",IF(A15<'Калькулятор срока оплаты'!$B$26,"ОШИБКА: начало до просрочки",IF(NOT(ISNUMBER(A14)),"ОШИБКА: пропуск строки",IF(A15<=A14,"ОШИБКА: порядок",IF(B15<A15,"ОШИБКА: границы",IF(C15<0,"ОШИБКА: переплата",IF(COUNTIFS(Платежи!$A$5:$A$24,">="&A15,Платежи!$A$5:$A$24,"<"&B15)>0,"ОШИБКА: разделите после оплаты",IF(AND('Калькулятор срока оплаты'!$B$13="проценты 395",NOT(IF(ISNUMBER(IF(D15="",'Калькулятор срока оплаты'!$B$15,D15)),IF(D15="",'Калькулятор срока оплаты'!$B$15,D15)>=0,FALSE))),"ОШИБКА: ставка 395",IF(AND('Калькулятор срока оплаты'!$B$13="пеня",NOT(IF(ISNUMBER(IF(E15="",'Калькулятор срока оплаты'!$B$10,E15)),IF(E15="",'Калькулятор срока оплаты'!$B$10,E15)>=0,FALSE))),"ОШИБКА: ставка пени","ГОТОВО")))))))))))) | M15: =IF(OR(L15="",L15="ГОТОВО",L15="НЕ УЧТЁН"),0,1) -> 0
B16: =IF(AND(IF(ISNUMBER(A16),AND(A16>=DATE(2016,8,1),A16<=DATE(2100,12,31),MOD(A16,1)=0),FALSE),IF(ISNUMBER('Калькулятор срока оплаты'!$B$9),AND('Калькулятор срока оплаты'!$B$9>=DATE(2016,8,1),'Калькулятор срока оплаты'!$B$9<=DATE(2100,12,31),MOD('Калькулятор срока оплаты'!$B$9,1)=0),FALSE)),IF(ISNUMBER(A17),MIN(A17-1,'Калькулятор срока оплаты'!$B$9),'Калькулятор срока оплаты'!$B$9),"") | C16: =IF(AND(IF(ISNUMBER(A16),AND(A16>=DATE(2016,8,1),A16<=DATE(2100,12,31),MOD(A16,1)=0),FALSE),'Калькулятор срока оплаты'!$B$19="ГОТОВО"),'Калькулятор срока оплаты'!$B$11-SUMIFS(Платежи!$B$5:$B$24,Платежи!$A$5:$A$24,"<"&A16),"") | F16: =IF(L16="ГОТОВО",B16-A16+1,"") | G16: =IF(L16="ГОТОВО",MIN(B16,DATE(YEAR(A16)+1,1,1)-1)-A16+1,"") | H16: =IF(L16="ГОТОВО",MAX(0,YEAR(B16)-YEAR(A16)-1),"") | I16: =IF(L16="ГОТОВО",IF(YEAR(B16)>YEAR(A16),B16-DATE(YEAR(B16),1,1)+1,0),"") | J16: =IF(AND(L16="ГОТОВО",'Калькулятор срока оплаты'!$B$13="проценты 395"),C16*IF(D16="",'Калькулятор срока оплаты'!$B$15,D16)*(G16/(DATE(YEAR(A16)+1,1,1)-DATE(YEAR(A16),1,1))+H16+I16/(DATE(YEAR(B16)+1,1,1)-DATE(YEAR(B16),1,1))),"") | K16: =IF(AND(L16="ГОТОВО",'Калькулятор срока оплаты'!$B$13="пеня"),C16*IF(E16="",'Калькулятор срока оплаты'!$B$10,E16)*F16,"") | L16: =IF(AND(A16="",D16="",E16=""),"",IF(NOT(IF(ISNUMBER(A16),AND(A16>=DATE(2016,8,1),A16<=DATE(2100,12,31),MOD(A16,1)=0),FALSE)),"ОШИБКА: дата",IF('Калькулятор срока оплаты'!$B$19<>"ГОТОВО","ОШИБКА: входные данные",IF(A16>'Калькулятор срока оплаты'!$B$9,"НЕ УЧТЁН",IF(A16<'Калькулятор срока оплаты'!$B$26,"ОШИБКА: начало до просрочки",IF(NOT(ISNUMBER(A15)),"ОШИБКА: пропуск строки",IF(A16<=A15,"ОШИБКА: порядок",IF(B16<A16,"ОШИБКА: границы",IF(C16<0,"ОШИБКА: переплата",IF(COUNTIFS(Платежи!$A$5:$A$24,">="&A16,Платежи!$A$5:$A$24,"<"&B16)>0,"ОШИБКА: разделите после оплаты",IF(AND('Калькулятор срока оплаты'!$B$13="проценты 395",NOT(IF(ISNUMBER(IF(D16="",'Калькулятор срока оплаты'!$B$15,D16)),IF(D16="",'Калькулятор срока оплаты'!$B$15,D16)>=0,FALSE))),"ОШИБКА: ставка 395",IF(AND('Калькулятор срока оплаты'!$B$13="пеня",NOT(IF(ISNUMBER(IF(E16="",'Калькулятор срока оплаты'!$B$10,E16)),IF(E16="",'Калькулятор срока оплаты'!$B$10,E16)>=0,FALSE))),"ОШИБКА: ставка пени","ГОТОВО")))))))))))) | M16: =IF(OR(L16="",L16="ГОТОВО",L16="НЕ УЧТЁН"),0,1) -> 0
B17: =IF(AND(IF(ISNUMBER(A17),AND(A17>=DATE(2016,8,1),A17<=DATE(2100,12,31),MOD(A17,1)=0),FALSE),IF(ISNUMBER('Калькулятор срока оплаты'!$B$9),AND('Калькулятор срока оплаты'!$B$9>=DATE(2016,8,1),'Калькулятор срока оплаты'!$B$9<=DATE(2100,12,31),MOD('Калькулятор срока оплаты'!$B$9,1)=0),FALSE)),IF(ISNUMBER(A18),MIN(A18-1,'Калькулятор срока оплаты'!$B$9),'Калькулятор срока оплаты'!$B$9),"") | C17: =IF(AND(IF(ISNUMBER(A17),AND(A17>=DATE(2016,8,1),A17<=DATE(2100,12,31),MOD(A17,1)=0),FALSE),'Калькулятор срока оплаты'!$B$19="ГОТОВО"),'Калькулятор срока оплаты'!$B$11-SUMIFS(Платежи!$B$5:$B$24,Платежи!$A$5:$A$24,"<"&A17),"") | F17: =IF(L17="ГОТОВО",B17-A17+1,"") | G17: =IF(L17="ГОТОВО",MIN(B17,DATE(YEAR(A17)+1,1,1)-1)-A17+1,"") | H17: =IF(L17="ГОТОВО",MAX(0,YEAR(B17)-YEAR(A17)-1),"") | I17: =IF(L17="ГОТОВО",IF(YEAR(B17)>YEAR(A17),B17-DATE(YEAR(B17),1,1)+1,0),"") | J17: =IF(AND(L17="ГОТОВО",'Калькулятор срока оплаты'!$B$13="проценты 395"),C17*IF(D17="",'Калькулятор срока оплаты'!$B$15,D17)*(G17/(DATE(YEAR(A17)+1,1,1)-DATE(YEAR(A17),1,1))+H17+I17/(DATE(YEAR(B17)+1,1,1)-DATE(YEAR(B17),1,1))),"") | K17: =IF(AND(L17="ГОТОВО",'Калькулятор срока оплаты'!$B$13="пеня"),C17*IF(E17="",'Калькулятор срока оплаты'!$B$10,E17)*F17,"") | L17: =IF(AND(A17="",D17="",E17=""),"",IF(NOT(IF(ISNUMBER(A17),AND(A17>=DATE(2016,8,1),A17<=DATE(2100,12,31),MOD(A17,1)=0),FALSE)),"ОШИБКА: дата",IF('Калькулятор срока оплаты'!$B$19<>"ГОТОВО","ОШИБКА: входные данные",IF(A17>'Калькулятор срока оплаты'!$B$9,"НЕ УЧТЁН",IF(A17<'Калькулятор срока оплаты'!$B$26,"ОШИБКА: начало до просрочки",IF(NOT(ISNUMBER(A16)),"ОШИБКА: пропуск строки",IF(A17<=A16,"ОШИБКА: порядок",IF(B17<A17,"ОШИБКА: границы",IF(C17<0,"ОШИБКА: переплата",IF(COUNTIFS(Платежи!$A$5:$A$24,">="&A17,Платежи!$A$5:$A$24,"<"&B17)>0,"ОШИБКА: разделите после оплаты",IF(AND('Калькулятор срока оплаты'!$B$13="проценты 395",NOT(IF(ISNUMBER(IF(D17="",'Калькулятор срока оплаты'!$B$15,D17)),IF(D17="",'Калькулятор срока оплаты'!$B$15,D17)>=0,FALSE))),"ОШИБКА: ставка 395",IF(AND('Калькулятор срока оплаты'!$B$13="пеня",NOT(IF(ISNUMBER(IF(E17="",'Калькулятор срока оплаты'!$B$10,E17)),IF(E17="",'Калькулятор срока оплаты'!$B$10,E17)>=0,FALSE))),"ОШИБКА: ставка пени","ГОТОВО")))))))))))) | M17: =IF(OR(L17="",L17="ГОТОВО",L17="НЕ УЧТЁН"),0,1) -> 0
... B23: =IF(AND(IF(ISNUMBER(A23),AND(A23>=DATE(2016,8,1),A23<=DATE(2100,12,31),MOD(A23,1)=0),FALSE),IF(ISNUMBER('Калькулятор срока оплаты'!$B$9),AND('Калькулятор срока оплаты'!$B$9>=DATE(2016,8,1),'Калькулятор срока оплаты'!$B$9<=DATE(2100,12,31),MOD('Калькулятор срока оплаты'!$B$9,1)=0),FALSE)),IF(ISNUMBER(A24),MIN(A24-1,'Калькулятор срока оплаты'!$B$9),'Калькулятор срока оплаты'!$B$9),"") | C23: =IF(AND(IF(ISNUMBER(A23),AND(A23>=DATE(2016,8,1),A23<=DATE(2100,12,31),MOD(A23,1)=0),FALSE),'Калькулятор срока оплаты'!$B$19="ГОТОВО"),'Калькулятор срока оплаты'!$B$11-SUMIFS(Платежи!$B$5:$B$24,Платежи!$A$5:$A$24,"<"&A23),"") | F23: =IF(L23="ГОТОВО",B23-A23+1,"") | G23: =IF(L23="ГОТОВО",MIN(B23,DATE(YEAR(A23)+1,1,1)-1)-A23+1,"") | H23: =IF(L23="ГОТОВО",MAX(0,YEAR(B23)-YEAR(A23)-1),"") | I23: =IF(L23="ГОТОВО",IF(YEAR(B23)>YEAR(A23),B23-DATE(YEAR(B23),1,1)+1,0),"") | J23: =IF(AND(L23="ГОТОВО",'Калькулятор срока оплаты'!$B$13="проценты 395"),C23*IF(D23="",'Калькулятор срока оплаты'!$B$15,D23)*(G23/(DATE(YEAR(A23)+1,1,1)-DATE(YEAR(A23),1,1))+H23+I23/(DATE(YEAR(B23)+1,1,1)-DATE(YEAR(B23),1,1))),"") | K23: =IF(AND(L23="ГОТОВО",'Калькулятор срока оплаты'!$B$13="пеня"),C23*IF(E23="",'Калькулятор срока оплаты'!$B$10,E23)*F23,"") | L23: =IF(AND(A23="",D23="",E23=""),"",IF(NOT(IF(ISNUMBER(A23),AND(A23>=DATE(2016,8,1),A23<=DATE(2100,12,31),MOD(A23,1)=0),FALSE)),"ОШИБКА: дата",IF('Калькулятор срока оплаты'!$B$19<>"ГОТОВО","ОШИБКА: входные данные",IF(A23>'Калькулятор срока оплаты'!$B$9,"НЕ УЧТЁН",IF(A23<'Калькулятор срока оплаты'!$B$26,"ОШИБКА: начало до просрочки",IF(NOT(ISNUMBER(A22)),"ОШИБКА: пропуск строки",IF(A23<=A22,"ОШИБКА: порядок",IF(B23<A23,"ОШИБКА: границы",IF(C23<0,"ОШИБКА: переплата",IF(COUNTIFS(Платежи!$A$5:$A$24,">="&A23,Платежи!$A$5:$A$24,"<"&B23)>0,"ОШИБКА: разделите после оплаты",IF(AND('Калькулятор срока оплаты'!$B$13="проценты 395",NOT(IF(ISNUMBER(IF(D23="",'Калькулятор срока оплаты'!$B$15,D23)),IF(D23="",'Калькулятор срока оплаты'!$B$15,D23)>=0,FALSE))),"ОШИБКА: ставка 395",IF(AND('Калькулятор срока оплаты'!$B$13="пеня",NOT(IF(ISNUMBER(IF(E23="",'Калькулятор срока оплаты'!$B$10,E23)),IF(E23="",'Калькулятор срока оплаты'!$B$10,E23)>=0,FALSE))),"ОШИБКА: ставка пени","ГОТОВО")))))))))))) | M23: =IF(OR(L23="",L23="ГОТОВО",L23="НЕ УЧТЁН"),0,1) -> 0
B24: =IF(AND(IF(ISNUMBER(A24),AND(A24>=DATE(2016,8,1),A24<=DATE(2100,12,31),MOD(A24,1)=0),FALSE),IF(ISNUMBER('Калькулятор срока оплаты'!$B$9),AND('Калькулятор срока оплаты'!$B$9>=DATE(2016,8,1),'Калькулятор срока оплаты'!$B$9<=DATE(2100,12,31),MOD('Калькулятор срока оплаты'!$B$9,1)=0),FALSE)),'Калькулятор срока оплаты'!$B$9,"") | C24: =IF(AND(IF(ISNUMBER(A24),AND(A24>=DATE(2016,8,1),A24<=DATE(2100,12,31),MOD(A24,1)=0),FALSE),'Калькулятор срока оплаты'!$B$19="ГОТОВО"),'Калькулятор срока оплаты'!$B$11-SUMIFS(Платежи!$B$5:$B$24,Платежи!$A$5:$A$24,"<"&A24),"") | F24: =IF(L24="ГОТОВО",B24-A24+1,"") | G24: =IF(L24="ГОТОВО",MIN(B24,DATE(YEAR(A24)+1,1,1)-1)-A24+1,"") | H24: =IF(L24="ГОТОВО",MAX(0,YEAR(B24)-YEAR(A24)-1),"") | I24: =IF(L24="ГОТОВО",IF(YEAR(B24)>YEAR(A24),B24-DATE(YEAR(B24),1,1)+1,0),"") | J24: =IF(AND(L24="ГОТОВО",'Калькулятор срока оплаты'!$B$13="проценты 395"),C24*IF(D24="",'Калькулятор срока оплаты'!$B$15,D24)*(G24/(DATE(YEAR(A24)+1,1,1)-DATE(YEAR(A24),1,1))+H24+I24/(DATE(YEAR(B24)+1,1,1)-DATE(YEAR(B24),1,1))),"") | K24: =IF(AND(L24="ГОТОВО",'Калькулятор срока оплаты'!$B$13="пеня"),C24*IF(E24="",'Калькулятор срока оплаты'!$B$10,E24)*F24,"") | L24: =IF(AND(A24="",D24="",E24=""),"",IF(NOT(IF(ISNUMBER(A24),AND(A24>=DATE(2016,8,1),A24<=DATE(2100,12,31),MOD(A24,1)=0),FALSE)),"ОШИБКА: дата",IF('Калькулятор срока оплаты'!$B$19<>"ГОТОВО","ОШИБКА: входные данные",IF(A24>'Калькулятор срока оплаты'!$B$9,"НЕ УЧТЁН",IF(A24<'Калькулятор срока оплаты'!$B$26,"ОШИБКА: начало до просрочки",IF(NOT(ISNUMBER(A23)),"ОШИБКА: пропуск строки",IF(A24<=A23,"ОШИБКА: порядок",IF(B24<A24,"ОШИБКА: границы",IF(C24<0,"ОШИБКА: переплата",IF(COUNTIFS(Платежи!$A$5:$A$24,">="&A24,Платежи!$A$5:$A$24,"<"&B24)>0,"ОШИБКА: разделите после оплаты",IF(AND('Калькулятор срока оплаты'!$B$13="проценты 395",NOT(IF(ISNUMBER(IF(D24="",'Калькулятор срока оплаты'!$B$15,D24)),IF(D24="",'Калькулятор срока оплаты'!$B$15,D24)>=0,FALSE))),"ОШИБКА: ставка 395",IF(AND('Калькулятор срока оплаты'!$B$13="пеня",NOT(IF(ISNUMBER(IF(E24="",'Калькулятор срока оплаты'!$B$10,E24)),IF(E24="",'Калькулятор срока оплаты'!$B$10,E24)>=0,FALSE))),"ОШИБКА: ставка пени","ГОТОВО")))))))))))) | M24: =IF(OR(L24="",L24="ГОТОВО",L24="НЕ УЧТЁН"),0,1) -> 0
A26: Годовая ставка вводится как 14%, дневная — как 0,1%. Ноль допустим; текст и отрицательная выбранная ставка блокируют итог.
A27: 395: дни делятся на 365/366 по соответствующему календарному году; внутри периода учитываются полные промежуточные годы.
A28: Начисления складываются без округления по дням/строкам. Итог округляется до копеек на главном листе.
A29: 20 периодов и 20 оплат — предел готового макета. Не вводите дополнительные строки за его пределами.
A30: Работает для обычного рублёвого долга без капитализации. Лимиты пени, моратории, особая база или иной день начала — отдельная модель.

Sheet Платежи
A1: Платежи по одному обязательству
A2: Только суммы, отнесённые на основной долг. Подтвердите распределение платежа.
A4: Дата исполнения | B4: Основной долг, руб. | C4: Документ и назначение | D4: Учёт на дату расчёта | E4: Контроль ввода | F4: Ошибок
A5: 46313 | B5: 100 | C5: Банк-5 | D5: =IF(E5="","",IF(E5<>"ГОТОВО",E5,IF(NOT(IF(ISNUMBER('Калькулятор срока оплаты'!$B$9),AND('Калькулятор срока оплаты'!$B$9>=DATE(2016,8,1),'Калькулятор срока оплаты'!$B$9<=DATE(2100,12,31),MOD('Калькулятор срока оплаты'!$B$9,1)=0),FALSE)),"НЕТ ДАТЫ РАСЧЁТА",IF(A5<='Калькулятор срока оплаты'!$B$9,"УЧТЁН","ПОСЛЕ ДАТЫ")))) -> УЧТЁН | E5: =IF(AND(A5="",B5="",C5=""),"",IF(NOT(IF(ISNUMBER(A5),AND(A5>=DATE(2016,8,1),A5<=DATE(2100,12,31),MOD(A5,1)=0),FALSE)),"ОШИБКА: дата",IF(NOT(IF(ISNUMBER(B5),AND(B5>=0,ROUND(B5,2)=B5),FALSE)),"ОШИБКА: сумма",IF(C5="","ОШИБКА: документ","ГОТОВО")))) -> ГОТОВО | F5: =IF(OR(E5="",E5="ГОТОВО"),0,1) -> 0
A6: 46313 | B6: 100 | C6: Банк-6 | D6: =IF(E6="","",IF(E6<>"ГОТОВО",E6,IF(NOT(IF(ISNUMBER('Калькулятор срока оплаты'!$B$9),AND('Калькулятор срока оплаты'!$B$9>=DATE(2016,8,1),'Калькулятор срока оплаты'!$B$9<=DATE(2100,12,31),MOD('Калькулятор срока оплаты'!$B$9,1)=0),FALSE)),"НЕТ ДАТЫ РАСЧЁТА",IF(A6<='Калькулятор срока оплаты'!$B$9,"УЧТЁН","ПОСЛЕ ДАТЫ")))) -> УЧТЁН | E6: =IF(AND(A6="",B6="",C6=""),"",IF(NOT(IF(ISNUMBER(A6),AND(A6>=DATE(2016,8,1),A6<=DATE(2100,12,31),MOD(A6,1)=0),FALSE)),"ОШИБКА: дата",IF(NOT(IF(ISNUMBER(B6),AND(B6>=0,ROUND(B6,2)=B6),FALSE)),"ОШИБКА: сумма",IF(C6="","ОШИБКА: документ","ГОТОВО")))) -> ГОТОВО | F6: =IF(OR(E6="",E6="ГОТОВО"),0,1) -> 0
A7: 46313 | B7: 100 | C7: Банк-7 | D7: =IF(E7="","",IF(E7<>"ГОТОВО",E7,IF(NOT(IF(ISNUMBER('Калькулятор срока оплаты'!$B$9),AND('Калькулятор срока оплаты'!$B$9>=DATE(2016,8,1),'Калькулятор срока оплаты'!$B$9<=DATE(2100,12,31),MOD('Калькулятор срока оплаты'!$B$9,1)=0),FALSE)),"НЕТ ДАТЫ РАСЧЁТА",IF(A7<='Калькулятор срока оплаты'!$B$9,"УЧТЁН","ПОСЛЕ ДАТЫ")))) -> УЧТЁН | E7: =IF(AND(A7="",B7="",C7=""),"",IF(NOT(IF(ISNUMBER(A7),AND(A7>=DATE(2016,8,1),A7<=DATE(2100,12,31),MOD(A7,1)=0),FALSE)),"ОШИБКА: дата",IF(NOT(IF(ISNUMBER(B7),AND(B7>=0,ROUND(B7,2)=B7),FALSE)),"ОШИБКА: сумма",IF(C7="","ОШИБКА: документ","ГОТОВО")))) -> ГОТОВО | F7: =IF(OR(E7="",E7="ГОТОВО"),0,1) -> 0
A8: 46313 | B8: 100 | C8: Банк-8 | D8: =IF(E8="","",IF(E8<>"ГОТОВО",E8,IF(NOT(IF(ISNUMBER('Калькулятор срока оплаты'!$B$9),AND('Калькулятор срока оплаты'!$B$9>=DATE(2016,8,1),'Калькулятор срока оплаты'!$B$9<=DATE(2100,12,31),MOD('Калькулятор срока оплаты'!$B$9,1)=0),FALSE)),"НЕТ ДАТЫ РАСЧЁТА",IF(A8<='Калькулятор срока оплаты'!$B$9,"УЧТЁН","ПОСЛЕ ДАТЫ")))) -> УЧТЁН | E8: =IF(AND(A8="",B8="",C8=""),"",IF(NOT(IF(ISNUMBER(A8),AND(A8>=DATE(2016,8,1),A8<=DATE(2100,12,31),MOD(A8,1)=0),FALSE)),"ОШИБКА: дата",IF(NOT(IF(ISNUMBER(B8),AND(B8>=0,ROUND(B8,2)=B8),FALSE)),"ОШИБКА: сумма",IF(C8="","ОШИБКА: документ","ГОТОВО")))) -> ГОТОВО | F8: =IF(OR(E8="",E8="ГОТОВО"),0,1) -> 0
A9: 46313 | B9: 100 | C9: Банк-9 | D9: =IF(E9="","",IF(E9<>"ГОТОВО",E9,IF(NOT(IF(ISNUMBER('Калькулятор срока оплаты'!$B$9),AND('Калькулятор срока оплаты'!$B$9>=DATE(2016,8,1),'Калькулятор срока оплаты'!$B$9<=DATE(2100,12,31),MOD('Калькулятор срока оплаты'!$B$9,1)=0),FALSE)),"НЕТ ДАТЫ РАСЧЁТА",IF(A9<='Калькулятор срока оплаты'!$B$9,"УЧТЁН","ПОСЛЕ ДАТЫ")))) -> УЧТЁН | E9: =IF(AND(A9="",B9="",C9=""),"",IF(NOT(IF(ISNUMBER(A9),AND(A9>=DATE(2016,8,1),A9<=DATE(2100,12,31),MOD(A9,1)=0),FALSE)),"ОШИБКА: дата",IF(NOT(IF(ISNUMBER(B9),AND(B9>=0,ROUND(B9,2)=B9),FALSE)),"ОШИБКА: сумма",IF(C9="","ОШИБКА: документ","ГОТОВО")))) -> ГОТОВО | F9: =IF(OR(E9="",E9="ГОТОВО"),0,1) -> 0
A10: 46313 | B10: 100 | C10: Банк-10 | D10: =IF(E10="","",IF(E10<>"ГОТОВО",E10,IF(NOT(IF(ISNUMBER('Калькулятор срока оплаты'!$B$9),AND('Калькулятор срока оплаты'!$B$9>=DATE(2016,8,1),'Калькулятор срока оплаты'!$B$9<=DATE(2100,12,31),MOD('Калькулятор срока оплаты'!$B$9,1)=0),FALSE)),"НЕТ ДАТЫ РАСЧЁТА",IF(A10<='Калькулятор срока оплаты'!$B$9,"УЧТЁН","ПОСЛЕ ДАТЫ")))) -> УЧТЁН | E10: =IF(AND(A10="",B10="",C10=""),"",IF(NOT(IF(ISNUMBER(A10),AND(A10>=DATE(2016,8,1),A10<=DATE(2100,12,31),MOD(A10,1)=0),FALSE)),"ОШИБКА: дата",IF(NOT(IF(ISNUMBER(B10),AND(B10>=0,ROUND(B10,2)=B10),FALSE)),"ОШИБКА: сумма",IF(C10="","ОШИБКА: документ","ГОТОВО")))) -> ГОТОВО | F10: =IF(OR(E10="",E10="ГОТОВО"),0,1) -> 0
A11: 46313 | B11: 100 | C11: Банк-11 | D11: =IF(E11="","",IF(E11<>"ГОТОВО",E11,IF(NOT(IF(ISNUMBER('Калькулятор срока оплаты'!$B$9),AND('Калькулятор срока оплаты'!$B$9>=DATE(2016,8,1),'Калькулятор срока оплаты'!$B$9<=DATE(2100,12,31),MOD('Калькулятор срока оплаты'!$B$9,1)=0),FALSE)),"НЕТ ДАТЫ РАСЧЁТА",IF(A11<='Калькулятор срока оплаты'!$B$9,"УЧТЁН","ПОСЛЕ ДАТЫ")))) -> УЧТЁН | E11: =IF(AND(A11="",B11="",C11=""),"",IF(NOT(IF(ISNUMBER(A11),AND(A11>=DATE(2016,8,1),A11<=DATE(2100,12,31),MOD(A11,1)=0),FALSE)),"ОШИБКА: дата",IF(NOT(IF(ISNUMBER(B11),AND(B11>=0,ROUND(B11,2)=B11),FALSE)),"ОШИБКА: сумма",IF(C11="","ОШИБКА: документ","ГОТОВО")))) -> ГОТОВО | F11: =IF(OR(E11="",E11="ГОТОВО"),0,1) -> 0
A12: 46313 | B12: 100 | C12: Банк-12 | D12: =IF(E12="","",IF(E12<>"ГОТОВО",E12,IF(NOT(IF(ISNUMBER('Калькулятор срока оплаты'!$B$9),AND('Калькулятор срока оплаты'!$B$9>=DATE(2016,8,1),'Калькулятор срока оплаты'!$B$9<=DATE(2100,12,31),MOD('Калькулятор срока оплаты'!$B$9,1)=0),FALSE)),"НЕТ ДАТЫ РАСЧЁТА",IF(A12<='Калькулятор срока оплаты'!$B$9,"УЧТЁН","ПОСЛЕ ДАТЫ")))) -> УЧТЁН | E12: =IF(AND(A12="",B12="",C12=""),"",IF(NOT(IF(ISNUMBER(A12),AND(A12>=DATE(2016,8,1),A12<=DATE(2100,12,31),MOD(A12,1)=0),FALSE)),"ОШИБКА: дата",IF(NOT(IF(ISNUMBER(B12),AND(B12>=0,ROUND(B12,2)=B12),FALSE)),"ОШИБКА: сумма",IF(C12="","ОШИБКА: документ","ГОТОВО")))) -> ГОТОВО | F12: =IF(OR(E12="",E12="ГОТОВО"),0,1) -> 0
A13: 46313 | B13: 100 | C13: Банк-13 | D13: =IF(E13="","",IF(E13<>"ГОТОВО",E13,IF(NOT(IF(ISNUMBER('Калькулятор срока оплаты'!$B$9),AND('Калькулятор срока оплаты'!$B$9>=DATE(2016,8,1),'Калькулятор срока оплаты'!$B$9<=DATE(2100,12,31),MOD('Калькулятор срока оплаты'!$B$9,1)=0),FALSE)),"НЕТ ДАТЫ РАСЧЁТА",IF(A13<='Калькулятор срока оплаты'!$B$9,"УЧТЁН","ПОСЛЕ ДАТЫ")))) -> УЧТЁН | E13: =IF(AND(A13="",B13="",C13=""),"",IF(NOT(IF(ISNUMBER(A13),AND(A13>=DATE(2016,8,1),A13<=DATE(2100,12,31),MOD(A13,1)=0),FALSE)),"ОШИБКА: дата",IF(NOT(IF(ISNUMBER(B13),AND(B13>=0,ROUND(B13,2)=B13),FALSE)),"ОШИБКА: сумма",IF(C13="","ОШИБКА: документ","ГОТОВО")))) -> ГОТОВО | F13: =IF(OR(E13="",E13="ГОТОВО"),0,1) -> 0
A14: 46313 | B14: 100 | C14: Банк-14 | D14: =IF(E14="","",IF(E14<>"ГОТОВО",E14,IF(NOT(IF(ISNUMBER('Калькулятор срока оплаты'!$B$9),AND('Калькулятор срока оплаты'!$B$9>=DATE(2016,8,1),'Калькулятор срока оплаты'!$B$9<=DATE(2100,12,31),MOD('Калькулятор срока оплаты'!$B$9,1)=0),FALSE)),"НЕТ ДАТЫ РАСЧЁТА",IF(A14<='Калькулятор срока оплаты'!$B$9,"УЧТЁН","ПОСЛЕ ДАТЫ")))) -> УЧТЁН | E14: =IF(AND(A14="",B14="",C14=""),"",IF(NOT(IF(ISNUMBER(A14),AND(A14>=DATE(2016,8,1),A14<=DATE(2100,12,31),MOD(A14,1)=0),FALSE)),"ОШИБКА: дата",IF(NOT(IF(ISNUMBER(B14),AND(B14>=0,ROUND(B14,2)=B14),FALSE)),"ОШИБКА: сумма",IF(C14="","ОШИБКА: документ","ГОТОВО")))) -> ГОТОВО | F14: =IF(OR(E14="",E14="ГОТОВО"),0,1) -> 0
A15: 46313 | B15: 100 | C15: Банк-15 | D15: =IF(E15="","",IF(E15<>"ГОТОВО",E15,IF(NOT(IF(ISNUMBER('Калькулятор срока оплаты'!$B$9),AND('Калькулятор срока оплаты'!$B$9>=DATE(2016,8,1),'Калькулятор срока оплаты'!$B$9<=DATE(2100,12,31),MOD('Калькулятор срока оплаты'!$B$9,1)=0),FALSE)),"НЕТ ДАТЫ РАСЧЁТА",IF(A15<='Калькулятор срока оплаты'!$B$9,"УЧТЁН","ПОСЛЕ ДАТЫ")))) -> УЧТЁН | E15: =IF(AND(A15="",B15="",C15=""),"",IF(NOT(IF(ISNUMBER(A15),AND(A15>=DATE(2016,8,1),A15<=DATE(2100,12,31),MOD(A15,1)=0),FALSE)),"ОШИБКА: дата",IF(NOT(IF(ISNUMBER(B15),AND(B15>=0,ROUND(B15,2)=B15),FALSE)),"ОШИБКА: сумма",IF(C15="","ОШИБКА: документ","ГОТОВО")))) -> ГОТОВО | F15: =IF(OR(E15="",E15="ГОТОВО"),0,1) -> 0
A16: 46313 | B16: 100 | C16: Банк-16 | D16: =IF(E16="","",IF(E16<>"ГОТОВО",E16,IF(NOT(IF(ISNUMBER('Калькулятор срока оплаты'!$B$9),AND('Калькулятор срока оплаты'!$B$9>=DATE(2016,8,1),'Калькулятор срока оплаты'!$B$9<=DATE(2100,12,31),MOD('Калькулятор срока оплаты'!$B$9,1)=0),FALSE)),"НЕТ ДАТЫ РАСЧЁТА",IF(A16<='Калькулятор срока оплаты'!$B$9,"УЧТЁН","ПОСЛЕ ДАТЫ")))) -> УЧТЁН | E16: =IF(AND(A16="",B16="",C16=""),"",IF(NOT(IF(ISNUMBER(A16),AND(A16>=DATE(2016,8,1),A16<=DATE(2100,12,31),MOD(A16,1)=0),FALSE)),"ОШИБКА: дата",IF(NOT(IF(ISNUMBER(B16),AND(B16>=0,ROUND(B16,2)=B16),FALSE)),"ОШИБКА: сумма",IF(C16="","ОШИБКА: документ","ГОТОВО")))) -> ГОТОВО | F16: =IF(OR(E16="",E16="ГОТОВО"),0,1) -> 0
... A24: 46313 | B24: 100 | C24: Банк-24 | D24: =IF(E24="","",IF(E24<>"ГОТОВО",E24,IF(NOT(IF(ISNUMBER('Калькулятор срока оплаты'!$B$9),AND('Калькулятор срока оплаты'!$B$9>=DATE(2016,8,1),'Калькулятор срока оплаты'!$B$9<=DATE(2100,12,31),MOD('Калькулятор срока оплаты'!$B$9,1)=0),FALSE)),"НЕТ ДАТЫ РАСЧЁТА",IF(A24<='Калькулятор срока оплаты'!$B$9,"УЧТЁН","ПОСЛЕ ДАТЫ")))) -> УЧТЁН | E24: =IF(AND(A24="",B24="",C24=""),"",IF(NOT(IF(ISNUMBER(A24),AND(A24>=DATE(2016,8,1),A24<=DATE(2100,12,31),MOD(A24,1)=0),FALSE)),"ОШИБКА: дата",IF(NOT(IF(ISNUMBER(B24),AND(B24>=0,ROUND(B24,2)=B24),FALSE)),"ОШИБКА: сумма",IF(C24="","ОШИБКА: документ","ГОТОВО")))) -> ГОТОВО | F24: =IF(OR(E24="",E24="ГОТОВО"),0,1) -> 0
A26: Одна операция — одна строка. Повторный платёж не вносите дважды.
A27: По п. 48 Пленума № 7 день оплаты входит в расчёт; база уменьшается со следующего дня.
A28: Для другого порядка по специальной норме или договору нужен отдельный расчёт.

Sheet Календарь
A1: Календарь срока оплаты 2026
A2: Пятидневка 2026. Иной календарь — ручная дата.
A4: Нерабочая дата | B4: Основание | C4: Источники и условия
A5: 46023 | B5: ТК РФ ст. 112 и перенос | C5: ТК РФ ст. 112
A6: 46024 | B6: ТК РФ ст. 112 и перенос | C6: ПП РФ № 1466
A7: 46025 | B7: ТК РФ ст. 112 и перенос | C7: ГК РФ ст. 191
A8: 46026 | B8: ТК РФ ст. 112 и перенос | C8: ГК РФ ст. 193
A9: 46027 | B9: ТК РФ ст. 112 и перенос | C9: Ключевая ставка Банка России
A10: 46028 | B10: ТК РФ ст. 112 и перенос
A11: 46029 | B11: ТК РФ ст. 112 и перенос | C11: Автоматический срок — только внутри 2026 года.
A12: 46030 | B12: ТК РФ ст. 112 и перенос
A13: 46031 | B13: ПП РФ № 1466 | C13: Для иных лет используйте проверенную конечную дату.
A14: 46076 | B14: ТК РФ ст. 112 и перенос
A15: 46089 | B15: ТК РФ ст. 112 и перенос | C15: Не переносите день начала просрочки автоматически на рабочий: после срока считаются календарные дни.
A16: 46090 | B16: ТК РФ ст. 112 и перенос
A17: 46143 | B17: ТК РФ ст. 112 и перенос
A18: 46151 | B18: ТК РФ ст. 112 и перенос | C18: В строке 16 главного листа подтвердите применимость календаря к вашему обязательству.
A19: 46153 | B19: ТК РФ ст. 112 и перенос
A20: 46185 | B20: ТК РФ ст. 112 и перенос
A21: 46330 | B21: ТК РФ ст. 112 и перенос | C21: Ставки не загружаются из сети. Проверяйте все даты изменений по источнику.
A22: 46387 | B22: ПП РФ № 1466
