Workbook

Sheet Маршрут
A1: Детальная проверка — по желанию
A2: Необязательно. Ситуация выбирается в файле 01, таблица 1. Эта проверка — для случая, когда вы сомневаетесь в выборе: ответьте на вопросы Да / Нет / Не знаю, итог покажет ситуацию или границу. Строку «Последний день срока оплаты» ниже заполняйте в любом случае (шаг 6). Жёлтые ячейки — ввод.
A4: № | B4: Вопрос | C4: Ответ | D4: Если «Да» / «Нет»
A5: 1 | B5: Работы за спорный период фактически выполнены? | D5: Нет → система неприменима
A6: 2 | B6: Акт (КС-2 или акт, названный в договоре) подписан обеими сторонами? | D6: Нет → работы не приняты: система не подходит
A7: 3 | B7: Заказчик направил мотивированный отказ от подписания акта? | D7: Да → граница B4
A8: 4 | B8: Вы считаете работы принятыми по акту, подписанному только вами (односторонний акт)? | D8: Да → граница B4
A9: 5 | B9: Оспариваются подпись на акте или полномочия подписанта? | D9: Да → граница B4
A10: 6 | B10: После подписания акта заказчик оспаривает объём или качество работ или требует экспертизы? | D10: Да → граница B4
A11: 7 | B11: Есть незакрытые замечания заказчика по этим работам? | D11: Да → работы не приняты: система не подходит
A12: 8 | B12: Заказчик удержал часть оплаты, заявил зачёт, неустойку, штраф, недостатки или встречное денежное требование? | D12: Да → граница B2
A13: 9 | B13: В сумме долга есть работы, которых нет в договоре, смете или допсоглашениях? | D13: Да → граница B5 для этой части
A14: 10 | B14: Есть признаки банкротства или ликвидации заказчика (картотека арбитражных дел, Федресурс, ЕГРЮЛ)? | D14: Да → граница B3; «Не знаю» → проверить
A15: 11 | B15: Передача исполнительной документации — условие оплаты по договору, и она не завершена? | D15: Да → граница B1
A16: 12 | B16: Срок оплаты определён договором или двусторонним соглашением? | D16: Нет → РАНО, определить срок
... A20: 16 | B20: Сумма долга подтверждена (акт сверки или реестр взаиморасчётов с платёжками)? | D20: Нет → шаг 6 (ситуация Б)
B22: Код маршрута (служебно) | C22: =IF(COUNTA(C5:C20)<16,"НЕ ЗАПОЛНЕНО",IF(C14="Да","B3",IF(C14="Не знаю","ПРОВЕРКА B3",IF(OR(C7="Да",C8="Да",C9="Да",C10="Да"),"B4",IF(C12="Да","B2",IF(C13="Да","B5",IF(C15="Да","B1",IF(C5<>"Да","НЕ ПРИМЕНИМО",IF(OR(C6<>"Да",C11="Да"),"НЕ ПРИНЯТЫ",IF(C16<>"Да","РАНО-СРОК",IF(C17<>"Да","РАНО",IF(C20<>"Да","СВЕРКА","OK"))))))))))))
B23: ИТОГ | C23: =VLOOKUP(C22,Справочник!$A$2:$C$14,2,FALSE)
B24: Следующий шаг | C24: =VLOOKUP(C22,Справочник!$A$2:$C$14,3,FALSE)
B25: Предупреждение о сроке | C25: =IF(AND(C19="Да",C18<>"Да"),"Гарантийное письмо не переносит срок оплаты: просрочка считается от договорного срока. Для переноса нужно двустороннее соглашение (файл 05).","")
B27: Последний день срока оплаты (по договору или двустороннему соглашению; если он пришёлся на нерабочий день — ближайший следующий рабочий день, ст. 193 ГК РФ). Если актов несколько и сроки оплаты по ним разные, заполните срок по каждому акту в файле 04, лист «Долг по актам»: эта строка тогда служит для самого раннего акта
B28: Первый день просрочки (по каждому акту он свой: файл 04, лист «Долг по актам», оттуда — в файл 08, лист «Акты», вместе с долгом на первый день просрочки) | C28: =IF(C27="","",C27+1)

Sheet Карта рисков
A1: Карта рисков и недостающих подтверждений
A2: В колонке «Есть?» выберите Да / Нет / Не требуется. Строки «НЕ ХВАТАЕТ» — ваш список работ до претензии: назначьте действие и срок.
A4: № | B4: Подтверждение | C4: Что проверить | D4: Есть? | E4: Статус | F4: Что сделать, если нет | G4: Кто и до какого числа
A5: 1 | B5: Договор и все дополнительные соглашения | C5: Срок и порядок оплаты, претензионный порядок, подсудность, неустойка | E5: =IF(D5="Да","ЕСТЬ",IF(D5="Нет","НЕ ХВАТАЕТ",IF(D5="Не требуется","НЕ ТРЕБУЕТСЯ","ПРОВЕРИТЬ"))) | F5: Запросите копию у ответственного; без договора маршрут не начинайте.
A6: 2 | B6: Акт КС-2 или акт, названный в договоре, подписан обеими сторонами | C6: Подписи, даты, печати, если их требует договор | E6: =IF(D6="Да","ЕСТЬ",IF(D6="Нет","НЕ ХВАТАЕТ",IF(D6="Не требуется","НЕ ТРЕБУЕТСЯ","ПРОВЕРИТЬ"))) | F6: Без подписанного акта работы не приняты и система не подходит: файл 01, таблица 1, последняя строка.
A7: 3 | B7: Справка КС-3, если договор её требует | C7: Сумма за период равна КС-2 | E7: =IF(D7="Да","ЕСТЬ",IF(D7="Нет","НЕ ХВАТАЕТ",IF(D7="Не требуется","НЕ ТРЕБУЕТСЯ","ПРОВЕРИТЬ"))) | F7: Сверьте сумму с актом; начисление внесите в файл 04, «Взаиморасчёты».
A8: 4 | B8: Полномочия подписанта заказчика | C8: Должность по ЕГРЮЛ или доверенность | E8: =IF(D8="Да","ЕСТЬ",IF(D8="Нет","НЕ ХВАТАЕТ",IF(D8="Не требуется","НЕ ТРЕБУЕТСЯ","ПРОВЕРИТЬ"))) | F8: Запросите копию доверенности; при споре о полномочиях — граница B4.
A9: 5 | B9: Подписанный заказчиком экземпляр акта | C9: Экземпляр с подписью заказчика, отметка о получении или квитанция ЭДО | E9: =IF(D9="Да","ЕСТЬ",IF(D9="Нет","НЕ ХВАТАЕТ",IF(D9="Не требуется","НЕ ТРЕБУЕТСЯ","ПРОВЕРИТЬ"))) | F9: Храните в папке объекта: это главное доказательство приёмки для претензии и иска.
A10: 6 | B10: По этим работам нет незакрытых замечаний и мотивированного отказа | C10: Переписка с заказчиком после сдачи работ | E10: =IF(D10="Да","ЕСТЬ",IF(D10="Нет","НЕ ХВАТАЕТ",IF(D10="Не требуется","НЕ ТРЕБУЕТСЯ","ПРОВЕРИТЬ"))) | F10: Есть незакрытые замечания — работы не приняты: файл 01, таблица 1. Спор после подписания акта — граница B4.
A11: 7 | B11: Все работы в сумме долга предусмотрены договором, сметой или допсоглашением | C11: Позиции актов против сметы и договорной цены | E11: =IF(D11="Да","ЕСТЬ",IF(D11="Нет","НЕ ХВАТАЕТ",IF(D11="Не требуется","НЕ ТРЕБУЕТСЯ","ПРОВЕРИТЬ"))) | F11: Работы вне договора без соглашения — граница B5 для этой части (файл 01, таблица 2).
A12: 8 | B12: Платёжные поручения по всем полученным оплатам | C12: Дата и сумма каждой оплаты | E12: =IF(D12="Да","ЕСТЬ",IF(D12="Нет","НЕ ХВАТАЕТ",IF(D12="Не требуется","НЕ ТРЕБУЕТСЯ","ПРОВЕРИТЬ"))) | F12: Выписка банка; внесите в файл 04, «Взаиморасчёты».
A13: 9 | B13: Акт сверки или реестр взаиморасчётов | C13: Бесспорный долг | E13: =IF(D13="Да","ЕСТЬ",IF(D13="Нет","НЕ ХВАТАЕТ",IF(D13="Не требуется","НЕ ТРЕБУЕТСЯ","ПРОВЕРИТЬ"))) | F13: Файл 04, «Взаиморасчёты»; направьте акт сверки заказчику.
A14: 10 | B14: Событие, от которого считается срок оплаты | C14: Подписание акта, получение счёта, передача документации | E14: =IF(D14="Да","ЕСТЬ",IF(D14="Нет","НЕ ХВАТАЕТ",IF(D14="Не требуется","НЕ ТРЕБУЕТСЯ","ПРОВЕРИТЬ"))) | F14: Проверьте пункт договора об оплате; если неясно — специалист.
A15: 11 | B15: Исполнительная документация как условие оплаты | C15: Пункт договора об оплате | E15: =IF(D15="Да","ЕСТЬ",IF(D15="Нет","НЕ ХВАТАЕТ",IF(D15="Не требуется","НЕ ТРЕБУЕТСЯ","ПРОВЕРИТЬ"))) | F15: Если условие есть и не выполнено — граница B1.
A16: 12 | B16: Актуальная выписка ЕГРЮЛ заказчика | C16: Адрес, статус, руководитель | E16: =IF(D16="Да","ЕСТЬ",IF(D16="Нет","НЕ ХВАТАЕТ",IF(D16="Не требуется","НЕ ТРЕБУЕТСЯ","ПРОВЕРИТЬ"))) | F16: Получите на nalog.ru.
... A20: 16 | B20: Срок исковой давности не на исходе | C20: Дата начала просрочки | E20: =IF(D20="Да","ЕСТЬ",IF(D20="Нет","НЕ ХВАТАЕТ",IF(D20="Не требуется","НЕ ТРЕБУЕТСЯ","ПРОВЕРИТЬ"))) | F20: Если остаётся мало времени — сразу к специалисту.
B22: Не хватает подтверждений | D22: =COUNTIF(E5:E20,"НЕ ХВАТАЕТ")
B23: Не проверено | D23: =COUNTIF(E5:E20,"ПРОВЕРИТЬ")

Sheet Контроль ответа
A1: Контроль ответа заказчика и следующий шаг
A2: Одна строка — одно направленное требование или событие, в том числе входящее письмо заказчика: гарантийное письмо, ответ на претензию, возражения, акт сверки. Выберите реакцию заказчика — следующий шаг покажется автоматически. Сам входящий документ отметьте в файле 04, «Реестр приложений». Строк 200; при нехватке вставьте строки внутри таблицы.
A4: № | B4: Дата направления | C4: Документ | D4: Срок ответа / ожидания | E4: Срок истёк? | F4: Реакция заказчика | G4: Следующий шаг | H4: Сделано (дата)
A5: 1 | E5: =IF(D5="","",IF(TODAY()>D5,"Да","Нет")) | G5: =IF(F5="","",IFERROR(VLOOKUP(F5,Справочник!$A$17:$B$30,2,FALSE),"Выберите реакцию из списка"))
A6: 2 | E6: =IF(D6="","",IF(TODAY()>D6,"Да","Нет")) | G6: =IF(F6="","",IFERROR(VLOOKUP(F6,Справочник!$A$17:$B$30,2,FALSE),"Выберите реакцию из списка"))
A7: 3 | E7: =IF(D7="","",IF(TODAY()>D7,"Да","Нет")) | G7: =IF(F7="","",IFERROR(VLOOKUP(F7,Справочник!$A$17:$B$30,2,FALSE),"Выберите реакцию из списка"))
A8: 4 | E8: =IF(D8="","",IF(TODAY()>D8,"Да","Нет")) | G8: =IF(F8="","",IFERROR(VLOOKUP(F8,Справочник!$A$17:$B$30,2,FALSE),"Выберите реакцию из списка"))
A9: 5 | E9: =IF(D9="","",IF(TODAY()>D9,"Да","Нет")) | G9: =IF(F9="","",IFERROR(VLOOKUP(F9,Справочник!$A$17:$B$30,2,FALSE),"Выберите реакцию из списка"))
A10: 6 | E10: =IF(D10="","",IF(TODAY()>D10,"Да","Нет")) | G10: =IF(F10="","",IFERROR(VLOOKUP(F10,Справочник!$A$17:$B$30,2,FALSE),"Выберите реакцию из списка"))
A11: 7 | E11: =IF(D11="","",IF(TODAY()>D11,"Да","Нет")) | G11: =IF(F11="","",IFERROR(VLOOKUP(F11,Справочник!$A$17:$B$30,2,FALSE),"Выберите реакцию из списка"))
A12: 8 | E12: =IF(D12="","",IF(TODAY()>D12,"Да","Нет")) | G12: =IF(F12="","",IFERROR(VLOOKUP(F12,Справочник!$A$17:$B$30,2,FALSE),"Выберите реакцию из списка"))
A13: 9 | E13: =IF(D13="","",IF(TODAY()>D13,"Да","Нет")) | G13: =IF(F13="","",IFERROR(VLOOKUP(F13,Справочник!$A$17:$B$30,2,FALSE),"Выберите реакцию из списка"))
A14: 10 | E14: =IF(D14="","",IF(TODAY()>D14,"Да","Нет")) | G14: =IF(F14="","",IFERROR(VLOOKUP(F14,Справочник!$A$17:$B$30,2,FALSE),"Выберите реакцию из списка"))
A15: 11 | E15: =IF(D15="","",IF(TODAY()>D15,"Да","Нет")) | G15: =IF(F15="","",IFERROR(VLOOKUP(F15,Справочник!$A$17:$B$30,2,FALSE),"Выберите реакцию из списка"))
A16: 12 | E16: =IF(D16="","",IF(TODAY()>D16,"Да","Нет")) | G16: =IF(F16="","",IFERROR(VLOOKUP(F16,Справочник!$A$17:$B$30,2,FALSE),"Выберите реакцию из списка"))
... A204: 200 | E204: =IF(D204="","",IF(TODAY()>D204,"Да","Нет")) | G204: =IF(F204="","",IFERROR(VLOOKUP(F204,Справочник!$A$17:$B$30,2,FALSE),"Выберите реакцию из списка"))

Sheet Справочник
A1: Код | B1: Итог | C1: Следующий шаг
A2: НЕ ЗАПОЛНЕНО | B2: Проверка не пройдена | C2: Проверка по желанию. Для итога ответьте на все вопросы; без неё выберите ситуацию в файле 01, таблица 1.
A3: B3 | B3: ГРАНИЦА B3: признаки банкротства | C3: Остановите маршрут S1 на текущем шаге, сохраните все документы и немедленно обратитесь к специалисту по банкротству. Не подавайте обычный иск до его оценки.
A4: ПРОВЕРКА B3 | B4: ПРОВЕРЬТЕ ЗАКАЗЧИКА | C4: Ответ «Не знаю» о банкротстве: проверьте картотеку арбитражных дел, Федресурс и ЕГРЮЛ (файл 03), затем ответьте «Да» или «Нет».
A5: B4 | B5: ГРАНИЦА B4: спор о принятых работах, односторонний акт, мотивированный отказ | C5: По оспоренным актам маршрут остановите: соберите материалы по описи (файл 10, раздел В) — договор, подписанные акты, переписку, возражения заказчика — и передайте специалисту. Акты, которые заказчик не оспаривает, ведите дальше по маршруту: в расчёт процентов и претензию переносите только их.
A6: B2 | B6: ГРАНИЦА B2: удержание, зачёт, неустойка, недостатки, встречное требование | C6: Внесите каждую операцию в реестр взаиморасчётов с типом «Удержание», «Зачёт» или «Неустойка заявлена». Бесспорную часть долга можно вести по S1 дальше; спорную часть с документами передайте специалисту до направления претензии.
A7: B5 | B7: ГРАНИЦА B5: допработы без соглашения | C7: Суммы по допработам, которые заказчик не подписал, не вносите в реестр взаиморасчётов как начисление по акту: эти работы не приняты. Если допработы вошли в подписанный акт, эта часть долга спорная: в расчёт процентов и претензию её без оценки специалиста не включайте. Бесспорную часть долга ведите по маршруту дальше. По допработам соберите договор, смету, переписку о поручении работ и акты и передайте специалисту по описи (файл 10, раздел В).
A8: B1 | B8: ГРАНИЦА B1: исполнительная документация | C8: Зафиксируйте в реестре передачи, какая документация требуется договором и что уже передано. Если без неё оплата по договору не наступает — сначала закройте передачу документации, затем пройдите проверку G перед шагом 6.
A9: НЕ ПРИМЕНИМО | B9: НЕ ПРИМЕНИМО: работы не выполнены | C9: Система рассчитана на выполненные работы. Требовать оплату невыполненного нельзя.
A10: НЕ ПРИНЯТЫ | B10: РАБОТЫ НЕ ПРИНЯТЫ: эта система не подходит | C10: Долг не фиксируйте и претензию не готовьте. Сначала добейтесь приёмки по договору: оформите акт, передайте его способом, который можно доказать, закройте замечания; если заказчик молчит — направьте запрос подписать акт или прислать мотивированный отказ. Когда акт подписан обеими сторонами и срок оплаты истёк, вернитесь к проверке G. Если заказчик направил мотивированный отказ или вы считаете работы принятыми по акту, подписанному только вами, — граница B4, файл 01, таблица 2.
A11: РАНО-СРОК | B11: РАНО: срок оплаты не определён | C11: Определите срок оплаты по договору. Если договор его не устанавливает — дату начала просрочки согласуйте со специалистом: от неё зависит расчёт.
A12: РАНО | B12: РАНО: срок оплаты не истёк | C12: Маршрут задолженности (шаги 6–12) начните не раньше следующего дня после срока.
... A14: OK | B14: МОЖНО ИДТИ ПО S1 | C14: Ситуация А: шаги 6–12. Зафиксируйте долг и дату начала просрочки, затем переговоры (файл 05).
A16: Реакция заказчика | B16: Следующий шаг
A17: Оплатил полностью | B17: Внесите оплату в реестр взаиморасчётов (файл 04). Маршрут завершён.
A18: Оплатил частично | B18: Внесите оплату в реестр взаиморасчётов (файл 04) и в расчёт процентов (файл 08). По остатку — шаги 9–12.
A19: Обещал оплатить в названную дату | B19: Контролируйте дату. При срыве — сразу шаги 9–10, без повторного письма.
A20: Предложил график или перенос | B20: Перенос — только двусторонним соглашением (файл 05, раздел Б; шаг 7): гарантийное письмо соглашение не заменяет. Подписано — новую дату внесите в лист «Маршрут», платежи графика — сюда. Соглашения нет — срок не перенесён, маршрут не останавливайте: следующий шаг вашего пути.
A21: Прислал гарантийное письмо без соглашения | B21: Срок оплаты не перенесён: просрочка и проценты считаются от договорного срока. Письмо внесите в файл 04, «Реестр приложений», строка «Гарантийное письмо заказчика»; предложите соглашение (файл 05, раздел Б). Маршрут не останавливайте: следующий шаг вашего пути, а если дата из письма прошла без оплаты — сразу шаг 9.
A22: Не вышел на переговоры | B22: Переговоров не было — это не препятствие. Шаг 8: уведомление о просрочке (файл 06).
A23: Подписал акт сверки, но не оплатил | B23: Долг подтверждён заказчиком. Подписанный акт сверки внесите в файл 04, «Реестр приложений», строка «Акт сверки, подписанный Заказчиком», и идите дальше по пути: шаги 8–10.
A24: Молчание после срока | B24: Если это была претензия и срок ожидания истёк — шаг 12 (файл 10). Если уведомление — шаги 9–10.
A25: Отказ без мотивов | B25: Если претензия ещё не направлена — шаг 10; если направлена и срок ожидания истёк — шаг 12.
A26: Возражает по сумме или вернул акт сверки с расхождением | B26: Разведите расхождение по причине: удержание, зачёт, неустойка или встречное требование — граница B2; объём, качество или подпись — граница B4; работы вне договора и сметы — граница B5 (файл 01, таблица 2). Возражения внесите в файл 04, «Реестр приложений», строка «Возражения Заказчика». Акты, которые заказчик не оспаривает, ведите дальше по маршруту.
A27: Отказ с мотивами: объём, качество, подпись | B27: Граница B4 для оспоренных актов: профессиональная оценка, опись материалов — файл 10, раздел В. Акты, которые заказчик не оспаривает, ведите дальше по маршруту.
... A30: Признаки банкротства | B30: Граница B3: остановите маршрут и немедленно обратитесь к специалисту по банкротству.
