Workbook

Sheet КС-2
F1: Унифицированная форма № КС-2
F2: Утверждена постановлением Госкомстата России от 11.11.99 № 100
F3: Код формы по ОКУД: 0322005
A6: Заказчик
A7: Субподрядчик
A8: Стройка
A9: Объект
A10: Договор подряда (контракт): номер
A11: Договор подряда (контракт): дата
A12: Номер документа
A13: Дата составления
A14: Отчётный период: с
A15: Отчётный период: по
A16: Сметная (договорная) стоимость по договору, руб.
A18: АКТ О ПРИЁМКЕ ВЫПОЛНЕННЫХ РАБОТ
A20: № по порядку | B20: № позиции по смете | C20: Наименование работ | D20: Номер единичной расценки | E20: Единица измерения | F20: Количество | G20: Цена за единицу, руб. | H20: Стоимость, руб.
A21: =IF(C21="","",ROW()-20) | H21: =IF(OR(F21="",G21=""),"",ROUND(F21*G21,2))
A22: =IF(C22="","",ROW()-20) | H22: =IF(OR(F22="",G22=""),"",ROUND(F22*G22,2))
A23: =IF(C23="","",ROW()-20) | H23: =IF(OR(F23="",G23=""),"",ROUND(F23*G23,2))
A24: =IF(C24="","",ROW()-20) | H24: =IF(OR(F24="",G24=""),"",ROUND(F24*G24,2))
A25: =IF(C25="","",ROW()-20) | H25: =IF(OR(F25="",G25=""),"",ROUND(F25*G25,2))
A26: =IF(C26="","",ROW()-20) | H26: =IF(OR(F26="",G26=""),"",ROUND(F26*G26,2))
A27: =IF(C27="","",ROW()-20) | H27: =IF(OR(F27="",G27=""),"",ROUND(F27*G27,2))
A28: =IF(C28="","",ROW()-20) | H28: =IF(OR(F28="",G28=""),"",ROUND(F28*G28,2))
A29: =IF(C29="","",ROW()-20) | H29: =IF(OR(F29="",G29=""),"",ROUND(F29*G29,2))
A30: =IF(C30="","",ROW()-20) | H30: =IF(OR(F30="",G30=""),"",ROUND(F30*G30,2))
A31: =IF(C31="","",ROW()-20) | H31: =IF(OR(F31="",G31=""),"",ROUND(F31*G31,2))
A32: =IF(C32="","",ROW()-20) | H32: =IF(OR(F32="",G32=""),"",ROUND(F32*G32,2))
... A70: =IF(C70="","",ROW()-20) | H70: =IF(OR(F70="",G70=""),"",ROUND(F70*G70,2))
C71: Итого по акту | H71: =SUM(H21:H70)
C72: Ставка НДС, % (20 означает 20 %; пусто или 0 — без НДС)
C73: Сумма НДС | H73: =IF(OR(H72="",H72=0),0,ROUND(H71*H72/100,2))
C74: Всего с НДС | H74: =H71+H73
A76: Сдал (субподрядчик): должность ________________ подпись ________ расшифровка ______________
A77: Принял (заказчик): должность ________________ подпись ________ расшифровка ______________
A78: Основание полномочий принявшего (должность по ЕГРЮЛ или доверенность № , дата): ______________
A80: Перед использованием сверьте реквизиты формы с договором и учётной политикой: договор может устанавливать собственную форму акта. Графы и итоги этой таблицы рабочие — стоимость строки и итоги считаются формулами.

Sheet КС-3
D1: Унифицированная форма № КС-3
D2: Утверждена постановлением Госкомстата России от 11.11.99 № 100
D3: Код формы по ОКУД: 0322001
A6: Заказчик | D6: ='КС-2'!D6
A7: Субподрядчик | D7: ='КС-2'!D7
A8: Стройка | D8: ='КС-2'!D8
A9: Договор подряда: номер | D9: ='КС-2'!D10
A10: Договор подряда: дата | D10: ='КС-2'!D11
A11: Номер документа
A12: Дата составления
A13: Отчётный период: с | D13: ='КС-2'!D14
A14: Отчётный период: по | D14: ='КС-2'!D15
A16: СПРАВКА О СТОИМОСТИ ВЫПОЛНЕННЫХ РАБОТ И ЗАТРАТ
A18: № по порядку | B18: Наименование пусковых комплексов, этапов, объектов, видов выполненных работ, оборудования, затрат | C18: Код | D18: Стоимость с начала проведения работ, руб. | E18: Стоимость с начала года, руб. | F18: В том числе за отчётный период, руб.
A19: 1 | B19: Выполнено ранее (по предыдущим справкам КС-3)
A20: 2 | B20: ="Работы по акту КС-2 № "&'КС-2'!D12 | D20: =F20 | E20: =F20 | F20: ='КС-2'!H71
A21: 3 | B21: Всего работ и затрат, включаемых в стоимость работ | D21: =N(D19)+D20 | E21: =N(E19)+E20 | F21: =F20
A22: 4 | B22: Сумма НДС за отчётный период | F22: ='КС-2'!H73
A23: 5 | B23: Всего с НДС за отчётный период | F23: =F21+F22
B25: Справочно, для сверки с оплатой (в унифицированную форму не входит)
B26: Аванс, зачтённый в отчётном периоде по условиям договора, руб.
B27: Удержание, зачёт или неустойка, которые заказчик применяет к этому периоду, руб.
B28: Подлежит оплате за период без спорных сумм, руб. | F28: =F23-N(F26)
B29: Граница | F29: =IF(N(F27)>0,"ГРАНИЦА B2: удержание/зачёт/неустойка — см. файл 01","")
A31: Заказчик: должность ________________ подпись ________ расшифровка ______________
A32: Субподрядчик: должность ________________ подпись ________ расшифровка ______________

Sheet Сверка
A1: № | B1: Проверка | C1: Результат
A2: 1 | B2: Стоимость за отчётный период в КС-3 равна итогу КС-2 | C2: =IF(ROUND('КС-3'!F21-'КС-2'!H71,2)=0,"СХОДИТСЯ","РАСХОЖДЕНИЕ")
A3: 2 | B3: НДС в КС-3 равен НДС в КС-2 | C3: =IF(ROUND('КС-3'!F22-'КС-2'!H73,2)=0,"СХОДИТСЯ","РАСХОЖДЕНИЕ")
A4: 3 | B4: У каждой строки КС-2 с количеством есть цена, и наоборот | C4: =IF(COUNT('КС-2'!F21:F70)=COUNT('КС-2'!G21:G70),"СХОДИТСЯ","РАСХОЖДЕНИЕ: строка без цены или количества")
A5: 4 | B5: У каждой строки КС-2 с количеством есть наименование | C5: =IF(COUNTIFS('КС-2'!F21:F70,"<>",'КС-2'!C21:C70,"")=0,"СХОДИТСЯ","РАСХОЖДЕНИЕ: количество без наименования")
A6: 5 | B6: Ставка НДС введена в процентах, а не долей | C6: =IF(AND(N('КС-2'!H72)>0,N('КС-2'!H72)<1),"РАСХОЖДЕНИЕ: введите 20, а не 0,2","СХОДИТСЯ")
A7: 6 | B7: Номер и дата КС-2 заполнены | C7: =IF(AND('КС-2'!D12<>"",'КС-2'!D13<>""),"СХОДИТСЯ","РАСХОЖДЕНИЕ: нет номера или даты")
A8: 7 | B8: Отчётный период заполнен и не перевёрнут | C8: =IF(AND(ISNUMBER('КС-2'!D14),ISNUMBER('КС-2'!D15)),IF('КС-2'!D15>='КС-2'!D14,"СХОДИТСЯ","РАСХОЖДЕНИЕ: конец раньше начала"),"РАСХОЖДЕНИЕ: период не заполнен")
A9: 8 | B9: Стоимость нарастающим итогом не превышает сметную (договорную) | C9: =IF(N('КС-2'!D16)=0,"СХОДИТСЯ",IF('КС-3'!D21<='КС-2'!D16,"СХОДИТСЯ","РАСХОЖДЕНИЕ: превышение сметной стоимости — нужно допсоглашение"))
A10: 9 | B10: Нет удержаний и зачётов за границей системы | C10: =IF(N('КС-3'!F27)>0,"ГРАНИЦА B2","СХОДИТСЯ")
B12: Итог сверки | C12: =IF(COUNTIF(C2:C10,"СХОДИТСЯ")=9,"ВСЁ СХОДИТСЯ — можно на внутреннюю проверку","ЕСТЬ РАСХОЖДЕНИЯ")
