Workbook

Sheet Как пользоваться
A1: Расчёт процентов по ст. 395 ГК РФ
A2: 1. Лист «Акты»: одна строка — один акт (или часть долга) со своей датой начала просрочки. По каждому акту из файла 04, лист «Долг по актам», переносятся: в колонку «Сумма основного долга на первый день просрочки» — колонка H того листа, в колонку «Первый день просрочки» — колонка E, в колонку сверки — колонка J. Сверка нужна, чтобы оплаты не учлись дважды: если в колонку долга попадёт сумма, из которой оплаты уже вычтены, сверка не сойдётся и книга заблокирует расчёт.
A3: 2. Лист «Ввод»: последний день расчёта.
A4: 3. Лист «Ввод»: ключевая ставка Банка России (cbr.ru, раздел «Ключевая ставка Банка России»): ставка, действовавшая в первый день просрочки самого раннего акта, и все её изменения до конца расчёта — по возрастанию дат, без пропусков строк. Ставка вводится в процентах годовых: 21 означает 21 %. Долю (0,21) книга не принимает.
A5: 4. Лист «Ввод»: периоды, за которые проценты не начисляются (например, мораторий), если они применимы к вашему должнику. Применимость проверьте у специалиста.
A6: 5. Лист «Оплаты»: каждая оплата, поступившая в первый день просрочки по своему акту или позже, — дата, сумма и акт, к которому она отнесена. Оплата, поступившая в день D, уменьшает долг по своему акту со следующего дня. Книга сама делит расчёт каждого акта на периоды по датам его оплат и смене ставки.
A7: 6. Платёж без указания акта расчёт блокирует. Система не распределяет платежи между актами сама и не назначает очередность зачёта: это правовой вопрос, который решается назначением платежа, договором или соглашением сторон. Распределите платёж документально и укажите акт.
A8: 7. Лист «Проверки»: все строки должны быть «ок». Любая строка «БЛОК» останавливает итог: книга не выдаёт сумму, которая может быть завышена или занижена.
A9: 8. Лист «Расчёт»: строки расчёта по каждому акту для приложения к претензии и иску. Строка — отрезок, на котором долг акта не меняется; её проценты — сумма по периодам ставки, каждый округлён до копейки. Проценты по акту — сумма его строк; «Проценты итого» — сумма итогов по актам.
A10: Каждый акт считается отдельно: своя дата начала просрочки, свой долг, свои оплаты, свои периоды и своё округление. Акты не объединяются в один долг — ни с одной датой, ни по дням: это занизило бы или завысило проценты. Лист «По дням» — общий календарь (одна строка на день): из него берутся ставка, число дней в году и исключения.
A11: Ограничения: до 12 актов в одном расчёте, до 500 оплат, 60 изменений ставки, 20 исключаемых периодов, 3999 дней от первого дня просрочки самого раннего акта до последнего дня расчёта и 150 периодов ставки. Данные за пределами таблиц не отбрасываются молча, а блокируют итог.
A12: Оплаты уменьшают основной долг. Если договор устанавливает неустойку за просрочку оплаты, проценты по ст. 395 ГК РФ по общему правилу не взыскиваются (п. 4 ст. 395 ГК РФ) — выбор к специалисту.
... A14: Редакция-кандидат. Правовые ссылки этой редакции не прошли юридическую приёмку; перед применением сверьте их с действующей редакцией закона.

Sheet Акты
A1: Акты и суммы долга на первый день просрочки
A2: Одна строка — один акт (или часть долга) со своей датой начала просрочки. Акт входит в долг со своего первого дня просрочки; до этой даты проценты по нему не начисляются. Колонки D, E и F заполняются из файла 04, лист «Долг по актам»: D — «Долг на первый день просрочки» (колонка H), E — «Первый день просрочки» (колонка E), F — сверочная сумма (колонка J). По F книга проверяет, что оплаты не учтены дважды: если в D попала сумма, из которой оплаты уже вычтены, сверка не сойдётся и расчёт будет заблокирован.
A4: № | B4: Акт (идентификатор, как в файле 04) | C4: Документ (КС-2 / акт: №, дата) | D4: Сумма основного долга на первый день просрочки, руб. | E4: Первый день просрочки | F4: Сверка: остаток по акту из файла 04 (колонка J), руб. | G4: Остаток по расчёту на последний день, руб. | H4: Проверка
A5: 1 | G5: =IF(OR(B5="",NOT(ISNUMBER(D5))),"",D5-SUMIF(Оплаты!$D$6:$D$505,B5,Оплаты!$B$6:$B$505)) | H5: =IF(AND(B5="",C5="",D5="",E5="",F5=""),"",IF(B5="","БЛОК: нужен идентификатор акта — по нему распределяются оплаты",IF(COUNTIF($B$5:$B$16,B5)>1,"БЛОК: идентификатор акта повторяется — оплату нельзя отнести однозначно",IF(OR(NOT(ISNUMBER(D5)),D5<=0),"БЛОК: нужна сумма основного долга на первый день просрочки, больше нуля (файл 04, лист «Долг по актам», колонка H)",IF(NOT(ISNUMBER(E5)),"БЛОК: нужен первый день просрочки по этому акту",IF(NOT(ISNUMBER(Ввод!$B$4)),"БЛОК: на листе «Ввод» не введён последний день расчёта",IF(E5>Ввод!$B$4,"БЛОК: первый день просрочки позже последнего дня расчёта",IF(Ввод!$B$4-E5+1>3999,"БЛОК: от первого дня просрочки до последнего дня расчёта более 3999 дней — разбейте расчёт на части",IF(COUNT(Ввод!$A$12:$A$71)=0,"БЛОК: на листе «Ввод» не введена ставка",IF(MIN(Ввод!$D$12:$D$71)>E5,"БЛОК: нет ставки, действовавшей в первый день просрочки по этому акту",IF(N(G5)<0,"БЛОК: оплаты по этому акту больше долга на первый день просрочки",IF(NOT(ISNUMBER(F5)),"БЛОК: нужна сверочная сумма по этому акту из файла 04 (лист «Долг по актам», колонка J)",IF(ROUND(N(G5)-F5,2)<>0,"БЛОК: сверка не сходится. Долг на первый день просрочки минус оплаты по этому акту = "&FIXED(N(G5),2)&" руб., а по файлу 04 = "&FIXED(F5,2)&" руб. Похоже, в колонку D внесён текущий остаток, из которого оплаты уже вычтены: тогда те же оплаты учтутся дважды. В колонке D нужен долг НА ПЕРВЫЙ ДЕНЬ ПРОСРОЧКИ (файл 04, колонка H)","ок")))))))))))))
A6: 2 | G6: =IF(OR(B6="",NOT(ISNUMBER(D6))),"",D6-SUMIF(Оплаты!$D$6:$D$505,B6,Оплаты!$B$6:$B$505)) | H6: =IF(AND(B6="",C6="",D6="",E6="",F6=""),"",IF(B6="","БЛОК: нужен идентификатор акта — по нему распределяются оплаты",IF(COUNTIF($B$5:$B$16,B6)>1,"БЛОК: идентификатор акта повторяется — оплату нельзя отнести однозначно",IF(OR(NOT(ISNUMBER(D6)),D6<=0),"БЛОК: нужна сумма основного долга на первый день просрочки, больше нуля (файл 04, лист «Долг по актам», колонка H)",IF(NOT(ISNUMBER(E6)),"БЛОК: нужен первый день просрочки по этому акту",IF(NOT(ISNUMBER(Ввод!$B$4)),"БЛОК: на листе «Ввод» не введён последний день расчёта",IF(E6>Ввод!$B$4,"БЛОК: первый день просрочки позже последнего дня расчёта",IF(Ввод!$B$4-E6+1>3999,"БЛОК: от первого дня просрочки до последнего дня расчёта более 3999 дней — разбейте расчёт на части",IF(COUNT(Ввод!$A$12:$A$71)=0,"БЛОК: на листе «Ввод» не введена ставка",IF(MIN(Ввод!$D$12:$D$71)>E6,"БЛОК: нет ставки, действовавшей в первый день просрочки по этому акту",IF(N(G6)<0,"БЛОК: оплаты по этому акту больше долга на первый день просрочки",IF(NOT(ISNUMBER(F6)),"БЛОК: нужна сверочная сумма по этому акту из файла 04 (лист «Долг по актам», колонка J)",IF(ROUND(N(G6)-F6,2)<>0,"БЛОК: сверка не сходится. Долг на первый день просрочки минус оплаты по этому акту = "&FIXED(N(G6),2)&" руб., а по файлу 04 = "&FIXED(F6,2)&" руб. Похоже, в колонку D внесён текущий остаток, из которого оплаты уже вычтены: тогда те же оплаты учтутся дважды. В колонке D нужен долг НА ПЕРВЫЙ ДЕНЬ ПРОСРОЧКИ (файл 04, колонка H)","ок")))))))))))))
A7: 3 | G7: =IF(OR(B7="",NOT(ISNUMBER(D7))),"",D7-SUMIF(Оплаты!$D$6:$D$505,B7,Оплаты!$B$6:$B$505)) | H7: =IF(AND(B7="",C7="",D7="",E7="",F7=""),"",IF(B7="","БЛОК: нужен идентификатор акта — по нему распределяются оплаты",IF(COUNTIF($B$5:$B$16,B7)>1,"БЛОК: идентификатор акта повторяется — оплату нельзя отнести однозначно",IF(OR(NOT(ISNUMBER(D7)),D7<=0),"БЛОК: нужна сумма основного долга на первый день просрочки, больше нуля (файл 04, лист «Долг по актам», колонка H)",IF(NOT(ISNUMBER(E7)),"БЛОК: нужен первый день просрочки по этому акту",IF(NOT(ISNUMBER(Ввод!$B$4)),"БЛОК: на листе «Ввод» не введён последний день расчёта",IF(E7>Ввод!$B$4,"БЛОК: первый день просрочки позже последнего дня расчёта",IF(Ввод!$B$4-E7+1>3999,"БЛОК: от первого дня просрочки до последнего дня расчёта более 3999 дней — разбейте расчёт на части",IF(COUNT(Ввод!$A$12:$A$71)=0,"БЛОК: на листе «Ввод» не введена ставка",IF(MIN(Ввод!$D$12:$D$71)>E7,"БЛОК: нет ставки, действовавшей в первый день просрочки по этому акту",IF(N(G7)<0,"БЛОК: оплаты по этому акту больше долга на первый день просрочки",IF(NOT(ISNUMBER(F7)),"БЛОК: нужна сверочная сумма по этому акту из файла 04 (лист «Долг по актам», колонка J)",IF(ROUND(N(G7)-F7,2)<>0,"БЛОК: сверка не сходится. Долг на первый день просрочки минус оплаты по этому акту = "&FIXED(N(G7),2)&" руб., а по файлу 04 = "&FIXED(F7,2)&" руб. Похоже, в колонку D внесён текущий остаток, из которого оплаты уже вычтены: тогда те же оплаты учтутся дважды. В колонке D нужен долг НА ПЕРВЫЙ ДЕНЬ ПРОСРОЧКИ (файл 04, колонка H)","ок")))))))))))))
A8: 4 | G8: =IF(OR(B8="",NOT(ISNUMBER(D8))),"",D8-SUMIF(Оплаты!$D$6:$D$505,B8,Оплаты!$B$6:$B$505)) | H8: =IF(AND(B8="",C8="",D8="",E8="",F8=""),"",IF(B8="","БЛОК: нужен идентификатор акта — по нему распределяются оплаты",IF(COUNTIF($B$5:$B$16,B8)>1,"БЛОК: идентификатор акта повторяется — оплату нельзя отнести однозначно",IF(OR(NOT(ISNUMBER(D8)),D8<=0),"БЛОК: нужна сумма основного долга на первый день просрочки, больше нуля (файл 04, лист «Долг по актам», колонка H)",IF(NOT(ISNUMBER(E8)),"БЛОК: нужен первый день просрочки по этому акту",IF(NOT(ISNUMBER(Ввод!$B$4)),"БЛОК: на листе «Ввод» не введён последний день расчёта",IF(E8>Ввод!$B$4,"БЛОК: первый день просрочки позже последнего дня расчёта",IF(Ввод!$B$4-E8+1>3999,"БЛОК: от первого дня просрочки до последнего дня расчёта более 3999 дней — разбейте расчёт на части",IF(COUNT(Ввод!$A$12:$A$71)=0,"БЛОК: на листе «Ввод» не введена ставка",IF(MIN(Ввод!$D$12:$D$71)>E8,"БЛОК: нет ставки, действовавшей в первый день просрочки по этому акту",IF(N(G8)<0,"БЛОК: оплаты по этому акту больше долга на первый день просрочки",IF(NOT(ISNUMBER(F8)),"БЛОК: нужна сверочная сумма по этому акту из файла 04 (лист «Долг по актам», колонка J)",IF(ROUND(N(G8)-F8,2)<>0,"БЛОК: сверка не сходится. Долг на первый день просрочки минус оплаты по этому акту = "&FIXED(N(G8),2)&" руб., а по файлу 04 = "&FIXED(F8,2)&" руб. Похоже, в колонку D внесён текущий остаток, из которого оплаты уже вычтены: тогда те же оплаты учтутся дважды. В колонке D нужен долг НА ПЕРВЫЙ ДЕНЬ ПРОСРОЧКИ (файл 04, колонка H)","ок")))))))))))))
A9: 5 | G9: =IF(OR(B9="",NOT(ISNUMBER(D9))),"",D9-SUMIF(Оплаты!$D$6:$D$505,B9,Оплаты!$B$6:$B$505)) | H9: =IF(AND(B9="",C9="",D9="",E9="",F9=""),"",IF(B9="","БЛОК: нужен идентификатор акта — по нему распределяются оплаты",IF(COUNTIF($B$5:$B$16,B9)>1,"БЛОК: идентификатор акта повторяется — оплату нельзя отнести однозначно",IF(OR(NOT(ISNUMBER(D9)),D9<=0),"БЛОК: нужна сумма основного долга на первый день просрочки, больше нуля (файл 04, лист «Долг по актам», колонка H)",IF(NOT(ISNUMBER(E9)),"БЛОК: нужен первый день просрочки по этому акту",IF(NOT(ISNUMBER(Ввод!$B$4)),"БЛОК: на листе «Ввод» не введён последний день расчёта",IF(E9>Ввод!$B$4,"БЛОК: первый день просрочки позже последнего дня расчёта",IF(Ввод!$B$4-E9+1>3999,"БЛОК: от первого дня просрочки до последнего дня расчёта более 3999 дней — разбейте расчёт на части",IF(COUNT(Ввод!$A$12:$A$71)=0,"БЛОК: на листе «Ввод» не введена ставка",IF(MIN(Ввод!$D$12:$D$71)>E9,"БЛОК: нет ставки, действовавшей в первый день просрочки по этому акту",IF(N(G9)<0,"БЛОК: оплаты по этому акту больше долга на первый день просрочки",IF(NOT(ISNUMBER(F9)),"БЛОК: нужна сверочная сумма по этому акту из файла 04 (лист «Долг по актам», колонка J)",IF(ROUND(N(G9)-F9,2)<>0,"БЛОК: сверка не сходится. Долг на первый день просрочки минус оплаты по этому акту = "&FIXED(N(G9),2)&" руб., а по файлу 04 = "&FIXED(F9,2)&" руб. Похоже, в колонку D внесён текущий остаток, из которого оплаты уже вычтены: тогда те же оплаты учтутся дважды. В колонке D нужен долг НА ПЕРВЫЙ ДЕНЬ ПРОСРОЧКИ (файл 04, колонка H)","ок")))))))))))))
A10: 6 | G10: =IF(OR(B10="",NOT(ISNUMBER(D10))),"",D10-SUMIF(Оплаты!$D$6:$D$505,B10,Оплаты!$B$6:$B$505)) | H10: =IF(AND(B10="",C10="",D10="",E10="",F10=""),"",IF(B10="","БЛОК: нужен идентификатор акта — по нему распределяются оплаты",IF(COUNTIF($B$5:$B$16,B10)>1,"БЛОК: идентификатор акта повторяется — оплату нельзя отнести однозначно",IF(OR(NOT(ISNUMBER(D10)),D10<=0),"БЛОК: нужна сумма основного долга на первый день просрочки, больше нуля (файл 04, лист «Долг по актам», колонка H)",IF(NOT(ISNUMBER(E10)),"БЛОК: нужен первый день просрочки по этому акту",IF(NOT(ISNUMBER(Ввод!$B$4)),"БЛОК: на листе «Ввод» не введён последний день расчёта",IF(E10>Ввод!$B$4,"БЛОК: первый день просрочки позже последнего дня расчёта",IF(Ввод!$B$4-E10+1>3999,"БЛОК: от первого дня просрочки до последнего дня расчёта более 3999 дней — разбейте расчёт на части",IF(COUNT(Ввод!$A$12:$A$71)=0,"БЛОК: на листе «Ввод» не введена ставка",IF(MIN(Ввод!$D$12:$D$71)>E10,"БЛОК: нет ставки, действовавшей в первый день просрочки по этому акту",IF(N(G10)<0,"БЛОК: оплаты по этому акту больше долга на первый день просрочки",IF(NOT(ISNUMBER(F10)),"БЛОК: нужна сверочная сумма по этому акту из файла 04 (лист «Долг по актам», колонка J)",IF(ROUND(N(G10)-F10,2)<>0,"БЛОК: сверка не сходится. Долг на первый день просрочки минус оплаты по этому акту = "&FIXED(N(G10),2)&" руб., а по файлу 04 = "&FIXED(F10,2)&" руб. Похоже, в колонку D внесён текущий остаток, из которого оплаты уже вычтены: тогда те же оплаты учтутся дважды. В колонке D нужен долг НА ПЕРВЫЙ ДЕНЬ ПРОСРОЧКИ (файл 04, колонка H)","ок")))))))))))))
A11: 7 | G11: =IF(OR(B11="",NOT(ISNUMBER(D11))),"",D11-SUMIF(Оплаты!$D$6:$D$505,B11,Оплаты!$B$6:$B$505)) | H11: =IF(AND(B11="",C11="",D11="",E11="",F11=""),"",IF(B11="","БЛОК: нужен идентификатор акта — по нему распределяются оплаты",IF(COUNTIF($B$5:$B$16,B11)>1,"БЛОК: идентификатор акта повторяется — оплату нельзя отнести однозначно",IF(OR(NOT(ISNUMBER(D11)),D11<=0),"БЛОК: нужна сумма основного долга на первый день просрочки, больше нуля (файл 04, лист «Долг по актам», колонка H)",IF(NOT(ISNUMBER(E11)),"БЛОК: нужен первый день просрочки по этому акту",IF(NOT(ISNUMBER(Ввод!$B$4)),"БЛОК: на листе «Ввод» не введён последний день расчёта",IF(E11>Ввод!$B$4,"БЛОК: первый день просрочки позже последнего дня расчёта",IF(Ввод!$B$4-E11+1>3999,"БЛОК: от первого дня просрочки до последнего дня расчёта более 3999 дней — разбейте расчёт на части",IF(COUNT(Ввод!$A$12:$A$71)=0,"БЛОК: на листе «Ввод» не введена ставка",IF(MIN(Ввод!$D$12:$D$71)>E11,"БЛОК: нет ставки, действовавшей в первый день просрочки по этому акту",IF(N(G11)<0,"БЛОК: оплаты по этому акту больше долга на первый день просрочки",IF(NOT(ISNUMBER(F11)),"БЛОК: нужна сверочная сумма по этому акту из файла 04 (лист «Долг по актам», колонка J)",IF(ROUND(N(G11)-F11,2)<>0,"БЛОК: сверка не сходится. Долг на первый день просрочки минус оплаты по этому акту = "&FIXED(N(G11),2)&" руб., а по файлу 04 = "&FIXED(F11,2)&" руб. Похоже, в колонку D внесён текущий остаток, из которого оплаты уже вычтены: тогда те же оплаты учтутся дважды. В колонке D нужен долг НА ПЕРВЫЙ ДЕНЬ ПРОСРОЧКИ (файл 04, колонка H)","ок")))))))))))))
A12: 8 | G12: =IF(OR(B12="",NOT(ISNUMBER(D12))),"",D12-SUMIF(Оплаты!$D$6:$D$505,B12,Оплаты!$B$6:$B$505)) | H12: =IF(AND(B12="",C12="",D12="",E12="",F12=""),"",IF(B12="","БЛОК: нужен идентификатор акта — по нему распределяются оплаты",IF(COUNTIF($B$5:$B$16,B12)>1,"БЛОК: идентификатор акта повторяется — оплату нельзя отнести однозначно",IF(OR(NOT(ISNUMBER(D12)),D12<=0),"БЛОК: нужна сумма основного долга на первый день просрочки, больше нуля (файл 04, лист «Долг по актам», колонка H)",IF(NOT(ISNUMBER(E12)),"БЛОК: нужен первый день просрочки по этому акту",IF(NOT(ISNUMBER(Ввод!$B$4)),"БЛОК: на листе «Ввод» не введён последний день расчёта",IF(E12>Ввод!$B$4,"БЛОК: первый день просрочки позже последнего дня расчёта",IF(Ввод!$B$4-E12+1>3999,"БЛОК: от первого дня просрочки до последнего дня расчёта более 3999 дней — разбейте расчёт на части",IF(COUNT(Ввод!$A$12:$A$71)=0,"БЛОК: на листе «Ввод» не введена ставка",IF(MIN(Ввод!$D$12:$D$71)>E12,"БЛОК: нет ставки, действовавшей в первый день просрочки по этому акту",IF(N(G12)<0,"БЛОК: оплаты по этому акту больше долга на первый день просрочки",IF(NOT(ISNUMBER(F12)),"БЛОК: нужна сверочная сумма по этому акту из файла 04 (лист «Долг по актам», колонка J)",IF(ROUND(N(G12)-F12,2)<>0,"БЛОК: сверка не сходится. Долг на первый день просрочки минус оплаты по этому акту = "&FIXED(N(G12),2)&" руб., а по файлу 04 = "&FIXED(F12,2)&" руб. Похоже, в колонку D внесён текущий остаток, из которого оплаты уже вычтены: тогда те же оплаты учтутся дважды. В колонке D нужен долг НА ПЕРВЫЙ ДЕНЬ ПРОСРОЧКИ (файл 04, колонка H)","ок")))))))))))))
A13: 9 | G13: =IF(OR(B13="",NOT(ISNUMBER(D13))),"",D13-SUMIF(Оплаты!$D$6:$D$505,B13,Оплаты!$B$6:$B$505)) | H13: =IF(AND(B13="",C13="",D13="",E13="",F13=""),"",IF(B13="","БЛОК: нужен идентификатор акта — по нему распределяются оплаты",IF(COUNTIF($B$5:$B$16,B13)>1,"БЛОК: идентификатор акта повторяется — оплату нельзя отнести однозначно",IF(OR(NOT(ISNUMBER(D13)),D13<=0),"БЛОК: нужна сумма основного долга на первый день просрочки, больше нуля (файл 04, лист «Долг по актам», колонка H)",IF(NOT(ISNUMBER(E13)),"БЛОК: нужен первый день просрочки по этому акту",IF(NOT(ISNUMBER(Ввод!$B$4)),"БЛОК: на листе «Ввод» не введён последний день расчёта",IF(E13>Ввод!$B$4,"БЛОК: первый день просрочки позже последнего дня расчёта",IF(Ввод!$B$4-E13+1>3999,"БЛОК: от первого дня просрочки до последнего дня расчёта более 3999 дней — разбейте расчёт на части",IF(COUNT(Ввод!$A$12:$A$71)=0,"БЛОК: на листе «Ввод» не введена ставка",IF(MIN(Ввод!$D$12:$D$71)>E13,"БЛОК: нет ставки, действовавшей в первый день просрочки по этому акту",IF(N(G13)<0,"БЛОК: оплаты по этому акту больше долга на первый день просрочки",IF(NOT(ISNUMBER(F13)),"БЛОК: нужна сверочная сумма по этому акту из файла 04 (лист «Долг по актам», колонка J)",IF(ROUND(N(G13)-F13,2)<>0,"БЛОК: сверка не сходится. Долг на первый день просрочки минус оплаты по этому акту = "&FIXED(N(G13),2)&" руб., а по файлу 04 = "&FIXED(F13,2)&" руб. Похоже, в колонку D внесён текущий остаток, из которого оплаты уже вычтены: тогда те же оплаты учтутся дважды. В колонке D нужен долг НА ПЕРВЫЙ ДЕНЬ ПРОСРОЧКИ (файл 04, колонка H)","ок")))))))))))))
A14: 10 | G14: =IF(OR(B14="",NOT(ISNUMBER(D14))),"",D14-SUMIF(Оплаты!$D$6:$D$505,B14,Оплаты!$B$6:$B$505)) | H14: =IF(AND(B14="",C14="",D14="",E14="",F14=""),"",IF(B14="","БЛОК: нужен идентификатор акта — по нему распределяются оплаты",IF(COUNTIF($B$5:$B$16,B14)>1,"БЛОК: идентификатор акта повторяется — оплату нельзя отнести однозначно",IF(OR(NOT(ISNUMBER(D14)),D14<=0),"БЛОК: нужна сумма основного долга на первый день просрочки, больше нуля (файл 04, лист «Долг по актам», колонка H)",IF(NOT(ISNUMBER(E14)),"БЛОК: нужен первый день просрочки по этому акту",IF(NOT(ISNUMBER(Ввод!$B$4)),"БЛОК: на листе «Ввод» не введён последний день расчёта",IF(E14>Ввод!$B$4,"БЛОК: первый день просрочки позже последнего дня расчёта",IF(Ввод!$B$4-E14+1>3999,"БЛОК: от первого дня просрочки до последнего дня расчёта более 3999 дней — разбейте расчёт на части",IF(COUNT(Ввод!$A$12:$A$71)=0,"БЛОК: на листе «Ввод» не введена ставка",IF(MIN(Ввод!$D$12:$D$71)>E14,"БЛОК: нет ставки, действовавшей в первый день просрочки по этому акту",IF(N(G14)<0,"БЛОК: оплаты по этому акту больше долга на первый день просрочки",IF(NOT(ISNUMBER(F14)),"БЛОК: нужна сверочная сумма по этому акту из файла 04 (лист «Долг по актам», колонка J)",IF(ROUND(N(G14)-F14,2)<>0,"БЛОК: сверка не сходится. Долг на первый день просрочки минус оплаты по этому акту = "&FIXED(N(G14),2)&" руб., а по файлу 04 = "&FIXED(F14,2)&" руб. Похоже, в колонку D внесён текущий остаток, из которого оплаты уже вычтены: тогда те же оплаты учтутся дважды. В колонке D нужен долг НА ПЕРВЫЙ ДЕНЬ ПРОСРОЧКИ (файл 04, колонка H)","ок")))))))))))))
A15: 11 | G15: =IF(OR(B15="",NOT(ISNUMBER(D15))),"",D15-SUMIF(Оплаты!$D$6:$D$505,B15,Оплаты!$B$6:$B$505)) | H15: =IF(AND(B15="",C15="",D15="",E15="",F15=""),"",IF(B15="","БЛОК: нужен идентификатор акта — по нему распределяются оплаты",IF(COUNTIF($B$5:$B$16,B15)>1,"БЛОК: идентификатор акта повторяется — оплату нельзя отнести однозначно",IF(OR(NOT(ISNUMBER(D15)),D15<=0),"БЛОК: нужна сумма основного долга на первый день просрочки, больше нуля (файл 04, лист «Долг по актам», колонка H)",IF(NOT(ISNUMBER(E15)),"БЛОК: нужен первый день просрочки по этому акту",IF(NOT(ISNUMBER(Ввод!$B$4)),"БЛОК: на листе «Ввод» не введён последний день расчёта",IF(E15>Ввод!$B$4,"БЛОК: первый день просрочки позже последнего дня расчёта",IF(Ввод!$B$4-E15+1>3999,"БЛОК: от первого дня просрочки до последнего дня расчёта более 3999 дней — разбейте расчёт на части",IF(COUNT(Ввод!$A$12:$A$71)=0,"БЛОК: на листе «Ввод» не введена ставка",IF(MIN(Ввод!$D$12:$D$71)>E15,"БЛОК: нет ставки, действовавшей в первый день просрочки по этому акту",IF(N(G15)<0,"БЛОК: оплаты по этому акту больше долга на первый день просрочки",IF(NOT(ISNUMBER(F15)),"БЛОК: нужна сверочная сумма по этому акту из файла 04 (лист «Долг по актам», колонка J)",IF(ROUND(N(G15)-F15,2)<>0,"БЛОК: сверка не сходится. Долг на первый день просрочки минус оплаты по этому акту = "&FIXED(N(G15),2)&" руб., а по файлу 04 = "&FIXED(F15,2)&" руб. Похоже, в колонку D внесён текущий остаток, из которого оплаты уже вычтены: тогда те же оплаты учтутся дважды. В колонке D нужен долг НА ПЕРВЫЙ ДЕНЬ ПРОСРОЧКИ (файл 04, колонка H)","ок")))))))))))))
A16: 12 | G16: =IF(OR(B16="",NOT(ISNUMBER(D16))),"",D16-SUMIF(Оплаты!$D$6:$D$505,B16,Оплаты!$B$6:$B$505)) | H16: =IF(AND(B16="",C16="",D16="",E16="",F16=""),"",IF(B16="","БЛОК: нужен идентификатор акта — по нему распределяются оплаты",IF(COUNTIF($B$5:$B$16,B16)>1,"БЛОК: идентификатор акта повторяется — оплату нельзя отнести однозначно",IF(OR(NOT(ISNUMBER(D16)),D16<=0),"БЛОК: нужна сумма основного долга на первый день просрочки, больше нуля (файл 04, лист «Долг по актам», колонка H)",IF(NOT(ISNUMBER(E16)),"БЛОК: нужен первый день просрочки по этому акту",IF(NOT(ISNUMBER(Ввод!$B$4)),"БЛОК: на листе «Ввод» не введён последний день расчёта",IF(E16>Ввод!$B$4,"БЛОК: первый день просрочки позже последнего дня расчёта",IF(Ввод!$B$4-E16+1>3999,"БЛОК: от первого дня просрочки до последнего дня расчёта более 3999 дней — разбейте расчёт на части",IF(COUNT(Ввод!$A$12:$A$71)=0,"БЛОК: на листе «Ввод» не введена ставка",IF(MIN(Ввод!$D$12:$D$71)>E16,"БЛОК: нет ставки, действовавшей в первый день просрочки по этому акту",IF(N(G16)<0,"БЛОК: оплаты по этому акту больше долга на первый день просрочки",IF(NOT(ISNUMBER(F16)),"БЛОК: нужна сверочная сумма по этому акту из файла 04 (лист «Долг по актам», колонка J)",IF(ROUND(N(G16)-F16,2)<>0,"БЛОК: сверка не сходится. Долг на первый день просрочки минус оплаты по этому акту = "&FIXED(N(G16),2)&" руб., а по файлу 04 = "&FIXED(F16,2)&" руб. Похоже, в колонку D внесён текущий остаток, из которого оплаты уже вычтены: тогда те же оплаты учтутся дважды. В колонке D нужен долг НА ПЕРВЫЙ ДЕНЬ ПРОСРОЧКИ (файл 04, колонка H)","ок")))))))))))))

Sheet Ввод
A1: Исходные данные
A4: Последний день расчёта (включительно) | C4: Дата претензии или иска. Общая для всех актов.
A6: Суммы долга и даты начала просрочки — на листе «Акты»: у каждого акта они свои.
A8: Ставка — в процентах годовых: 21 означает 21 %. Не вводите долю (0,21).
F10: Периоды без начисления (если применимо)
A11: Ставка действует с | B11: Ставка, % годовых | C11: Проверка | D11: служ. | F11: С | G11: По (включительно) | H11: Проверка
C12: =IF(AND(A12="",B12=""),"",IF(OR(A12="",B12=""),"БЛОК: нужны и дата, и ставка",IF(OR(B12<=0,B12>100),"БЛОК: ставка вне 0–100",IF(B12<1,"БЛОК: похоже на долю — введите проценты","ок")))) | D12: =IF(A12="",2958465,A12) | H12: =IF(AND(F12="",G12=""),"",IF(OR(F12="",G12=""),"БЛОК: нужны обе даты",IF(G12<F12,"БЛОК: конец раньше начала","ок")))
C13: =IF(AND(A13="",B13=""),"",IF(OR(A13="",B13=""),"БЛОК: нужны и дата, и ставка",IF(OR(B13<=0,B13>100),"БЛОК: ставка вне 0–100",IF(B13<1,"БЛОК: похоже на долю — введите проценты",IF(OR(A12="",A13<=A12),"БЛОК: даты по возрастанию, без пустых строк","ок"))))) | D13: =IF(A13="",2958465,A13) | H13: =IF(AND(F13="",G13=""),"",IF(OR(F13="",G13=""),"БЛОК: нужны обе даты",IF(G13<F13,"БЛОК: конец раньше начала","ок")))
C14: =IF(AND(A14="",B14=""),"",IF(OR(A14="",B14=""),"БЛОК: нужны и дата, и ставка",IF(OR(B14<=0,B14>100),"БЛОК: ставка вне 0–100",IF(B14<1,"БЛОК: похоже на долю — введите проценты",IF(OR(A13="",A14<=A13),"БЛОК: даты по возрастанию, без пустых строк","ок"))))) | D14: =IF(A14="",2958465,A14) | H14: =IF(AND(F14="",G14=""),"",IF(OR(F14="",G14=""),"БЛОК: нужны обе даты",IF(G14<F14,"БЛОК: конец раньше начала","ок")))
C15: =IF(AND(A15="",B15=""),"",IF(OR(A15="",B15=""),"БЛОК: нужны и дата, и ставка",IF(OR(B15<=0,B15>100),"БЛОК: ставка вне 0–100",IF(B15<1,"БЛОК: похоже на долю — введите проценты",IF(OR(A14="",A15<=A14),"БЛОК: даты по возрастанию, без пустых строк","ок"))))) | D15: =IF(A15="",2958465,A15) | H15: =IF(AND(F15="",G15=""),"",IF(OR(F15="",G15=""),"БЛОК: нужны обе даты",IF(G15<F15,"БЛОК: конец раньше начала","ок")))
C16: =IF(AND(A16="",B16=""),"",IF(OR(A16="",B16=""),"БЛОК: нужны и дата, и ставка",IF(OR(B16<=0,B16>100),"БЛОК: ставка вне 0–100",IF(B16<1,"БЛОК: похоже на долю — введите проценты",IF(OR(A15="",A16<=A15),"БЛОК: даты по возрастанию, без пустых строк","ок"))))) | D16: =IF(A16="",2958465,A16) | H16: =IF(AND(F16="",G16=""),"",IF(OR(F16="",G16=""),"БЛОК: нужны обе даты",IF(G16<F16,"БЛОК: конец раньше начала","ок")))
C17: =IF(AND(A17="",B17=""),"",IF(OR(A17="",B17=""),"БЛОК: нужны и дата, и ставка",IF(OR(B17<=0,B17>100),"БЛОК: ставка вне 0–100",IF(B17<1,"БЛОК: похоже на долю — введите проценты",IF(OR(A16="",A17<=A16),"БЛОК: даты по возрастанию, без пустых строк","ок"))))) | D17: =IF(A17="",2958465,A17) | H17: =IF(AND(F17="",G17=""),"",IF(OR(F17="",G17=""),"БЛОК: нужны обе даты",IF(G17<F17,"БЛОК: конец раньше начала","ок")))
C18: =IF(AND(A18="",B18=""),"",IF(OR(A18="",B18=""),"БЛОК: нужны и дата, и ставка",IF(OR(B18<=0,B18>100),"БЛОК: ставка вне 0–100",IF(B18<1,"БЛОК: похоже на долю — введите проценты",IF(OR(A17="",A18<=A17),"БЛОК: даты по возрастанию, без пустых строк","ок"))))) | D18: =IF(A18="",2958465,A18) | H18: =IF(AND(F18="",G18=""),"",IF(OR(F18="",G18=""),"БЛОК: нужны обе даты",IF(G18<F18,"БЛОК: конец раньше начала","ок")))
C19: =IF(AND(A19="",B19=""),"",IF(OR(A19="",B19=""),"БЛОК: нужны и дата, и ставка",IF(OR(B19<=0,B19>100),"БЛОК: ставка вне 0–100",IF(B19<1,"БЛОК: похоже на долю — введите проценты",IF(OR(A18="",A19<=A18),"БЛОК: даты по возрастанию, без пустых строк","ок"))))) | D19: =IF(A19="",2958465,A19) | H19: =IF(AND(F19="",G19=""),"",IF(OR(F19="",G19=""),"БЛОК: нужны обе даты",IF(G19<F19,"БЛОК: конец раньше начала","ок")))
C20: =IF(AND(A20="",B20=""),"",IF(OR(A20="",B20=""),"БЛОК: нужны и дата, и ставка",IF(OR(B20<=0,B20>100),"БЛОК: ставка вне 0–100",IF(B20<1,"БЛОК: похоже на долю — введите проценты",IF(OR(A19="",A20<=A19),"БЛОК: даты по возрастанию, без пустых строк","ок"))))) | D20: =IF(A20="",2958465,A20) | H20: =IF(AND(F20="",G20=""),"",IF(OR(F20="",G20=""),"БЛОК: нужны обе даты",IF(G20<F20,"БЛОК: конец раньше начала","ок")))
C21: =IF(AND(A21="",B21=""),"",IF(OR(A21="",B21=""),"БЛОК: нужны и дата, и ставка",IF(OR(B21<=0,B21>100),"БЛОК: ставка вне 0–100",IF(B21<1,"БЛОК: похоже на долю — введите проценты",IF(OR(A20="",A21<=A20),"БЛОК: даты по возрастанию, без пустых строк","ок"))))) | D21: =IF(A21="",2958465,A21) | H21: =IF(AND(F21="",G21=""),"",IF(OR(F21="",G21=""),"БЛОК: нужны обе даты",IF(G21<F21,"БЛОК: конец раньше начала","ок")))
C22: =IF(AND(A22="",B22=""),"",IF(OR(A22="",B22=""),"БЛОК: нужны и дата, и ставка",IF(OR(B22<=0,B22>100),"БЛОК: ставка вне 0–100",IF(B22<1,"БЛОК: похоже на долю — введите проценты",IF(OR(A21="",A22<=A21),"БЛОК: даты по возрастанию, без пустых строк","ок"))))) | D22: =IF(A22="",2958465,A22) | H22: =IF(AND(F22="",G22=""),"",IF(OR(F22="",G22=""),"БЛОК: нужны обе даты",IF(G22<F22,"БЛОК: конец раньше начала","ок")))
C23: =IF(AND(A23="",B23=""),"",IF(OR(A23="",B23=""),"БЛОК: нужны и дата, и ставка",IF(OR(B23<=0,B23>100),"БЛОК: ставка вне 0–100",IF(B23<1,"БЛОК: похоже на долю — введите проценты",IF(OR(A22="",A23<=A22),"БЛОК: даты по возрастанию, без пустых строк","ок"))))) | D23: =IF(A23="",2958465,A23) | H23: =IF(AND(F23="",G23=""),"",IF(OR(F23="",G23=""),"БЛОК: нужны обе даты",IF(G23<F23,"БЛОК: конец раньше начала","ок")))
C24: =IF(AND(A24="",B24=""),"",IF(OR(A24="",B24=""),"БЛОК: нужны и дата, и ставка",IF(OR(B24<=0,B24>100),"БЛОК: ставка вне 0–100",IF(B24<1,"БЛОК: похоже на долю — введите проценты",IF(OR(A23="",A24<=A23),"БЛОК: даты по возрастанию, без пустых строк","ок"))))) | D24: =IF(A24="",2958465,A24) | H24: =IF(AND(F24="",G24=""),"",IF(OR(F24="",G24=""),"БЛОК: нужны обе даты",IF(G24<F24,"БЛОК: конец раньше начала","ок")))
... C31: =IF(AND(A31="",B31=""),"",IF(OR(A31="",B31=""),"БЛОК: нужны и дата, и ставка",IF(OR(B31<=0,B31>100),"БЛОК: ставка вне 0–100",IF(B31<1,"БЛОК: похоже на долю — введите проценты",IF(OR(A30="",A31<=A30),"БЛОК: даты по возрастанию, без пустых строк","ок"))))) | D31: =IF(A31="",2958465,A31) | H31: =IF(AND(F31="",G31=""),"",IF(OR(F31="",G31=""),"БЛОК: нужны обе даты",IF(G31<F31,"БЛОК: конец раньше начала","ок")))
C32: =IF(AND(A32="",B32=""),"",IF(OR(A32="",B32=""),"БЛОК: нужны и дата, и ставка",IF(OR(B32<=0,B32>100),"БЛОК: ставка вне 0–100",IF(B32<1,"БЛОК: похоже на долю — введите проценты",IF(OR(A31="",A32<=A31),"БЛОК: даты по возрастанию, без пустых строк","ок"))))) | D32: =IF(A32="",2958465,A32)
C33: =IF(AND(A33="",B33=""),"",IF(OR(A33="",B33=""),"БЛОК: нужны и дата, и ставка",IF(OR(B33<=0,B33>100),"БЛОК: ставка вне 0–100",IF(B33<1,"БЛОК: похоже на долю — введите проценты",IF(OR(A32="",A33<=A32),"БЛОК: даты по возрастанию, без пустых строк","ок"))))) | D33: =IF(A33="",2958465,A33)
C34: =IF(AND(A34="",B34=""),"",IF(OR(A34="",B34=""),"БЛОК: нужны и дата, и ставка",IF(OR(B34<=0,B34>100),"БЛОК: ставка вне 0–100",IF(B34<1,"БЛОК: похоже на долю — введите проценты",IF(OR(A33="",A34<=A33),"БЛОК: даты по возрастанию, без пустых строк","ок"))))) | D34: =IF(A34="",2958465,A34)
C35: =IF(AND(A35="",B35=""),"",IF(OR(A35="",B35=""),"БЛОК: нужны и дата, и ставка",IF(OR(B35<=0,B35>100),"БЛОК: ставка вне 0–100",IF(B35<1,"БЛОК: похоже на долю — введите проценты",IF(OR(A34="",A35<=A34),"БЛОК: даты по возрастанию, без пустых строк","ок"))))) | D35: =IF(A35="",2958465,A35)
C36: =IF(AND(A36="",B36=""),"",IF(OR(A36="",B36=""),"БЛОК: нужны и дата, и ставка",IF(OR(B36<=0,B36>100),"БЛОК: ставка вне 0–100",IF(B36<1,"БЛОК: похоже на долю — введите проценты",IF(OR(A35="",A36<=A35),"БЛОК: даты по возрастанию, без пустых строк","ок"))))) | D36: =IF(A36="",2958465,A36)
C37: =IF(AND(A37="",B37=""),"",IF(OR(A37="",B37=""),"БЛОК: нужны и дата, и ставка",IF(OR(B37<=0,B37>100),"БЛОК: ставка вне 0–100",IF(B37<1,"БЛОК: похоже на долю — введите проценты",IF(OR(A36="",A37<=A36),"БЛОК: даты по возрастанию, без пустых строк","ок"))))) | D37: =IF(A37="",2958465,A37)
C38: =IF(AND(A38="",B38=""),"",IF(OR(A38="",B38=""),"БЛОК: нужны и дата, и ставка",IF(OR(B38<=0,B38>100),"БЛОК: ставка вне 0–100",IF(B38<1,"БЛОК: похоже на долю — введите проценты",IF(OR(A37="",A38<=A37),"БЛОК: даты по возрастанию, без пустых строк","ок"))))) | D38: =IF(A38="",2958465,A38)
C39: =IF(AND(A39="",B39=""),"",IF(OR(A39="",B39=""),"БЛОК: нужны и дата, и ставка",IF(OR(B39<=0,B39>100),"БЛОК: ставка вне 0–100",IF(B39<1,"БЛОК: похоже на долю — введите проценты",IF(OR(A38="",A39<=A38),"БЛОК: даты по возрастанию, без пустых строк","ок"))))) | D39: =IF(A39="",2958465,A39)
C40: =IF(AND(A40="",B40=""),"",IF(OR(A40="",B40=""),"БЛОК: нужны и дата, и ставка",IF(OR(B40<=0,B40>100),"БЛОК: ставка вне 0–100",IF(B40<1,"БЛОК: похоже на долю — введите проценты",IF(OR(A39="",A40<=A39),"БЛОК: даты по возрастанию, без пустых строк","ок"))))) | D40: =IF(A40="",2958465,A40)
C41: =IF(AND(A41="",B41=""),"",IF(OR(A41="",B41=""),"БЛОК: нужны и дата, и ставка",IF(OR(B41<=0,B41>100),"БЛОК: ставка вне 0–100",IF(B41<1,"БЛОК: похоже на долю — введите проценты",IF(OR(A40="",A41<=A40),"БЛОК: даты по возрастанию, без пустых строк","ок"))))) | D41: =IF(A41="",2958465,A41)
C42: =IF(AND(A42="",B42=""),"",IF(OR(A42="",B42=""),"БЛОК: нужны и дата, и ставка",IF(OR(B42<=0,B42>100),"БЛОК: ставка вне 0–100",IF(B42<1,"БЛОК: похоже на долю — введите проценты",IF(OR(A41="",A42<=A41),"БЛОК: даты по возрастанию, без пустых строк","ок"))))) | D42: =IF(A42="",2958465,A42)
C43: =IF(AND(A43="",B43=""),"",IF(OR(A43="",B43=""),"БЛОК: нужны и дата, и ставка",IF(OR(B43<=0,B43>100),"БЛОК: ставка вне 0–100",IF(B43<1,"БЛОК: похоже на долю — введите проценты",IF(OR(A42="",A43<=A42),"БЛОК: даты по возрастанию, без пустых строк","ок"))))) | D43: =IF(A43="",2958465,A43)
... C71: =IF(AND(A71="",B71=""),"",IF(OR(A71="",B71=""),"БЛОК: нужны и дата, и ставка",IF(OR(B71<=0,B71>100),"БЛОК: ставка вне 0–100",IF(B71<1,"БЛОК: похоже на долю — введите проценты",IF(OR(A70="",A71<=A70),"БЛОК: даты по возрастанию, без пустых строк","ок"))))) | D71: =IF(A71="",2958465,A71)

Sheet Оплаты
A1: Оплаты, поступившие в первый день просрочки или позже
A2: Оплата, поступившая в день D, уменьшает долг по своему акту со следующего дня. Каждая оплата относится к одному акту с листа «Акты»: платёж без акта блокирует расчёт — распределите его документально. Оплаты, поступившие до первого дня просрочки по акту, сюда не вносятся: они уже вычтены в долге на первый день просрочки (файл 04, лист «Долг по актам»). Порядок строк любой. Вместимость — 500 оплат; строка ниже таблицы блокирует итог.
A3: Сумма оплат | B3: =SUM(B6:B505)
A5: Дата оплаты | B5: Сумма, руб. | C5: Документ (п/п №, дата) | D5: Акт (идентификатор, как на листе «Акты») | E5: Проверка
E6: =IF(AND(A6="",B6="",C6="",D6=""),"",IF(OR(A6="",B6=""),"БЛОК: нужны и дата, и сумма",IF(B6<=0,"БЛОК: сумма должна быть больше нуля",IF(D6="","БЛОК: не указан акт — платёж не отнесён к конкретному акту. Требуется распределить платёж документально (назначение платежа, соглашение, письмо) и указать акт: система не назначает очередность зачёта за вас",IF(COUNTIF(Акты!$B$5:$B$16,D6)=0,"БЛОК: такого акта нет на листе «Акты» — добавьте акт или исправьте идентификатор",IF(NOT(ISNUMBER(INDEX(Акты!$E$5:$E$16,MATCH(D6,Акты!$B$5:$B$16,0)))),"БЛОК: у этого акта на листе «Акты» не указан первый день просрочки",IF(A6<INDEX(Акты!$E$5:$E$16,MATCH(D6,Акты!$B$5:$B$16,0)),"БЛОК: оплата раньше первого дня просрочки по этому акту — она должна быть уже вычтена в долге на первый день просрочки (файл 04), а не внесена сюда",IF(A6>Ввод!$B$4,"БЛОК: оплата после последнего дня расчёта — продлите расчёт или уберите строку","ок"))))))))
E7: =IF(AND(A7="",B7="",C7="",D7=""),"",IF(OR(A7="",B7=""),"БЛОК: нужны и дата, и сумма",IF(B7<=0,"БЛОК: сумма должна быть больше нуля",IF(D7="","БЛОК: не указан акт — платёж не отнесён к конкретному акту. Требуется распределить платёж документально (назначение платежа, соглашение, письмо) и указать акт: система не назначает очередность зачёта за вас",IF(COUNTIF(Акты!$B$5:$B$16,D7)=0,"БЛОК: такого акта нет на листе «Акты» — добавьте акт или исправьте идентификатор",IF(NOT(ISNUMBER(INDEX(Акты!$E$5:$E$16,MATCH(D7,Акты!$B$5:$B$16,0)))),"БЛОК: у этого акта на листе «Акты» не указан первый день просрочки",IF(A7<INDEX(Акты!$E$5:$E$16,MATCH(D7,Акты!$B$5:$B$16,0)),"БЛОК: оплата раньше первого дня просрочки по этому акту — она должна быть уже вычтена в долге на первый день просрочки (файл 04), а не внесена сюда",IF(A7>Ввод!$B$4,"БЛОК: оплата после последнего дня расчёта — продлите расчёт или уберите строку","ок"))))))))
E8: =IF(AND(A8="",B8="",C8="",D8=""),"",IF(OR(A8="",B8=""),"БЛОК: нужны и дата, и сумма",IF(B8<=0,"БЛОК: сумма должна быть больше нуля",IF(D8="","БЛОК: не указан акт — платёж не отнесён к конкретному акту. Требуется распределить платёж документально (назначение платежа, соглашение, письмо) и указать акт: система не назначает очередность зачёта за вас",IF(COUNTIF(Акты!$B$5:$B$16,D8)=0,"БЛОК: такого акта нет на листе «Акты» — добавьте акт или исправьте идентификатор",IF(NOT(ISNUMBER(INDEX(Акты!$E$5:$E$16,MATCH(D8,Акты!$B$5:$B$16,0)))),"БЛОК: у этого акта на листе «Акты» не указан первый день просрочки",IF(A8<INDEX(Акты!$E$5:$E$16,MATCH(D8,Акты!$B$5:$B$16,0)),"БЛОК: оплата раньше первого дня просрочки по этому акту — она должна быть уже вычтена в долге на первый день просрочки (файл 04), а не внесена сюда",IF(A8>Ввод!$B$4,"БЛОК: оплата после последнего дня расчёта — продлите расчёт или уберите строку","ок"))))))))
E9: =IF(AND(A9="",B9="",C9="",D9=""),"",IF(OR(A9="",B9=""),"БЛОК: нужны и дата, и сумма",IF(B9<=0,"БЛОК: сумма должна быть больше нуля",IF(D9="","БЛОК: не указан акт — платёж не отнесён к конкретному акту. Требуется распределить платёж документально (назначение платежа, соглашение, письмо) и указать акт: система не назначает очередность зачёта за вас",IF(COUNTIF(Акты!$B$5:$B$16,D9)=0,"БЛОК: такого акта нет на листе «Акты» — добавьте акт или исправьте идентификатор",IF(NOT(ISNUMBER(INDEX(Акты!$E$5:$E$16,MATCH(D9,Акты!$B$5:$B$16,0)))),"БЛОК: у этого акта на листе «Акты» не указан первый день просрочки",IF(A9<INDEX(Акты!$E$5:$E$16,MATCH(D9,Акты!$B$5:$B$16,0)),"БЛОК: оплата раньше первого дня просрочки по этому акту — она должна быть уже вычтена в долге на первый день просрочки (файл 04), а не внесена сюда",IF(A9>Ввод!$B$4,"БЛОК: оплата после последнего дня расчёта — продлите расчёт или уберите строку","ок"))))))))
E10: =IF(AND(A10="",B10="",C10="",D10=""),"",IF(OR(A10="",B10=""),"БЛОК: нужны и дата, и сумма",IF(B10<=0,"БЛОК: сумма должна быть больше нуля",IF(D10="","БЛОК: не указан акт — платёж не отнесён к конкретному акту. Требуется распределить платёж документально (назначение платежа, соглашение, письмо) и указать акт: система не назначает очередность зачёта за вас",IF(COUNTIF(Акты!$B$5:$B$16,D10)=0,"БЛОК: такого акта нет на листе «Акты» — добавьте акт или исправьте идентификатор",IF(NOT(ISNUMBER(INDEX(Акты!$E$5:$E$16,MATCH(D10,Акты!$B$5:$B$16,0)))),"БЛОК: у этого акта на листе «Акты» не указан первый день просрочки",IF(A10<INDEX(Акты!$E$5:$E$16,MATCH(D10,Акты!$B$5:$B$16,0)),"БЛОК: оплата раньше первого дня просрочки по этому акту — она должна быть уже вычтена в долге на первый день просрочки (файл 04), а не внесена сюда",IF(A10>Ввод!$B$4,"БЛОК: оплата после последнего дня расчёта — продлите расчёт или уберите строку","ок"))))))))
E11: =IF(AND(A11="",B11="",C11="",D11=""),"",IF(OR(A11="",B11=""),"БЛОК: нужны и дата, и сумма",IF(B11<=0,"БЛОК: сумма должна быть больше нуля",IF(D11="","БЛОК: не указан акт — платёж не отнесён к конкретному акту. Требуется распределить платёж документально (назначение платежа, соглашение, письмо) и указать акт: система не назначает очередность зачёта за вас",IF(COUNTIF(Акты!$B$5:$B$16,D11)=0,"БЛОК: такого акта нет на листе «Акты» — добавьте акт или исправьте идентификатор",IF(NOT(ISNUMBER(INDEX(Акты!$E$5:$E$16,MATCH(D11,Акты!$B$5:$B$16,0)))),"БЛОК: у этого акта на листе «Акты» не указан первый день просрочки",IF(A11<INDEX(Акты!$E$5:$E$16,MATCH(D11,Акты!$B$5:$B$16,0)),"БЛОК: оплата раньше первого дня просрочки по этому акту — она должна быть уже вычтена в долге на первый день просрочки (файл 04), а не внесена сюда",IF(A11>Ввод!$B$4,"БЛОК: оплата после последнего дня расчёта — продлите расчёт или уберите строку","ок"))))))))
E12: =IF(AND(A12="",B12="",C12="",D12=""),"",IF(OR(A12="",B12=""),"БЛОК: нужны и дата, и сумма",IF(B12<=0,"БЛОК: сумма должна быть больше нуля",IF(D12="","БЛОК: не указан акт — платёж не отнесён к конкретному акту. Требуется распределить платёж документально (назначение платежа, соглашение, письмо) и указать акт: система не назначает очередность зачёта за вас",IF(COUNTIF(Акты!$B$5:$B$16,D12)=0,"БЛОК: такого акта нет на листе «Акты» — добавьте акт или исправьте идентификатор",IF(NOT(ISNUMBER(INDEX(Акты!$E$5:$E$16,MATCH(D12,Акты!$B$5:$B$16,0)))),"БЛОК: у этого акта на листе «Акты» не указан первый день просрочки",IF(A12<INDEX(Акты!$E$5:$E$16,MATCH(D12,Акты!$B$5:$B$16,0)),"БЛОК: оплата раньше первого дня просрочки по этому акту — она должна быть уже вычтена в долге на первый день просрочки (файл 04), а не внесена сюда",IF(A12>Ввод!$B$4,"БЛОК: оплата после последнего дня расчёта — продлите расчёт или уберите строку","ок"))))))))
E13: =IF(AND(A13="",B13="",C13="",D13=""),"",IF(OR(A13="",B13=""),"БЛОК: нужны и дата, и сумма",IF(B13<=0,"БЛОК: сумма должна быть больше нуля",IF(D13="","БЛОК: не указан акт — платёж не отнесён к конкретному акту. Требуется распределить платёж документально (назначение платежа, соглашение, письмо) и указать акт: система не назначает очередность зачёта за вас",IF(COUNTIF(Акты!$B$5:$B$16,D13)=0,"БЛОК: такого акта нет на листе «Акты» — добавьте акт или исправьте идентификатор",IF(NOT(ISNUMBER(INDEX(Акты!$E$5:$E$16,MATCH(D13,Акты!$B$5:$B$16,0)))),"БЛОК: у этого акта на листе «Акты» не указан первый день просрочки",IF(A13<INDEX(Акты!$E$5:$E$16,MATCH(D13,Акты!$B$5:$B$16,0)),"БЛОК: оплата раньше первого дня просрочки по этому акту — она должна быть уже вычтена в долге на первый день просрочки (файл 04), а не внесена сюда",IF(A13>Ввод!$B$4,"БЛОК: оплата после последнего дня расчёта — продлите расчёт или уберите строку","ок"))))))))
E14: =IF(AND(A14="",B14="",C14="",D14=""),"",IF(OR(A14="",B14=""),"БЛОК: нужны и дата, и сумма",IF(B14<=0,"БЛОК: сумма должна быть больше нуля",IF(D14="","БЛОК: не указан акт — платёж не отнесён к конкретному акту. Требуется распределить платёж документально (назначение платежа, соглашение, письмо) и указать акт: система не назначает очередность зачёта за вас",IF(COUNTIF(Акты!$B$5:$B$16,D14)=0,"БЛОК: такого акта нет на листе «Акты» — добавьте акт или исправьте идентификатор",IF(NOT(ISNUMBER(INDEX(Акты!$E$5:$E$16,MATCH(D14,Акты!$B$5:$B$16,0)))),"БЛОК: у этого акта на листе «Акты» не указан первый день просрочки",IF(A14<INDEX(Акты!$E$5:$E$16,MATCH(D14,Акты!$B$5:$B$16,0)),"БЛОК: оплата раньше первого дня просрочки по этому акту — она должна быть уже вычтена в долге на первый день просрочки (файл 04), а не внесена сюда",IF(A14>Ввод!$B$4,"БЛОК: оплата после последнего дня расчёта — продлите расчёт или уберите строку","ок"))))))))
E15: =IF(AND(A15="",B15="",C15="",D15=""),"",IF(OR(A15="",B15=""),"БЛОК: нужны и дата, и сумма",IF(B15<=0,"БЛОК: сумма должна быть больше нуля",IF(D15="","БЛОК: не указан акт — платёж не отнесён к конкретному акту. Требуется распределить платёж документально (назначение платежа, соглашение, письмо) и указать акт: система не назначает очередность зачёта за вас",IF(COUNTIF(Акты!$B$5:$B$16,D15)=0,"БЛОК: такого акта нет на листе «Акты» — добавьте акт или исправьте идентификатор",IF(NOT(ISNUMBER(INDEX(Акты!$E$5:$E$16,MATCH(D15,Акты!$B$5:$B$16,0)))),"БЛОК: у этого акта на листе «Акты» не указан первый день просрочки",IF(A15<INDEX(Акты!$E$5:$E$16,MATCH(D15,Акты!$B$5:$B$16,0)),"БЛОК: оплата раньше первого дня просрочки по этому акту — она должна быть уже вычтена в долге на первый день просрочки (файл 04), а не внесена сюда",IF(A15>Ввод!$B$4,"БЛОК: оплата после последнего дня расчёта — продлите расчёт или уберите строку","ок"))))))))
E16: =IF(AND(A16="",B16="",C16="",D16=""),"",IF(OR(A16="",B16=""),"БЛОК: нужны и дата, и сумма",IF(B16<=0,"БЛОК: сумма должна быть больше нуля",IF(D16="","БЛОК: не указан акт — платёж не отнесён к конкретному акту. Требуется распределить платёж документально (назначение платежа, соглашение, письмо) и указать акт: система не назначает очередность зачёта за вас",IF(COUNTIF(Акты!$B$5:$B$16,D16)=0,"БЛОК: такого акта нет на листе «Акты» — добавьте акт или исправьте идентификатор",IF(NOT(ISNUMBER(INDEX(Акты!$E$5:$E$16,MATCH(D16,Акты!$B$5:$B$16,0)))),"БЛОК: у этого акта на листе «Акты» не указан первый день просрочки",IF(A16<INDEX(Акты!$E$5:$E$16,MATCH(D16,Акты!$B$5:$B$16,0)),"БЛОК: оплата раньше первого дня просрочки по этому акту — она должна быть уже вычтена в долге на первый день просрочки (файл 04), а не внесена сюда",IF(A16>Ввод!$B$4,"БЛОК: оплата после последнего дня расчёта — продлите расчёт или уберите строку","ок"))))))))
E17: =IF(AND(A17="",B17="",C17="",D17=""),"",IF(OR(A17="",B17=""),"БЛОК: нужны и дата, и сумма",IF(B17<=0,"БЛОК: сумма должна быть больше нуля",IF(D17="","БЛОК: не указан акт — платёж не отнесён к конкретному акту. Требуется распределить платёж документально (назначение платежа, соглашение, письмо) и указать акт: система не назначает очередность зачёта за вас",IF(COUNTIF(Акты!$B$5:$B$16,D17)=0,"БЛОК: такого акта нет на листе «Акты» — добавьте акт или исправьте идентификатор",IF(NOT(ISNUMBER(INDEX(Акты!$E$5:$E$16,MATCH(D17,Акты!$B$5:$B$16,0)))),"БЛОК: у этого акта на листе «Акты» не указан первый день просрочки",IF(A17<INDEX(Акты!$E$5:$E$16,MATCH(D17,Акты!$B$5:$B$16,0)),"БЛОК: оплата раньше первого дня просрочки по этому акту — она должна быть уже вычтена в долге на первый день просрочки (файл 04), а не внесена сюда",IF(A17>Ввод!$B$4,"БЛОК: оплата после последнего дня расчёта — продлите расчёт или уберите строку","ок"))))))))
... E505: =IF(AND(A505="",B505="",C505="",D505=""),"",IF(OR(A505="",B505=""),"БЛОК: нужны и дата, и сумма",IF(B505<=0,"БЛОК: сумма должна быть больше нуля",IF(D505="","БЛОК: не указан акт — платёж не отнесён к конкретному акту. Требуется распределить платёж документально (назначение платежа, соглашение, письмо) и указать акт: система не назначает очередность зачёта за вас",IF(COUNTIF(Акты!$B$5:$B$16,D505)=0,"БЛОК: такого акта нет на листе «Акты» — добавьте акт или исправьте идентификатор",IF(NOT(ISNUMBER(INDEX(Акты!$E$5:$E$16,MATCH(D505,Акты!$B$5:$B$16,0)))),"БЛОК: у этого акта на листе «Акты» не указан первый день просрочки",IF(A505<INDEX(Акты!$E$5:$E$16,MATCH(D505,Акты!$B$5:$B$16,0)),"БЛОК: оплата раньше первого дня просрочки по этому акту — она должна быть уже вычтена в долге на первый день просрочки (файл 04), а не внесена сюда",IF(A505>Ввод!$B$4,"БЛОК: оплата после последнего дня расчёта — продлите расчёт или уберите строку","ок"))))))))

Sheet Расчёт
A1: Расчёт процентов по ст. 395 ГК РФ
A2: Статус | D2: =Проверки!C19
A3: Проценты итого, руб. | D3: =IF(D2="ГОТОВ",SUM(P7:P18),"РАСЧЁТ НЕ ВЫПОЛНЕН — см. лист «Проверки»")
A4: Долг на последний день расчёта, руб. | D4: =IF(D2="ГОТОВ",SUM(Акты!G5:G16),"")
A5: Каждый акт считается отдельно. Строка — отрезок, на котором долг акта не меняется; её проценты — сумма по периодам ставки, каждый округлён до копейки. Итог по акту — сумма его строк, «Проценты итого» — сумма итогов по актам (свод справа). | M5: Свод по актам: итог — сумма строк
A6: № | B6: Акт | C6: С | D6: По | E6: Дней | F6: Долг акта, руб. | G6: Ставка, % | H6: Периодов ставки | I6: Проценты, руб. | J6: Оплата по акту в последний день, руб. | K6: служ. | L6: служ. | M6: Акт | N6: Первый день просрочки | O6: Долг на первый день просрочки, руб. | P6: Проценты по акту, руб. | Q6: Остаток на последний день, руб.
A7: =IF(K7="","",1) | B7: =IF(K7="","",INDEX(Интервалы!$A$2:$A$513,MATCH(K7,Интервалы!$G$2:$G$513,0))) | C7: =IF(K7="","",INDEX(Интервалы!$C$2:$C$513,MATCH(K7,Интервалы!$G$2:$G$513,0))) | D7: =IF(K7="","",INDEX(Интервалы!$D$2:$D$513,MATCH(K7,Интервалы!$G$2:$G$513,0))) | E7: =IF(K7="","",D7-C7+1) | F7: =IF(K7="","",INDEX(Интервалы!$E$2:$E$513,MATCH(K7,Интервалы!$G$2:$G$513,0))) | G7: =IF(K7="","",IF(H7=1,INDEX('По дням'!$B$2:$B$4000,MATCH(C7,'По дням'!$A$2:$A$4000,0)),"по периодам ставки")) | H7: =IF(K7="","",INDEX(Интервалы!$I$2:$I$513,MATCH(K7,Интервалы!$G$2:$G$513,0))) | I7: =IF(K7="","",INDEX(Интервалы!$F$2:$F$513,MATCH(K7,Интервалы!$G$2:$G$513,0))) | J7: =IF(K7="","",INDEX(Интервалы!$H$2:$H$513,MATCH(K7,Интервалы!$G$2:$G$513,0))) | K7: =IFERROR(SMALL(Интервалы!$G$2:$G$513,1),"") | L7: =IF(K7="","",INDEX(Интервалы!$B$2:$B$513,MATCH(K7,Интервалы!$G$2:$G$513,0))) | M7: =IF(Акты!$B$5="","",Акты!$B$5) | N7: =IF(M7="","",Акты!$E$5) | O7: =IF(M7="","",Акты!$D$5) | P7: =IF(M7="","",SUMIF($L$7:$L$518,1,$I$7:$I$518)) | Q7: =IF(M7="","",Акты!$G$5)
A8: =IF(K8="","",2) | B8: =IF(K8="","",INDEX(Интервалы!$A$2:$A$513,MATCH(K8,Интервалы!$G$2:$G$513,0))) | C8: =IF(K8="","",INDEX(Интервалы!$C$2:$C$513,MATCH(K8,Интервалы!$G$2:$G$513,0))) | D8: =IF(K8="","",INDEX(Интервалы!$D$2:$D$513,MATCH(K8,Интервалы!$G$2:$G$513,0))) | E8: =IF(K8="","",D8-C8+1) | F8: =IF(K8="","",INDEX(Интервалы!$E$2:$E$513,MATCH(K8,Интервалы!$G$2:$G$513,0))) | G8: =IF(K8="","",IF(H8=1,INDEX('По дням'!$B$2:$B$4000,MATCH(C8,'По дням'!$A$2:$A$4000,0)),"по периодам ставки")) | H8: =IF(K8="","",INDEX(Интервалы!$I$2:$I$513,MATCH(K8,Интервалы!$G$2:$G$513,0))) | I8: =IF(K8="","",INDEX(Интервалы!$F$2:$F$513,MATCH(K8,Интервалы!$G$2:$G$513,0))) | J8: =IF(K8="","",INDEX(Интервалы!$H$2:$H$513,MATCH(K8,Интервалы!$G$2:$G$513,0))) | K8: =IFERROR(SMALL(Интервалы!$G$2:$G$513,2),"") | L8: =IF(K8="","",INDEX(Интервалы!$B$2:$B$513,MATCH(K8,Интервалы!$G$2:$G$513,0))) | M8: =IF(Акты!$B$6="","",Акты!$B$6) | N8: =IF(M8="","",Акты!$E$6) | O8: =IF(M8="","",Акты!$D$6) | P8: =IF(M8="","",SUMIF($L$7:$L$518,2,$I$7:$I$518)) | Q8: =IF(M8="","",Акты!$G$6)
A9: =IF(K9="","",3) | B9: =IF(K9="","",INDEX(Интервалы!$A$2:$A$513,MATCH(K9,Интервалы!$G$2:$G$513,0))) | C9: =IF(K9="","",INDEX(Интервалы!$C$2:$C$513,MATCH(K9,Интервалы!$G$2:$G$513,0))) | D9: =IF(K9="","",INDEX(Интервалы!$D$2:$D$513,MATCH(K9,Интервалы!$G$2:$G$513,0))) | E9: =IF(K9="","",D9-C9+1) | F9: =IF(K9="","",INDEX(Интервалы!$E$2:$E$513,MATCH(K9,Интервалы!$G$2:$G$513,0))) | G9: =IF(K9="","",IF(H9=1,INDEX('По дням'!$B$2:$B$4000,MATCH(C9,'По дням'!$A$2:$A$4000,0)),"по периодам ставки")) | H9: =IF(K9="","",INDEX(Интервалы!$I$2:$I$513,MATCH(K9,Интервалы!$G$2:$G$513,0))) | I9: =IF(K9="","",INDEX(Интервалы!$F$2:$F$513,MATCH(K9,Интервалы!$G$2:$G$513,0))) | J9: =IF(K9="","",INDEX(Интервалы!$H$2:$H$513,MATCH(K9,Интервалы!$G$2:$G$513,0))) | K9: =IFERROR(SMALL(Интервалы!$G$2:$G$513,3),"") | L9: =IF(K9="","",INDEX(Интервалы!$B$2:$B$513,MATCH(K9,Интервалы!$G$2:$G$513,0))) | M9: =IF(Акты!$B$7="","",Акты!$B$7) | N9: =IF(M9="","",Акты!$E$7) | O9: =IF(M9="","",Акты!$D$7) | P9: =IF(M9="","",SUMIF($L$7:$L$518,3,$I$7:$I$518)) | Q9: =IF(M9="","",Акты!$G$7)
A10: =IF(K10="","",4) | B10: =IF(K10="","",INDEX(Интервалы!$A$2:$A$513,MATCH(K10,Интервалы!$G$2:$G$513,0))) | C10: =IF(K10="","",INDEX(Интервалы!$C$2:$C$513,MATCH(K10,Интервалы!$G$2:$G$513,0))) | D10: =IF(K10="","",INDEX(Интервалы!$D$2:$D$513,MATCH(K10,Интервалы!$G$2:$G$513,0))) | E10: =IF(K10="","",D10-C10+1) | F10: =IF(K10="","",INDEX(Интервалы!$E$2:$E$513,MATCH(K10,Интервалы!$G$2:$G$513,0))) | G10: =IF(K10="","",IF(H10=1,INDEX('По дням'!$B$2:$B$4000,MATCH(C10,'По дням'!$A$2:$A$4000,0)),"по периодам ставки")) | H10: =IF(K10="","",INDEX(Интервалы!$I$2:$I$513,MATCH(K10,Интервалы!$G$2:$G$513,0))) | I10: =IF(K10="","",INDEX(Интервалы!$F$2:$F$513,MATCH(K10,Интервалы!$G$2:$G$513,0))) | J10: =IF(K10="","",INDEX(Интервалы!$H$2:$H$513,MATCH(K10,Интервалы!$G$2:$G$513,0))) | K10: =IFERROR(SMALL(Интервалы!$G$2:$G$513,4),"") | L10: =IF(K10="","",INDEX(Интервалы!$B$2:$B$513,MATCH(K10,Интервалы!$G$2:$G$513,0))) | M10: =IF(Акты!$B$8="","",Акты!$B$8) | N10: =IF(M10="","",Акты!$E$8) | O10: =IF(M10="","",Акты!$D$8) | P10: =IF(M10="","",SUMIF($L$7:$L$518,4,$I$7:$I$518)) | Q10: =IF(M10="","",Акты!$G$8)
A11: =IF(K11="","",5) | B11: =IF(K11="","",INDEX(Интервалы!$A$2:$A$513,MATCH(K11,Интервалы!$G$2:$G$513,0))) | C11: =IF(K11="","",INDEX(Интервалы!$C$2:$C$513,MATCH(K11,Интервалы!$G$2:$G$513,0))) | D11: =IF(K11="","",INDEX(Интервалы!$D$2:$D$513,MATCH(K11,Интервалы!$G$2:$G$513,0))) | E11: =IF(K11="","",D11-C11+1) | F11: =IF(K11="","",INDEX(Интервалы!$E$2:$E$513,MATCH(K11,Интервалы!$G$2:$G$513,0))) | G11: =IF(K11="","",IF(H11=1,INDEX('По дням'!$B$2:$B$4000,MATCH(C11,'По дням'!$A$2:$A$4000,0)),"по периодам ставки")) | H11: =IF(K11="","",INDEX(Интервалы!$I$2:$I$513,MATCH(K11,Интервалы!$G$2:$G$513,0))) | I11: =IF(K11="","",INDEX(Интервалы!$F$2:$F$513,MATCH(K11,Интервалы!$G$2:$G$513,0))) | J11: =IF(K11="","",INDEX(Интервалы!$H$2:$H$513,MATCH(K11,Интервалы!$G$2:$G$513,0))) | K11: =IFERROR(SMALL(Интервалы!$G$2:$G$513,5),"") | L11: =IF(K11="","",INDEX(Интервалы!$B$2:$B$513,MATCH(K11,Интервалы!$G$2:$G$513,0))) | M11: =IF(Акты!$B$9="","",Акты!$B$9) | N11: =IF(M11="","",Акты!$E$9) | O11: =IF(M11="","",Акты!$D$9) | P11: =IF(M11="","",SUMIF($L$7:$L$518,5,$I$7:$I$518)) | Q11: =IF(M11="","",Акты!$G$9)
A12: =IF(K12="","",6) | B12: =IF(K12="","",INDEX(Интервалы!$A$2:$A$513,MATCH(K12,Интервалы!$G$2:$G$513,0))) | C12: =IF(K12="","",INDEX(Интервалы!$C$2:$C$513,MATCH(K12,Интервалы!$G$2:$G$513,0))) | D12: =IF(K12="","",INDEX(Интервалы!$D$2:$D$513,MATCH(K12,Интервалы!$G$2:$G$513,0))) | E12: =IF(K12="","",D12-C12+1) | F12: =IF(K12="","",INDEX(Интервалы!$E$2:$E$513,MATCH(K12,Интервалы!$G$2:$G$513,0))) | G12: =IF(K12="","",IF(H12=1,INDEX('По дням'!$B$2:$B$4000,MATCH(C12,'По дням'!$A$2:$A$4000,0)),"по периодам ставки")) | H12: =IF(K12="","",INDEX(Интервалы!$I$2:$I$513,MATCH(K12,Интервалы!$G$2:$G$513,0))) | I12: =IF(K12="","",INDEX(Интервалы!$F$2:$F$513,MATCH(K12,Интервалы!$G$2:$G$513,0))) | J12: =IF(K12="","",INDEX(Интервалы!$H$2:$H$513,MATCH(K12,Интервалы!$G$2:$G$513,0))) | K12: =IFERROR(SMALL(Интервалы!$G$2:$G$513,6),"") | L12: =IF(K12="","",INDEX(Интервалы!$B$2:$B$513,MATCH(K12,Интервалы!$G$2:$G$513,0))) | M12: =IF(Акты!$B$10="","",Акты!$B$10) | N12: =IF(M12="","",Акты!$E$10) | O12: =IF(M12="","",Акты!$D$10) | P12: =IF(M12="","",SUMIF($L$7:$L$518,6,$I$7:$I$518)) | Q12: =IF(M12="","",Акты!$G$10)
A13: =IF(K13="","",7) | B13: =IF(K13="","",INDEX(Интервалы!$A$2:$A$513,MATCH(K13,Интервалы!$G$2:$G$513,0))) | C13: =IF(K13="","",INDEX(Интервалы!$C$2:$C$513,MATCH(K13,Интервалы!$G$2:$G$513,0))) | D13: =IF(K13="","",INDEX(Интервалы!$D$2:$D$513,MATCH(K13,Интервалы!$G$2:$G$513,0))) | E13: =IF(K13="","",D13-C13+1) | F13: =IF(K13="","",INDEX(Интервалы!$E$2:$E$513,MATCH(K13,Интервалы!$G$2:$G$513,0))) | G13: =IF(K13="","",IF(H13=1,INDEX('По дням'!$B$2:$B$4000,MATCH(C13,'По дням'!$A$2:$A$4000,0)),"по периодам ставки")) | H13: =IF(K13="","",INDEX(Интервалы!$I$2:$I$513,MATCH(K13,Интервалы!$G$2:$G$513,0))) | I13: =IF(K13="","",INDEX(Интервалы!$F$2:$F$513,MATCH(K13,Интервалы!$G$2:$G$513,0))) | J13: =IF(K13="","",INDEX(Интервалы!$H$2:$H$513,MATCH(K13,Интервалы!$G$2:$G$513,0))) | K13: =IFERROR(SMALL(Интервалы!$G$2:$G$513,7),"") | L13: =IF(K13="","",INDEX(Интервалы!$B$2:$B$513,MATCH(K13,Интервалы!$G$2:$G$513,0))) | M13: =IF(Акты!$B$11="","",Акты!$B$11) | N13: =IF(M13="","",Акты!$E$11) | O13: =IF(M13="","",Акты!$D$11) | P13: =IF(M13="","",SUMIF($L$7:$L$518,7,$I$7:$I$518)) | Q13: =IF(M13="","",Акты!$G$11)
A14: =IF(K14="","",8) | B14: =IF(K14="","",INDEX(Интервалы!$A$2:$A$513,MATCH(K14,Интервалы!$G$2:$G$513,0))) | C14: =IF(K14="","",INDEX(Интервалы!$C$2:$C$513,MATCH(K14,Интервалы!$G$2:$G$513,0))) | D14: =IF(K14="","",INDEX(Интервалы!$D$2:$D$513,MATCH(K14,Интервалы!$G$2:$G$513,0))) | E14: =IF(K14="","",D14-C14+1) | F14: =IF(K14="","",INDEX(Интервалы!$E$2:$E$513,MATCH(K14,Интервалы!$G$2:$G$513,0))) | G14: =IF(K14="","",IF(H14=1,INDEX('По дням'!$B$2:$B$4000,MATCH(C14,'По дням'!$A$2:$A$4000,0)),"по периодам ставки")) | H14: =IF(K14="","",INDEX(Интервалы!$I$2:$I$513,MATCH(K14,Интервалы!$G$2:$G$513,0))) | I14: =IF(K14="","",INDEX(Интервалы!$F$2:$F$513,MATCH(K14,Интервалы!$G$2:$G$513,0))) | J14: =IF(K14="","",INDEX(Интервалы!$H$2:$H$513,MATCH(K14,Интервалы!$G$2:$G$513,0))) | K14: =IFERROR(SMALL(Интервалы!$G$2:$G$513,8),"") | L14: =IF(K14="","",INDEX(Интервалы!$B$2:$B$513,MATCH(K14,Интервалы!$G$2:$G$513,0))) | M14: =IF(Акты!$B$12="","",Акты!$B$12) | N14: =IF(M14="","",Акты!$E$12) | O14: =IF(M14="","",Акты!$D$12) | P14: =IF(M14="","",SUMIF($L$7:$L$518,8,$I$7:$I$518)) | Q14: =IF(M14="","",Акты!$G$12)
A15: =IF(K15="","",9) | B15: =IF(K15="","",INDEX(Интервалы!$A$2:$A$513,MATCH(K15,Интервалы!$G$2:$G$513,0))) | C15: =IF(K15="","",INDEX(Интервалы!$C$2:$C$513,MATCH(K15,Интервалы!$G$2:$G$513,0))) | D15: =IF(K15="","",INDEX(Интервалы!$D$2:$D$513,MATCH(K15,Интервалы!$G$2:$G$513,0))) | E15: =IF(K15="","",D15-C15+1) | F15: =IF(K15="","",INDEX(Интервалы!$E$2:$E$513,MATCH(K15,Интервалы!$G$2:$G$513,0))) | G15: =IF(K15="","",IF(H15=1,INDEX('По дням'!$B$2:$B$4000,MATCH(C15,'По дням'!$A$2:$A$4000,0)),"по периодам ставки")) | H15: =IF(K15="","",INDEX(Интервалы!$I$2:$I$513,MATCH(K15,Интервалы!$G$2:$G$513,0))) | I15: =IF(K15="","",INDEX(Интервалы!$F$2:$F$513,MATCH(K15,Интервалы!$G$2:$G$513,0))) | J15: =IF(K15="","",INDEX(Интервалы!$H$2:$H$513,MATCH(K15,Интервалы!$G$2:$G$513,0))) | K15: =IFERROR(SMALL(Интервалы!$G$2:$G$513,9),"") | L15: =IF(K15="","",INDEX(Интервалы!$B$2:$B$513,MATCH(K15,Интервалы!$G$2:$G$513,0))) | M15: =IF(Акты!$B$13="","",Акты!$B$13) | N15: =IF(M15="","",Акты!$E$13) | O15: =IF(M15="","",Акты!$D$13) | P15: =IF(M15="","",SUMIF($L$7:$L$518,9,$I$7:$I$518)) | Q15: =IF(M15="","",Акты!$G$13)
A16: =IF(K16="","",10) | B16: =IF(K16="","",INDEX(Интервалы!$A$2:$A$513,MATCH(K16,Интервалы!$G$2:$G$513,0))) | C16: =IF(K16="","",INDEX(Интервалы!$C$2:$C$513,MATCH(K16,Интервалы!$G$2:$G$513,0))) | D16: =IF(K16="","",INDEX(Интервалы!$D$2:$D$513,MATCH(K16,Интервалы!$G$2:$G$513,0))) | E16: =IF(K16="","",D16-C16+1) | F16: =IF(K16="","",INDEX(Интервалы!$E$2:$E$513,MATCH(K16,Интервалы!$G$2:$G$513,0))) | G16: =IF(K16="","",IF(H16=1,INDEX('По дням'!$B$2:$B$4000,MATCH(C16,'По дням'!$A$2:$A$4000,0)),"по периодам ставки")) | H16: =IF(K16="","",INDEX(Интервалы!$I$2:$I$513,MATCH(K16,Интервалы!$G$2:$G$513,0))) | I16: =IF(K16="","",INDEX(Интервалы!$F$2:$F$513,MATCH(K16,Интервалы!$G$2:$G$513,0))) | J16: =IF(K16="","",INDEX(Интервалы!$H$2:$H$513,MATCH(K16,Интервалы!$G$2:$G$513,0))) | K16: =IFERROR(SMALL(Интервалы!$G$2:$G$513,10),"") | L16: =IF(K16="","",INDEX(Интервалы!$B$2:$B$513,MATCH(K16,Интервалы!$G$2:$G$513,0))) | M16: =IF(Акты!$B$14="","",Акты!$B$14) | N16: =IF(M16="","",Акты!$E$14) | O16: =IF(M16="","",Акты!$D$14) | P16: =IF(M16="","",SUMIF($L$7:$L$518,10,$I$7:$I$518)) | Q16: =IF(M16="","",Акты!$G$14)
A17: =IF(K17="","",11) | B17: =IF(K17="","",INDEX(Интервалы!$A$2:$A$513,MATCH(K17,Интервалы!$G$2:$G$513,0))) | C17: =IF(K17="","",INDEX(Интервалы!$C$2:$C$513,MATCH(K17,Интервалы!$G$2:$G$513,0))) | D17: =IF(K17="","",INDEX(Интервалы!$D$2:$D$513,MATCH(K17,Интервалы!$G$2:$G$513,0))) | E17: =IF(K17="","",D17-C17+1) | F17: =IF(K17="","",INDEX(Интервалы!$E$2:$E$513,MATCH(K17,Интервалы!$G$2:$G$513,0))) | G17: =IF(K17="","",IF(H17=1,INDEX('По дням'!$B$2:$B$4000,MATCH(C17,'По дням'!$A$2:$A$4000,0)),"по периодам ставки")) | H17: =IF(K17="","",INDEX(Интервалы!$I$2:$I$513,MATCH(K17,Интервалы!$G$2:$G$513,0))) | I17: =IF(K17="","",INDEX(Интервалы!$F$2:$F$513,MATCH(K17,Интервалы!$G$2:$G$513,0))) | J17: =IF(K17="","",INDEX(Интервалы!$H$2:$H$513,MATCH(K17,Интервалы!$G$2:$G$513,0))) | K17: =IFERROR(SMALL(Интервалы!$G$2:$G$513,11),"") | L17: =IF(K17="","",INDEX(Интервалы!$B$2:$B$513,MATCH(K17,Интервалы!$G$2:$G$513,0))) | M17: =IF(Акты!$B$15="","",Акты!$B$15) | N17: =IF(M17="","",Акты!$E$15) | O17: =IF(M17="","",Акты!$D$15) | P17: =IF(M17="","",SUMIF($L$7:$L$518,11,$I$7:$I$518)) | Q17: =IF(M17="","",Акты!$G$15)
A18: =IF(K18="","",12) | B18: =IF(K18="","",INDEX(Интервалы!$A$2:$A$513,MATCH(K18,Интервалы!$G$2:$G$513,0))) | C18: =IF(K18="","",INDEX(Интервалы!$C$2:$C$513,MATCH(K18,Интервалы!$G$2:$G$513,0))) | D18: =IF(K18="","",INDEX(Интервалы!$D$2:$D$513,MATCH(K18,Интервалы!$G$2:$G$513,0))) | E18: =IF(K18="","",D18-C18+1) | F18: =IF(K18="","",INDEX(Интервалы!$E$2:$E$513,MATCH(K18,Интервалы!$G$2:$G$513,0))) | G18: =IF(K18="","",IF(H18=1,INDEX('По дням'!$B$2:$B$4000,MATCH(C18,'По дням'!$A$2:$A$4000,0)),"по периодам ставки")) | H18: =IF(K18="","",INDEX(Интервалы!$I$2:$I$513,MATCH(K18,Интервалы!$G$2:$G$513,0))) | I18: =IF(K18="","",INDEX(Интервалы!$F$2:$F$513,MATCH(K18,Интервалы!$G$2:$G$513,0))) | J18: =IF(K18="","",INDEX(Интервалы!$H$2:$H$513,MATCH(K18,Интервалы!$G$2:$G$513,0))) | K18: =IFERROR(SMALL(Интервалы!$G$2:$G$513,12),"") | L18: =IF(K18="","",INDEX(Интервалы!$B$2:$B$513,MATCH(K18,Интервалы!$G$2:$G$513,0))) | M18: =IF(Акты!$B$16="","",Акты!$B$16) | N18: =IF(M18="","",Акты!$E$16) | O18: =IF(M18="","",Акты!$D$16) | P18: =IF(M18="","",SUMIF($L$7:$L$518,12,$I$7:$I$518)) | Q18: =IF(M18="","",Акты!$G$16)
A19: =IF(K19="","",13) | B19: =IF(K19="","",INDEX(Интервалы!$A$2:$A$513,MATCH(K19,Интервалы!$G$2:$G$513,0))) | C19: =IF(K19="","",INDEX(Интервалы!$C$2:$C$513,MATCH(K19,Интервалы!$G$2:$G$513,0))) | D19: =IF(K19="","",INDEX(Интервалы!$D$2:$D$513,MATCH(K19,Интервалы!$G$2:$G$513,0))) | E19: =IF(K19="","",D19-C19+1) | F19: =IF(K19="","",INDEX(Интервалы!$E$2:$E$513,MATCH(K19,Интервалы!$G$2:$G$513,0))) | G19: =IF(K19="","",IF(H19=1,INDEX('По дням'!$B$2:$B$4000,MATCH(C19,'По дням'!$A$2:$A$4000,0)),"по периодам ставки")) | H19: =IF(K19="","",INDEX(Интервалы!$I$2:$I$513,MATCH(K19,Интервалы!$G$2:$G$513,0))) | I19: =IF(K19="","",INDEX(Интервалы!$F$2:$F$513,MATCH(K19,Интервалы!$G$2:$G$513,0))) | J19: =IF(K19="","",INDEX(Интервалы!$H$2:$H$513,MATCH(K19,Интервалы!$G$2:$G$513,0))) | K19: =IFERROR(SMALL(Интервалы!$G$2:$G$513,13),"") | L19: =IF(K19="","",INDEX(Интервалы!$B$2:$B$513,MATCH(K19,Интервалы!$G$2:$G$513,0))) | M19: Итого по акта́м | P19: =SUM(P7:P18) | Q19: =SUM(Q7:Q18)
A20: =IF(K20="","",14) | B20: =IF(K20="","",INDEX(Интервалы!$A$2:$A$513,MATCH(K20,Интервалы!$G$2:$G$513,0))) | C20: =IF(K20="","",INDEX(Интервалы!$C$2:$C$513,MATCH(K20,Интервалы!$G$2:$G$513,0))) | D20: =IF(K20="","",INDEX(Интервалы!$D$2:$D$513,MATCH(K20,Интервалы!$G$2:$G$513,0))) | E20: =IF(K20="","",D20-C20+1) | F20: =IF(K20="","",INDEX(Интервалы!$E$2:$E$513,MATCH(K20,Интервалы!$G$2:$G$513,0))) | G20: =IF(K20="","",IF(H20=1,INDEX('По дням'!$B$2:$B$4000,MATCH(C20,'По дням'!$A$2:$A$4000,0)),"по периодам ставки")) | H20: =IF(K20="","",INDEX(Интервалы!$I$2:$I$513,MATCH(K20,Интервалы!$G$2:$G$513,0))) | I20: =IF(K20="","",INDEX(Интервалы!$F$2:$F$513,MATCH(K20,Интервалы!$G$2:$G$513,0))) | J20: =IF(K20="","",INDEX(Интервалы!$H$2:$H$513,MATCH(K20,Интервалы!$G$2:$G$513,0))) | K20: =IFERROR(SMALL(Интервалы!$G$2:$G$513,14),"") | L20: =IF(K20="","",INDEX(Интервалы!$B$2:$B$513,MATCH(K20,Интервалы!$G$2:$G$513,0)))
A21: =IF(K21="","",15) | B21: =IF(K21="","",INDEX(Интервалы!$A$2:$A$513,MATCH(K21,Интервалы!$G$2:$G$513,0))) | C21: =IF(K21="","",INDEX(Интервалы!$C$2:$C$513,MATCH(K21,Интервалы!$G$2:$G$513,0))) | D21: =IF(K21="","",INDEX(Интервалы!$D$2:$D$513,MATCH(K21,Интервалы!$G$2:$G$513,0))) | E21: =IF(K21="","",D21-C21+1) | F21: =IF(K21="","",INDEX(Интервалы!$E$2:$E$513,MATCH(K21,Интервалы!$G$2:$G$513,0))) | G21: =IF(K21="","",IF(H21=1,INDEX('По дням'!$B$2:$B$4000,MATCH(C21,'По дням'!$A$2:$A$4000,0)),"по периодам ставки")) | H21: =IF(K21="","",INDEX(Интервалы!$I$2:$I$513,MATCH(K21,Интервалы!$G$2:$G$513,0))) | I21: =IF(K21="","",INDEX(Интервалы!$F$2:$F$513,MATCH(K21,Интервалы!$G$2:$G$513,0))) | J21: =IF(K21="","",INDEX(Интервалы!$H$2:$H$513,MATCH(K21,Интервалы!$G$2:$G$513,0))) | K21: =IFERROR(SMALL(Интервалы!$G$2:$G$513,15),"") | L21: =IF(K21="","",INDEX(Интервалы!$B$2:$B$513,MATCH(K21,Интервалы!$G$2:$G$513,0)))
A22: =IF(K22="","",16) | B22: =IF(K22="","",INDEX(Интервалы!$A$2:$A$513,MATCH(K22,Интервалы!$G$2:$G$513,0))) | C22: =IF(K22="","",INDEX(Интервалы!$C$2:$C$513,MATCH(K22,Интервалы!$G$2:$G$513,0))) | D22: =IF(K22="","",INDEX(Интервалы!$D$2:$D$513,MATCH(K22,Интервалы!$G$2:$G$513,0))) | E22: =IF(K22="","",D22-C22+1) | F22: =IF(K22="","",INDEX(Интервалы!$E$2:$E$513,MATCH(K22,Интервалы!$G$2:$G$513,0))) | G22: =IF(K22="","",IF(H22=1,INDEX('По дням'!$B$2:$B$4000,MATCH(C22,'По дням'!$A$2:$A$4000,0)),"по периодам ставки")) | H22: =IF(K22="","",INDEX(Интервалы!$I$2:$I$513,MATCH(K22,Интервалы!$G$2:$G$513,0))) | I22: =IF(K22="","",INDEX(Интервалы!$F$2:$F$513,MATCH(K22,Интервалы!$G$2:$G$513,0))) | J22: =IF(K22="","",INDEX(Интервалы!$H$2:$H$513,MATCH(K22,Интервалы!$G$2:$G$513,0))) | K22: =IFERROR(SMALL(Интервалы!$G$2:$G$513,16),"") | L22: =IF(K22="","",INDEX(Интервалы!$B$2:$B$513,MATCH(K22,Интервалы!$G$2:$G$513,0)))
A23: =IF(K23="","",17) | B23: =IF(K23="","",INDEX(Интервалы!$A$2:$A$513,MATCH(K23,Интервалы!$G$2:$G$513,0))) | C23: =IF(K23="","",INDEX(Интервалы!$C$2:$C$513,MATCH(K23,Интервалы!$G$2:$G$513,0))) | D23: =IF(K23="","",INDEX(Интервалы!$D$2:$D$513,MATCH(K23,Интервалы!$G$2:$G$513,0))) | E23: =IF(K23="","",D23-C23+1) | F23: =IF(K23="","",INDEX(Интервалы!$E$2:$E$513,MATCH(K23,Интервалы!$G$2:$G$513,0))) | G23: =IF(K23="","",IF(H23=1,INDEX('По дням'!$B$2:$B$4000,MATCH(C23,'По дням'!$A$2:$A$4000,0)),"по периодам ставки")) | H23: =IF(K23="","",INDEX(Интервалы!$I$2:$I$513,MATCH(K23,Интервалы!$G$2:$G$513,0))) | I23: =IF(K23="","",INDEX(Интервалы!$F$2:$F$513,MATCH(K23,Интервалы!$G$2:$G$513,0))) | J23: =IF(K23="","",INDEX(Интервалы!$H$2:$H$513,MATCH(K23,Интервалы!$G$2:$G$513,0))) | K23: =IFERROR(SMALL(Интервалы!$G$2:$G$513,17),"") | L23: =IF(K23="","",INDEX(Интервалы!$B$2:$B$513,MATCH(K23,Интервалы!$G$2:$G$513,0)))
A24: =IF(K24="","",18) | B24: =IF(K24="","",INDEX(Интервалы!$A$2:$A$513,MATCH(K24,Интервалы!$G$2:$G$513,0))) | C24: =IF(K24="","",INDEX(Интервалы!$C$2:$C$513,MATCH(K24,Интервалы!$G$2:$G$513,0))) | D24: =IF(K24="","",INDEX(Интервалы!$D$2:$D$513,MATCH(K24,Интервалы!$G$2:$G$513,0))) | E24: =IF(K24="","",D24-C24+1) | F24: =IF(K24="","",INDEX(Интервалы!$E$2:$E$513,MATCH(K24,Интервалы!$G$2:$G$513,0))) | G24: =IF(K24="","",IF(H24=1,INDEX('По дням'!$B$2:$B$4000,MATCH(C24,'По дням'!$A$2:$A$4000,0)),"по периодам ставки")) | H24: =IF(K24="","",INDEX(Интервалы!$I$2:$I$513,MATCH(K24,Интервалы!$G$2:$G$513,0))) | I24: =IF(K24="","",INDEX(Интервалы!$F$2:$F$513,MATCH(K24,Интервалы!$G$2:$G$513,0))) | J24: =IF(K24="","",INDEX(Интервалы!$H$2:$H$513,MATCH(K24,Интервалы!$G$2:$G$513,0))) | K24: =IFERROR(SMALL(Интервалы!$G$2:$G$513,18),"") | L24: =IF(K24="","",INDEX(Интервалы!$B$2:$B$513,MATCH(K24,Интервалы!$G$2:$G$513,0)))
A25: =IF(K25="","",19) | B25: =IF(K25="","",INDEX(Интервалы!$A$2:$A$513,MATCH(K25,Интервалы!$G$2:$G$513,0))) | C25: =IF(K25="","",INDEX(Интервалы!$C$2:$C$513,MATCH(K25,Интервалы!$G$2:$G$513,0))) | D25: =IF(K25="","",INDEX(Интервалы!$D$2:$D$513,MATCH(K25,Интервалы!$G$2:$G$513,0))) | E25: =IF(K25="","",D25-C25+1) | F25: =IF(K25="","",INDEX(Интервалы!$E$2:$E$513,MATCH(K25,Интервалы!$G$2:$G$513,0))) | G25: =IF(K25="","",IF(H25=1,INDEX('По дням'!$B$2:$B$4000,MATCH(C25,'По дням'!$A$2:$A$4000,0)),"по периодам ставки")) | H25: =IF(K25="","",INDEX(Интервалы!$I$2:$I$513,MATCH(K25,Интервалы!$G$2:$G$513,0))) | I25: =IF(K25="","",INDEX(Интервалы!$F$2:$F$513,MATCH(K25,Интервалы!$G$2:$G$513,0))) | J25: =IF(K25="","",INDEX(Интервалы!$H$2:$H$513,MATCH(K25,Интервалы!$G$2:$G$513,0))) | K25: =IFERROR(SMALL(Интервалы!$G$2:$G$513,19),"") | L25: =IF(K25="","",INDEX(Интервалы!$B$2:$B$513,MATCH(K25,Интервалы!$G$2:$G$513,0)))
A26: =IF(K26="","",20) | B26: =IF(K26="","",INDEX(Интервалы!$A$2:$A$513,MATCH(K26,Интервалы!$G$2:$G$513,0))) | C26: =IF(K26="","",INDEX(Интервалы!$C$2:$C$513,MATCH(K26,Интервалы!$G$2:$G$513,0))) | D26: =IF(K26="","",INDEX(Интервалы!$D$2:$D$513,MATCH(K26,Интервалы!$G$2:$G$513,0))) | E26: =IF(K26="","",D26-C26+1) | F26: =IF(K26="","",INDEX(Интервалы!$E$2:$E$513,MATCH(K26,Интервалы!$G$2:$G$513,0))) | G26: =IF(K26="","",IF(H26=1,INDEX('По дням'!$B$2:$B$4000,MATCH(C26,'По дням'!$A$2:$A$4000,0)),"по периодам ставки")) | H26: =IF(K26="","",INDEX(Интервалы!$I$2:$I$513,MATCH(K26,Интервалы!$G$2:$G$513,0))) | I26: =IF(K26="","",INDEX(Интервалы!$F$2:$F$513,MATCH(K26,Интервалы!$G$2:$G$513,0))) | J26: =IF(K26="","",INDEX(Интервалы!$H$2:$H$513,MATCH(K26,Интервалы!$G$2:$G$513,0))) | K26: =IFERROR(SMALL(Интервалы!$G$2:$G$513,20),"") | L26: =IF(K26="","",INDEX(Интервалы!$B$2:$B$513,MATCH(K26,Интервалы!$G$2:$G$513,0)))
A27: =IF(K27="","",21) | B27: =IF(K27="","",INDEX(Интервалы!$A$2:$A$513,MATCH(K27,Интервалы!$G$2:$G$513,0))) | C27: =IF(K27="","",INDEX(Интервалы!$C$2:$C$513,MATCH(K27,Интервалы!$G$2:$G$513,0))) | D27: =IF(K27="","",INDEX(Интервалы!$D$2:$D$513,MATCH(K27,Интервалы!$G$2:$G$513,0))) | E27: =IF(K27="","",D27-C27+1) | F27: =IF(K27="","",INDEX(Интервалы!$E$2:$E$513,MATCH(K27,Интервалы!$G$2:$G$513,0))) | G27: =IF(K27="","",IF(H27=1,INDEX('По дням'!$B$2:$B$4000,MATCH(C27,'По дням'!$A$2:$A$4000,0)),"по периодам ставки")) | H27: =IF(K27="","",INDEX(Интервалы!$I$2:$I$513,MATCH(K27,Интервалы!$G$2:$G$513,0))) | I27: =IF(K27="","",INDEX(Интервалы!$F$2:$F$513,MATCH(K27,Интервалы!$G$2:$G$513,0))) | J27: =IF(K27="","",INDEX(Интервалы!$H$2:$H$513,MATCH(K27,Интервалы!$G$2:$G$513,0))) | K27: =IFERROR(SMALL(Интервалы!$G$2:$G$513,21),"") | L27: =IF(K27="","",INDEX(Интервалы!$B$2:$B$513,MATCH(K27,Интервалы!$G$2:$G$513,0)))
A28: =IF(K28="","",22) | B28: =IF(K28="","",INDEX(Интервалы!$A$2:$A$513,MATCH(K28,Интервалы!$G$2:$G$513,0))) | C28: =IF(K28="","",INDEX(Интервалы!$C$2:$C$513,MATCH(K28,Интервалы!$G$2:$G$513,0))) | D28: =IF(K28="","",INDEX(Интервалы!$D$2:$D$513,MATCH(K28,Интервалы!$G$2:$G$513,0))) | E28: =IF(K28="","",D28-C28+1) | F28: =IF(K28="","",INDEX(Интервалы!$E$2:$E$513,MATCH(K28,Интервалы!$G$2:$G$513,0))) | G28: =IF(K28="","",IF(H28=1,INDEX('По дням'!$B$2:$B$4000,MATCH(C28,'По дням'!$A$2:$A$4000,0)),"по периодам ставки")) | H28: =IF(K28="","",INDEX(Интервалы!$I$2:$I$513,MATCH(K28,Интервалы!$G$2:$G$513,0))) | I28: =IF(K28="","",INDEX(Интервалы!$F$2:$F$513,MATCH(K28,Интервалы!$G$2:$G$513,0))) | J28: =IF(K28="","",INDEX(Интервалы!$H$2:$H$513,MATCH(K28,Интервалы!$G$2:$G$513,0))) | K28: =IFERROR(SMALL(Интервалы!$G$2:$G$513,22),"") | L28: =IF(K28="","",INDEX(Интервалы!$B$2:$B$513,MATCH(K28,Интервалы!$G$2:$G$513,0)))
A29: =IF(K29="","",23) | B29: =IF(K29="","",INDEX(Интервалы!$A$2:$A$513,MATCH(K29,Интервалы!$G$2:$G$513,0))) | C29: =IF(K29="","",INDEX(Интервалы!$C$2:$C$513,MATCH(K29,Интервалы!$G$2:$G$513,0))) | D29: =IF(K29="","",INDEX(Интервалы!$D$2:$D$513,MATCH(K29,Интервалы!$G$2:$G$513,0))) | E29: =IF(K29="","",D29-C29+1) | F29: =IF(K29="","",INDEX(Интервалы!$E$2:$E$513,MATCH(K29,Интервалы!$G$2:$G$513,0))) | G29: =IF(K29="","",IF(H29=1,INDEX('По дням'!$B$2:$B$4000,MATCH(C29,'По дням'!$A$2:$A$4000,0)),"по периодам ставки")) | H29: =IF(K29="","",INDEX(Интервалы!$I$2:$I$513,MATCH(K29,Интервалы!$G$2:$G$513,0))) | I29: =IF(K29="","",INDEX(Интервалы!$F$2:$F$513,MATCH(K29,Интервалы!$G$2:$G$513,0))) | J29: =IF(K29="","",INDEX(Интервалы!$H$2:$H$513,MATCH(K29,Интервалы!$G$2:$G$513,0))) | K29: =IFERROR(SMALL(Интервалы!$G$2:$G$513,23),"") | L29: =IF(K29="","",INDEX(Интервалы!$B$2:$B$513,MATCH(K29,Интервалы!$G$2:$G$513,0)))
A30: =IF(K30="","",24) | B30: =IF(K30="","",INDEX(Интервалы!$A$2:$A$513,MATCH(K30,Интервалы!$G$2:$G$513,0))) | C30: =IF(K30="","",INDEX(Интервалы!$C$2:$C$513,MATCH(K30,Интервалы!$G$2:$G$513,0))) | D30: =IF(K30="","",INDEX(Интервалы!$D$2:$D$513,MATCH(K30,Интервалы!$G$2:$G$513,0))) | E30: =IF(K30="","",D30-C30+1) | F30: =IF(K30="","",INDEX(Интервалы!$E$2:$E$513,MATCH(K30,Интервалы!$G$2:$G$513,0))) | G30: =IF(K30="","",IF(H30=1,INDEX('По дням'!$B$2:$B$4000,MATCH(C30,'По дням'!$A$2:$A$4000,0)),"по периодам ставки")) | H30: =IF(K30="","",INDEX(Интервалы!$I$2:$I$513,MATCH(K30,Интервалы!$G$2:$G$513,0))) | I30: =IF(K30="","",INDEX(Интервалы!$F$2:$F$513,MATCH(K30,Интервалы!$G$2:$G$513,0))) | J30: =IF(K30="","",INDEX(Интервалы!$H$2:$H$513,MATCH(K30,Интервалы!$G$2:$G$513,0))) | K30: =IFERROR(SMALL(Интервалы!$G$2:$G$513,24),"") | L30: =IF(K30="","",INDEX(Интервалы!$B$2:$B$513,MATCH(K30,Интервалы!$G$2:$G$513,0)))
A31: =IF(K31="","",25) | B31: =IF(K31="","",INDEX(Интервалы!$A$2:$A$513,MATCH(K31,Интервалы!$G$2:$G$513,0))) | C31: =IF(K31="","",INDEX(Интервалы!$C$2:$C$513,MATCH(K31,Интервалы!$G$2:$G$513,0))) | D31: =IF(K31="","",INDEX(Интервалы!$D$2:$D$513,MATCH(K31,Интервалы!$G$2:$G$513,0))) | E31: =IF(K31="","",D31-C31+1) | F31: =IF(K31="","",INDEX(Интервалы!$E$2:$E$513,MATCH(K31,Интервалы!$G$2:$G$513,0))) | G31: =IF(K31="","",IF(H31=1,INDEX('По дням'!$B$2:$B$4000,MATCH(C31,'По дням'!$A$2:$A$4000,0)),"по периодам ставки")) | H31: =IF(K31="","",INDEX(Интервалы!$I$2:$I$513,MATCH(K31,Интервалы!$G$2:$G$513,0))) | I31: =IF(K31="","",INDEX(Интервалы!$F$2:$F$513,MATCH(K31,Интервалы!$G$2:$G$513,0))) | J31: =IF(K31="","",INDEX(Интервалы!$H$2:$H$513,MATCH(K31,Интервалы!$G$2:$G$513,0))) | K31: =IFERROR(SMALL(Интервалы!$G$2:$G$513,25),"") | L31: =IF(K31="","",INDEX(Интервалы!$B$2:$B$513,MATCH(K31,Интервалы!$G$2:$G$513,0)))
A32: =IF(K32="","",26) | B32: =IF(K32="","",INDEX(Интервалы!$A$2:$A$513,MATCH(K32,Интервалы!$G$2:$G$513,0))) | C32: =IF(K32="","",INDEX(Интервалы!$C$2:$C$513,MATCH(K32,Интервалы!$G$2:$G$513,0))) | D32: =IF(K32="","",INDEX(Интервалы!$D$2:$D$513,MATCH(K32,Интервалы!$G$2:$G$513,0))) | E32: =IF(K32="","",D32-C32+1) | F32: =IF(K32="","",INDEX(Интервалы!$E$2:$E$513,MATCH(K32,Интервалы!$G$2:$G$513,0))) | G32: =IF(K32="","",IF(H32=1,INDEX('По дням'!$B$2:$B$4000,MATCH(C32,'По дням'!$A$2:$A$4000,0)),"по периодам ставки")) | H32: =IF(K32="","",INDEX(Интервалы!$I$2:$I$513,MATCH(K32,Интервалы!$G$2:$G$513,0))) | I32: =IF(K32="","",INDEX(Интервалы!$F$2:$F$513,MATCH(K32,Интервалы!$G$2:$G$513,0))) | J32: =IF(K32="","",INDEX(Интервалы!$H$2:$H$513,MATCH(K32,Интервалы!$G$2:$G$513,0))) | K32: =IFERROR(SMALL(Интервалы!$G$2:$G$513,26),"") | L32: =IF(K32="","",INDEX(Интервалы!$B$2:$B$513,MATCH(K32,Интервалы!$G$2:$G$513,0)))
A33: =IF(K33="","",27) | B33: =IF(K33="","",INDEX(Интервалы!$A$2:$A$513,MATCH(K33,Интервалы!$G$2:$G$513,0))) | C33: =IF(K33="","",INDEX(Интервалы!$C$2:$C$513,MATCH(K33,Интервалы!$G$2:$G$513,0))) | D33: =IF(K33="","",INDEX(Интервалы!$D$2:$D$513,MATCH(K33,Интервалы!$G$2:$G$513,0))) | E33: =IF(K33="","",D33-C33+1) | F33: =IF(K33="","",INDEX(Интервалы!$E$2:$E$513,MATCH(K33,Интервалы!$G$2:$G$513,0))) | G33: =IF(K33="","",IF(H33=1,INDEX('По дням'!$B$2:$B$4000,MATCH(C33,'По дням'!$A$2:$A$4000,0)),"по периодам ставки")) | H33: =IF(K33="","",INDEX(Интервалы!$I$2:$I$513,MATCH(K33,Интервалы!$G$2:$G$513,0))) | I33: =IF(K33="","",INDEX(Интервалы!$F$2:$F$513,MATCH(K33,Интервалы!$G$2:$G$513,0))) | J33: =IF(K33="","",INDEX(Интервалы!$H$2:$H$513,MATCH(K33,Интервалы!$G$2:$G$513,0))) | K33: =IFERROR(SMALL(Интервалы!$G$2:$G$513,27),"") | L33: =IF(K33="","",INDEX(Интервалы!$B$2:$B$513,MATCH(K33,Интервалы!$G$2:$G$513,0)))
A34: =IF(K34="","",28) | B34: =IF(K34="","",INDEX(Интервалы!$A$2:$A$513,MATCH(K34,Интервалы!$G$2:$G$513,0))) | C34: =IF(K34="","",INDEX(Интервалы!$C$2:$C$513,MATCH(K34,Интервалы!$G$2:$G$513,0))) | D34: =IF(K34="","",INDEX(Интервалы!$D$2:$D$513,MATCH(K34,Интервалы!$G$2:$G$513,0))) | E34: =IF(K34="","",D34-C34+1) | F34: =IF(K34="","",INDEX(Интервалы!$E$2:$E$513,MATCH(K34,Интервалы!$G$2:$G$513,0))) | G34: =IF(K34="","",IF(H34=1,INDEX('По дням'!$B$2:$B$4000,MATCH(C34,'По дням'!$A$2:$A$4000,0)),"по периодам ставки")) | H34: =IF(K34="","",INDEX(Интервалы!$I$2:$I$513,MATCH(K34,Интервалы!$G$2:$G$513,0))) | I34: =IF(K34="","",INDEX(Интервалы!$F$2:$F$513,MATCH(K34,Интервалы!$G$2:$G$513,0))) | J34: =IF(K34="","",INDEX(Интервалы!$H$2:$H$513,MATCH(K34,Интервалы!$G$2:$G$513,0))) | K34: =IFERROR(SMALL(Интервалы!$G$2:$G$513,28),"") | L34: =IF(K34="","",INDEX(Интервалы!$B$2:$B$513,MATCH(K34,Интервалы!$G$2:$G$513,0)))
A35: =IF(K35="","",29) | B35: =IF(K35="","",INDEX(Интервалы!$A$2:$A$513,MATCH(K35,Интервалы!$G$2:$G$513,0))) | C35: =IF(K35="","",INDEX(Интервалы!$C$2:$C$513,MATCH(K35,Интервалы!$G$2:$G$513,0))) | D35: =IF(K35="","",INDEX(Интервалы!$D$2:$D$513,MATCH(K35,Интервалы!$G$2:$G$513,0))) | E35: =IF(K35="","",D35-C35+1) | F35: =IF(K35="","",INDEX(Интервалы!$E$2:$E$513,MATCH(K35,Интервалы!$G$2:$G$513,0))) | G35: =IF(K35="","",IF(H35=1,INDEX('По дням'!$B$2:$B$4000,MATCH(C35,'По дням'!$A$2:$A$4000,0)),"по периодам ставки")) | H35: =IF(K35="","",INDEX(Интервалы!$I$2:$I$513,MATCH(K35,Интервалы!$G$2:$G$513,0))) | I35: =IF(K35="","",INDEX(Интервалы!$F$2:$F$513,MATCH(K35,Интервалы!$G$2:$G$513,0))) | J35: =IF(K35="","",INDEX(Интервалы!$H$2:$H$513,MATCH(K35,Интервалы!$G$2:$G$513,0))) | K35: =IFERROR(SMALL(Интервалы!$G$2:$G$513,29),"") | L35: =IF(K35="","",INDEX(Интервалы!$B$2:$B$513,MATCH(K35,Интервалы!$G$2:$G$513,0)))
A36: =IF(K36="","",30) | B36: =IF(K36="","",INDEX(Интервалы!$A$2:$A$513,MATCH(K36,Интервалы!$G$2:$G$513,0))) | C36: =IF(K36="","",INDEX(Интервалы!$C$2:$C$513,MATCH(K36,Интервалы!$G$2:$G$513,0))) | D36: =IF(K36="","",INDEX(Интервалы!$D$2:$D$513,MATCH(K36,Интервалы!$G$2:$G$513,0))) | E36: =IF(K36="","",D36-C36+1) | F36: =IF(K36="","",INDEX(Интервалы!$E$2:$E$513,MATCH(K36,Интервалы!$G$2:$G$513,0))) | G36: =IF(K36="","",IF(H36=1,INDEX('По дням'!$B$2:$B$4000,MATCH(C36,'По дням'!$A$2:$A$4000,0)),"по периодам ставки")) | H36: =IF(K36="","",INDEX(Интервалы!$I$2:$I$513,MATCH(K36,Интервалы!$G$2:$G$513,0))) | I36: =IF(K36="","",INDEX(Интервалы!$F$2:$F$513,MATCH(K36,Интервалы!$G$2:$G$513,0))) | J36: =IF(K36="","",INDEX(Интервалы!$H$2:$H$513,MATCH(K36,Интервалы!$G$2:$G$513,0))) | K36: =IFERROR(SMALL(Интервалы!$G$2:$G$513,30),"") | L36: =IF(K36="","",INDEX(Интервалы!$B$2:$B$513,MATCH(K36,Интервалы!$G$2:$G$513,0)))
A37: =IF(K37="","",31) | B37: =IF(K37="","",INDEX(Интервалы!$A$2:$A$513,MATCH(K37,Интервалы!$G$2:$G$513,0))) | C37: =IF(K37="","",INDEX(Интервалы!$C$2:$C$513,MATCH(K37,Интервалы!$G$2:$G$513,0))) | D37: =IF(K37="","",INDEX(Интервалы!$D$2:$D$513,MATCH(K37,Интервалы!$G$2:$G$513,0))) | E37: =IF(K37="","",D37-C37+1) | F37: =IF(K37="","",INDEX(Интервалы!$E$2:$E$513,MATCH(K37,Интервалы!$G$2:$G$513,0))) | G37: =IF(K37="","",IF(H37=1,INDEX('По дням'!$B$2:$B$4000,MATCH(C37,'По дням'!$A$2:$A$4000,0)),"по периодам ставки")) | H37: =IF(K37="","",INDEX(Интервалы!$I$2:$I$513,MATCH(K37,Интервалы!$G$2:$G$513,0))) | I37: =IF(K37="","",INDEX(Интервалы!$F$2:$F$513,MATCH(K37,Интервалы!$G$2:$G$513,0))) | J37: =IF(K37="","",INDEX(Интервалы!$H$2:$H$513,MATCH(K37,Интервалы!$G$2:$G$513,0))) | K37: =IFERROR(SMALL(Интервалы!$G$2:$G$513,31),"") | L37: =IF(K37="","",INDEX(Интервалы!$B$2:$B$513,MATCH(K37,Интервалы!$G$2:$G$513,0)))
A38: =IF(K38="","",32) | B38: =IF(K38="","",INDEX(Интервалы!$A$2:$A$513,MATCH(K38,Интервалы!$G$2:$G$513,0))) | C38: =IF(K38="","",INDEX(Интервалы!$C$2:$C$513,MATCH(K38,Интервалы!$G$2:$G$513,0))) | D38: =IF(K38="","",INDEX(Интервалы!$D$2:$D$513,MATCH(K38,Интервалы!$G$2:$G$513,0))) | E38: =IF(K38="","",D38-C38+1) | F38: =IF(K38="","",INDEX(Интервалы!$E$2:$E$513,MATCH(K38,Интервалы!$G$2:$G$513,0))) | G38: =IF(K38="","",IF(H38=1,INDEX('По дням'!$B$2:$B$4000,MATCH(C38,'По дням'!$A$2:$A$4000,0)),"по периодам ставки")) | H38: =IF(K38="","",INDEX(Интервалы!$I$2:$I$513,MATCH(K38,Интервалы!$G$2:$G$513,0))) | I38: =IF(K38="","",INDEX(Интервалы!$F$2:$F$513,MATCH(K38,Интервалы!$G$2:$G$513,0))) | J38: =IF(K38="","",INDEX(Интервалы!$H$2:$H$513,MATCH(K38,Интервалы!$G$2:$G$513,0))) | K38: =IFERROR(SMALL(Интервалы!$G$2:$G$513,32),"") | L38: =IF(K38="","",INDEX(Интервалы!$B$2:$B$513,MATCH(K38,Интервалы!$G$2:$G$513,0)))
A39: =IF(K39="","",33) | B39: =IF(K39="","",INDEX(Интервалы!$A$2:$A$513,MATCH(K39,Интервалы!$G$2:$G$513,0))) | C39: =IF(K39="","",INDEX(Интервалы!$C$2:$C$513,MATCH(K39,Интервалы!$G$2:$G$513,0))) | D39: =IF(K39="","",INDEX(Интервалы!$D$2:$D$513,MATCH(K39,Интервалы!$G$2:$G$513,0))) | E39: =IF(K39="","",D39-C39+1) | F39: =IF(K39="","",INDEX(Интервалы!$E$2:$E$513,MATCH(K39,Интервалы!$G$2:$G$513,0))) | G39: =IF(K39="","",IF(H39=1,INDEX('По дням'!$B$2:$B$4000,MATCH(C39,'По дням'!$A$2:$A$4000,0)),"по периодам ставки")) | H39: =IF(K39="","",INDEX(Интервалы!$I$2:$I$513,MATCH(K39,Интервалы!$G$2:$G$513,0))) | I39: =IF(K39="","",INDEX(Интервалы!$F$2:$F$513,MATCH(K39,Интервалы!$G$2:$G$513,0))) | J39: =IF(K39="","",INDEX(Интервалы!$H$2:$H$513,MATCH(K39,Интервалы!$G$2:$G$513,0))) | K39: =IFERROR(SMALL(Интервалы!$G$2:$G$513,33),"") | L39: =IF(K39="","",INDEX(Интервалы!$B$2:$B$513,MATCH(K39,Интервалы!$G$2:$G$513,0)))
A40: =IF(K40="","",34) | B40: =IF(K40="","",INDEX(Интервалы!$A$2:$A$513,MATCH(K40,Интервалы!$G$2:$G$513,0))) | C40: =IF(K40="","",INDEX(Интервалы!$C$2:$C$513,MATCH(K40,Интервалы!$G$2:$G$513,0))) | D40: =IF(K40="","",INDEX(Интервалы!$D$2:$D$513,MATCH(K40,Интервалы!$G$2:$G$513,0))) | E40: =IF(K40="","",D40-C40+1) | F40: =IF(K40="","",INDEX(Интервалы!$E$2:$E$513,MATCH(K40,Интервалы!$G$2:$G$513,0))) | G40: =IF(K40="","",IF(H40=1,INDEX('По дням'!$B$2:$B$4000,MATCH(C40,'По дням'!$A$2:$A$4000,0)),"по периодам ставки")) | H40: =IF(K40="","",INDEX(Интервалы!$I$2:$I$513,MATCH(K40,Интервалы!$G$2:$G$513,0))) | I40: =IF(K40="","",INDEX(Интервалы!$F$2:$F$513,MATCH(K40,Интервалы!$G$2:$G$513,0))) | J40: =IF(K40="","",INDEX(Интервалы!$H$2:$H$513,MATCH(K40,Интервалы!$G$2:$G$513,0))) | K40: =IFERROR(SMALL(Интервалы!$G$2:$G$513,34),"") | L40: =IF(K40="","",INDEX(Интервалы!$B$2:$B$513,MATCH(K40,Интервалы!$G$2:$G$513,0)))
A41: =IF(K41="","",35) | B41: =IF(K41="","",INDEX(Интервалы!$A$2:$A$513,MATCH(K41,Интервалы!$G$2:$G$513,0))) | C41: =IF(K41="","",INDEX(Интервалы!$C$2:$C$513,MATCH(K41,Интервалы!$G$2:$G$513,0))) | D41: =IF(K41="","",INDEX(Интервалы!$D$2:$D$513,MATCH(K41,Интервалы!$G$2:$G$513,0))) | E41: =IF(K41="","",D41-C41+1) | F41: =IF(K41="","",INDEX(Интервалы!$E$2:$E$513,MATCH(K41,Интервалы!$G$2:$G$513,0))) | G41: =IF(K41="","",IF(H41=1,INDEX('По дням'!$B$2:$B$4000,MATCH(C41,'По дням'!$A$2:$A$4000,0)),"по периодам ставки")) | H41: =IF(K41="","",INDEX(Интервалы!$I$2:$I$513,MATCH(K41,Интервалы!$G$2:$G$513,0))) | I41: =IF(K41="","",INDEX(Интервалы!$F$2:$F$513,MATCH(K41,Интервалы!$G$2:$G$513,0))) | J41: =IF(K41="","",INDEX(Интервалы!$H$2:$H$513,MATCH(K41,Интервалы!$G$2:$G$513,0))) | K41: =IFERROR(SMALL(Интервалы!$G$2:$G$513,35),"") | L41: =IF(K41="","",INDEX(Интервалы!$B$2:$B$513,MATCH(K41,Интервалы!$G$2:$G$513,0)))
A42: =IF(K42="","",36) | B42: =IF(K42="","",INDEX(Интервалы!$A$2:$A$513,MATCH(K42,Интервалы!$G$2:$G$513,0))) | C42: =IF(K42="","",INDEX(Интервалы!$C$2:$C$513,MATCH(K42,Интервалы!$G$2:$G$513,0))) | D42: =IF(K42="","",INDEX(Интервалы!$D$2:$D$513,MATCH(K42,Интервалы!$G$2:$G$513,0))) | E42: =IF(K42="","",D42-C42+1) | F42: =IF(K42="","",INDEX(Интервалы!$E$2:$E$513,MATCH(K42,Интервалы!$G$2:$G$513,0))) | G42: =IF(K42="","",IF(H42=1,INDEX('По дням'!$B$2:$B$4000,MATCH(C42,'По дням'!$A$2:$A$4000,0)),"по периодам ставки")) | H42: =IF(K42="","",INDEX(Интервалы!$I$2:$I$513,MATCH(K42,Интервалы!$G$2:$G$513,0))) | I42: =IF(K42="","",INDEX(Интервалы!$F$2:$F$513,MATCH(K42,Интервалы!$G$2:$G$513,0))) | J42: =IF(K42="","",INDEX(Интервалы!$H$2:$H$513,MATCH(K42,Интервалы!$G$2:$G$513,0))) | K42: =IFERROR(SMALL(Интервалы!$G$2:$G$513,36),"") | L42: =IF(K42="","",INDEX(Интервалы!$B$2:$B$513,MATCH(K42,Интервалы!$G$2:$G$513,0)))
A43: =IF(K43="","",37) | B43: =IF(K43="","",INDEX(Интервалы!$A$2:$A$513,MATCH(K43,Интервалы!$G$2:$G$513,0))) | C43: =IF(K43="","",INDEX(Интервалы!$C$2:$C$513,MATCH(K43,Интервалы!$G$2:$G$513,0))) | D43: =IF(K43="","",INDEX(Интервалы!$D$2:$D$513,MATCH(K43,Интервалы!$G$2:$G$513,0))) | E43: =IF(K43="","",D43-C43+1) | F43: =IF(K43="","",INDEX(Интервалы!$E$2:$E$513,MATCH(K43,Интервалы!$G$2:$G$513,0))) | G43: =IF(K43="","",IF(H43=1,INDEX('По дням'!$B$2:$B$4000,MATCH(C43,'По дням'!$A$2:$A$4000,0)),"по периодам ставки")) | H43: =IF(K43="","",INDEX(Интервалы!$I$2:$I$513,MATCH(K43,Интервалы!$G$2:$G$513,0))) | I43: =IF(K43="","",INDEX(Интервалы!$F$2:$F$513,MATCH(K43,Интервалы!$G$2:$G$513,0))) | J43: =IF(K43="","",INDEX(Интервалы!$H$2:$H$513,MATCH(K43,Интервалы!$G$2:$G$513,0))) | K43: =IFERROR(SMALL(Интервалы!$G$2:$G$513,37),"") | L43: =IF(K43="","",INDEX(Интервалы!$B$2:$B$513,MATCH(K43,Интервалы!$G$2:$G$513,0)))
A44: =IF(K44="","",38) | B44: =IF(K44="","",INDEX(Интервалы!$A$2:$A$513,MATCH(K44,Интервалы!$G$2:$G$513,0))) | C44: =IF(K44="","",INDEX(Интервалы!$C$2:$C$513,MATCH(K44,Интервалы!$G$2:$G$513,0))) | D44: =IF(K44="","",INDEX(Интервалы!$D$2:$D$513,MATCH(K44,Интервалы!$G$2:$G$513,0))) | E44: =IF(K44="","",D44-C44+1) | F44: =IF(K44="","",INDEX(Интервалы!$E$2:$E$513,MATCH(K44,Интервалы!$G$2:$G$513,0))) | G44: =IF(K44="","",IF(H44=1,INDEX('По дням'!$B$2:$B$4000,MATCH(C44,'По дням'!$A$2:$A$4000,0)),"по периодам ставки")) | H44: =IF(K44="","",INDEX(Интервалы!$I$2:$I$513,MATCH(K44,Интервалы!$G$2:$G$513,0))) | I44: =IF(K44="","",INDEX(Интервалы!$F$2:$F$513,MATCH(K44,Интервалы!$G$2:$G$513,0))) | J44: =IF(K44="","",INDEX(Интервалы!$H$2:$H$513,MATCH(K44,Интервалы!$G$2:$G$513,0))) | K44: =IFERROR(SMALL(Интервалы!$G$2:$G$513,38),"") | L44: =IF(K44="","",INDEX(Интервалы!$B$2:$B$513,MATCH(K44,Интервалы!$G$2:$G$513,0)))
A45: =IF(K45="","",39) | B45: =IF(K45="","",INDEX(Интервалы!$A$2:$A$513,MATCH(K45,Интервалы!$G$2:$G$513,0))) | C45: =IF(K45="","",INDEX(Интервалы!$C$2:$C$513,MATCH(K45,Интервалы!$G$2:$G$513,0))) | D45: =IF(K45="","",INDEX(Интервалы!$D$2:$D$513,MATCH(K45,Интервалы!$G$2:$G$513,0))) | E45: =IF(K45="","",D45-C45+1) | F45: =IF(K45="","",INDEX(Интервалы!$E$2:$E$513,MATCH(K45,Интервалы!$G$2:$G$513,0))) | G45: =IF(K45="","",IF(H45=1,INDEX('По дням'!$B$2:$B$4000,MATCH(C45,'По дням'!$A$2:$A$4000,0)),"по периодам ставки")) | H45: =IF(K45="","",INDEX(Интервалы!$I$2:$I$513,MATCH(K45,Интервалы!$G$2:$G$513,0))) | I45: =IF(K45="","",INDEX(Интервалы!$F$2:$F$513,MATCH(K45,Интервалы!$G$2:$G$513,0))) | J45: =IF(K45="","",INDEX(Интервалы!$H$2:$H$513,MATCH(K45,Интервалы!$G$2:$G$513,0))) | K45: =IFERROR(SMALL(Интервалы!$G$2:$G$513,39),"") | L45: =IF(K45="","",INDEX(Интервалы!$B$2:$B$513,MATCH(K45,Интервалы!$G$2:$G$513,0)))
A46: =IF(K46="","",40) | B46: =IF(K46="","",INDEX(Интервалы!$A$2:$A$513,MATCH(K46,Интервалы!$G$2:$G$513,0))) | C46: =IF(K46="","",INDEX(Интервалы!$C$2:$C$513,MATCH(K46,Интервалы!$G$2:$G$513,0))) | D46: =IF(K46="","",INDEX(Интервалы!$D$2:$D$513,MATCH(K46,Интервалы!$G$2:$G$513,0))) | E46: =IF(K46="","",D46-C46+1) | F46: =IF(K46="","",INDEX(Интервалы!$E$2:$E$513,MATCH(K46,Интервалы!$G$2:$G$513,0))) | G46: =IF(K46="","",IF(H46=1,INDEX('По дням'!$B$2:$B$4000,MATCH(C46,'По дням'!$A$2:$A$4000,0)),"по периодам ставки")) | H46: =IF(K46="","",INDEX(Интервалы!$I$2:$I$513,MATCH(K46,Интервалы!$G$2:$G$513,0))) | I46: =IF(K46="","",INDEX(Интервалы!$F$2:$F$513,MATCH(K46,Интервалы!$G$2:$G$513,0))) | J46: =IF(K46="","",INDEX(Интервалы!$H$2:$H$513,MATCH(K46,Интервалы!$G$2:$G$513,0))) | K46: =IFERROR(SMALL(Интервалы!$G$2:$G$513,40),"") | L46: =IF(K46="","",INDEX(Интервалы!$B$2:$B$513,MATCH(K46,Интервалы!$G$2:$G$513,0)))
A47: =IF(K47="","",41) | B47: =IF(K47="","",INDEX(Интервалы!$A$2:$A$513,MATCH(K47,Интервалы!$G$2:$G$513,0))) | C47: =IF(K47="","",INDEX(Интервалы!$C$2:$C$513,MATCH(K47,Интервалы!$G$2:$G$513,0))) | D47: =IF(K47="","",INDEX(Интервалы!$D$2:$D$513,MATCH(K47,Интервалы!$G$2:$G$513,0))) | E47: =IF(K47="","",D47-C47+1) | F47: =IF(K47="","",INDEX(Интервалы!$E$2:$E$513,MATCH(K47,Интервалы!$G$2:$G$513,0))) | G47: =IF(K47="","",IF(H47=1,INDEX('По дням'!$B$2:$B$4000,MATCH(C47,'По дням'!$A$2:$A$4000,0)),"по периодам ставки")) | H47: =IF(K47="","",INDEX(Интервалы!$I$2:$I$513,MATCH(K47,Интервалы!$G$2:$G$513,0))) | I47: =IF(K47="","",INDEX(Интервалы!$F$2:$F$513,MATCH(K47,Интервалы!$G$2:$G$513,0))) | J47: =IF(K47="","",INDEX(Интервалы!$H$2:$H$513,MATCH(K47,Интервалы!$G$2:$G$513,0))) | K47: =IFERROR(SMALL(Интервалы!$G$2:$G$513,41),"") | L47: =IF(K47="","",INDEX(Интервалы!$B$2:$B$513,MATCH(K47,Интервалы!$G$2:$G$513,0)))
A48: =IF(K48="","",42) | B48: =IF(K48="","",INDEX(Интервалы!$A$2:$A$513,MATCH(K48,Интервалы!$G$2:$G$513,0))) | C48: =IF(K48="","",INDEX(Интервалы!$C$2:$C$513,MATCH(K48,Интервалы!$G$2:$G$513,0))) | D48: =IF(K48="","",INDEX(Интервалы!$D$2:$D$513,MATCH(K48,Интервалы!$G$2:$G$513,0))) | E48: =IF(K48="","",D48-C48+1) | F48: =IF(K48="","",INDEX(Интервалы!$E$2:$E$513,MATCH(K48,Интервалы!$G$2:$G$513,0))) | G48: =IF(K48="","",IF(H48=1,INDEX('По дням'!$B$2:$B$4000,MATCH(C48,'По дням'!$A$2:$A$4000,0)),"по периодам ставки")) | H48: =IF(K48="","",INDEX(Интервалы!$I$2:$I$513,MATCH(K48,Интервалы!$G$2:$G$513,0))) | I48: =IF(K48="","",INDEX(Интервалы!$F$2:$F$513,MATCH(K48,Интервалы!$G$2:$G$513,0))) | J48: =IF(K48="","",INDEX(Интервалы!$H$2:$H$513,MATCH(K48,Интервалы!$G$2:$G$513,0))) | K48: =IFERROR(SMALL(Интервалы!$G$2:$G$513,42),"") | L48: =IF(K48="","",INDEX(Интервалы!$B$2:$B$513,MATCH(K48,Интервалы!$G$2:$G$513,0)))
A49: =IF(K49="","",43) | B49: =IF(K49="","",INDEX(Интервалы!$A$2:$A$513,MATCH(K49,Интервалы!$G$2:$G$513,0))) | C49: =IF(K49="","",INDEX(Интервалы!$C$2:$C$513,MATCH(K49,Интервалы!$G$2:$G$513,0))) | D49: =IF(K49="","",INDEX(Интервалы!$D$2:$D$513,MATCH(K49,Интервалы!$G$2:$G$513,0))) | E49: =IF(K49="","",D49-C49+1) | F49: =IF(K49="","",INDEX(Интервалы!$E$2:$E$513,MATCH(K49,Интервалы!$G$2:$G$513,0))) | G49: =IF(K49="","",IF(H49=1,INDEX('По дням'!$B$2:$B$4000,MATCH(C49,'По дням'!$A$2:$A$4000,0)),"по периодам ставки")) | H49: =IF(K49="","",INDEX(Интервалы!$I$2:$I$513,MATCH(K49,Интервалы!$G$2:$G$513,0))) | I49: =IF(K49="","",INDEX(Интервалы!$F$2:$F$513,MATCH(K49,Интервалы!$G$2:$G$513,0))) | J49: =IF(K49="","",INDEX(Интервалы!$H$2:$H$513,MATCH(K49,Интервалы!$G$2:$G$513,0))) | K49: =IFERROR(SMALL(Интервалы!$G$2:$G$513,43),"") | L49: =IF(K49="","",INDEX(Интервалы!$B$2:$B$513,MATCH(K49,Интервалы!$G$2:$G$513,0)))
A50: =IF(K50="","",44) | B50: =IF(K50="","",INDEX(Интервалы!$A$2:$A$513,MATCH(K50,Интервалы!$G$2:$G$513,0))) | C50: =IF(K50="","",INDEX(Интервалы!$C$2:$C$513,MATCH(K50,Интервалы!$G$2:$G$513,0))) | D50: =IF(K50="","",INDEX(Интервалы!$D$2:$D$513,MATCH(K50,Интервалы!$G$2:$G$513,0))) | E50: =IF(K50="","",D50-C50+1) | F50: =IF(K50="","",INDEX(Интервалы!$E$2:$E$513,MATCH(K50,Интервалы!$G$2:$G$513,0))) | G50: =IF(K50="","",IF(H50=1,INDEX('По дням'!$B$2:$B$4000,MATCH(C50,'По дням'!$A$2:$A$4000,0)),"по периодам ставки")) | H50: =IF(K50="","",INDEX(Интервалы!$I$2:$I$513,MATCH(K50,Интервалы!$G$2:$G$513,0))) | I50: =IF(K50="","",INDEX(Интервалы!$F$2:$F$513,MATCH(K50,Интервалы!$G$2:$G$513,0))) | J50: =IF(K50="","",INDEX(Интервалы!$H$2:$H$513,MATCH(K50,Интервалы!$G$2:$G$513,0))) | K50: =IFERROR(SMALL(Интервалы!$G$2:$G$513,44),"") | L50: =IF(K50="","",INDEX(Интервалы!$B$2:$B$513,MATCH(K50,Интервалы!$G$2:$G$513,0)))
A51: =IF(K51="","",45) | B51: =IF(K51="","",INDEX(Интервалы!$A$2:$A$513,MATCH(K51,Интервалы!$G$2:$G$513,0))) | C51: =IF(K51="","",INDEX(Интервалы!$C$2:$C$513,MATCH(K51,Интервалы!$G$2:$G$513,0))) | D51: =IF(K51="","",INDEX(Интервалы!$D$2:$D$513,MATCH(K51,Интервалы!$G$2:$G$513,0))) | E51: =IF(K51="","",D51-C51+1) | F51: =IF(K51="","",INDEX(Интервалы!$E$2:$E$513,MATCH(K51,Интервалы!$G$2:$G$513,0))) | G51: =IF(K51="","",IF(H51=1,INDEX('По дням'!$B$2:$B$4000,MATCH(C51,'По дням'!$A$2:$A$4000,0)),"по периодам ставки")) | H51: =IF(K51="","",INDEX(Интервалы!$I$2:$I$513,MATCH(K51,Интервалы!$G$2:$G$513,0))) | I51: =IF(K51="","",INDEX(Интервалы!$F$2:$F$513,MATCH(K51,Интервалы!$G$2:$G$513,0))) | J51: =IF(K51="","",INDEX(Интервалы!$H$2:$H$513,MATCH(K51,Интервалы!$G$2:$G$513,0))) | K51: =IFERROR(SMALL(Интервалы!$G$2:$G$513,45),"") | L51: =IF(K51="","",INDEX(Интервалы!$B$2:$B$513,MATCH(K51,Интервалы!$G$2:$G$513,0)))
A52: =IF(K52="","",46) | B52: =IF(K52="","",INDEX(Интервалы!$A$2:$A$513,MATCH(K52,Интервалы!$G$2:$G$513,0))) | C52: =IF(K52="","",INDEX(Интервалы!$C$2:$C$513,MATCH(K52,Интервалы!$G$2:$G$513,0))) | D52: =IF(K52="","",INDEX(Интервалы!$D$2:$D$513,MATCH(K52,Интервалы!$G$2:$G$513,0))) | E52: =IF(K52="","",D52-C52+1) | F52: =IF(K52="","",INDEX(Интервалы!$E$2:$E$513,MATCH(K52,Интервалы!$G$2:$G$513,0))) | G52: =IF(K52="","",IF(H52=1,INDEX('По дням'!$B$2:$B$4000,MATCH(C52,'По дням'!$A$2:$A$4000,0)),"по периодам ставки")) | H52: =IF(K52="","",INDEX(Интервалы!$I$2:$I$513,MATCH(K52,Интервалы!$G$2:$G$513,0))) | I52: =IF(K52="","",INDEX(Интервалы!$F$2:$F$513,MATCH(K52,Интервалы!$G$2:$G$513,0))) | J52: =IF(K52="","",INDEX(Интервалы!$H$2:$H$513,MATCH(K52,Интервалы!$G$2:$G$513,0))) | K52: =IFERROR(SMALL(Интервалы!$G$2:$G$513,46),"") | L52: =IF(K52="","",INDEX(Интервалы!$B$2:$B$513,MATCH(K52,Интервалы!$G$2:$G$513,0)))
A53: =IF(K53="","",47) | B53: =IF(K53="","",INDEX(Интервалы!$A$2:$A$513,MATCH(K53,Интервалы!$G$2:$G$513,0))) | C53: =IF(K53="","",INDEX(Интервалы!$C$2:$C$513,MATCH(K53,Интервалы!$G$2:$G$513,0))) | D53: =IF(K53="","",INDEX(Интервалы!$D$2:$D$513,MATCH(K53,Интервалы!$G$2:$G$513,0))) | E53: =IF(K53="","",D53-C53+1) | F53: =IF(K53="","",INDEX(Интервалы!$E$2:$E$513,MATCH(K53,Интервалы!$G$2:$G$513,0))) | G53: =IF(K53="","",IF(H53=1,INDEX('По дням'!$B$2:$B$4000,MATCH(C53,'По дням'!$A$2:$A$4000,0)),"по периодам ставки")) | H53: =IF(K53="","",INDEX(Интервалы!$I$2:$I$513,MATCH(K53,Интервалы!$G$2:$G$513,0))) | I53: =IF(K53="","",INDEX(Интервалы!$F$2:$F$513,MATCH(K53,Интервалы!$G$2:$G$513,0))) | J53: =IF(K53="","",INDEX(Интервалы!$H$2:$H$513,MATCH(K53,Интервалы!$G$2:$G$513,0))) | K53: =IFERROR(SMALL(Интервалы!$G$2:$G$513,47),"") | L53: =IF(K53="","",INDEX(Интервалы!$B$2:$B$513,MATCH(K53,Интервалы!$G$2:$G$513,0)))
A54: =IF(K54="","",48) | B54: =IF(K54="","",INDEX(Интервалы!$A$2:$A$513,MATCH(K54,Интервалы!$G$2:$G$513,0))) | C54: =IF(K54="","",INDEX(Интервалы!$C$2:$C$513,MATCH(K54,Интервалы!$G$2:$G$513,0))) | D54: =IF(K54="","",INDEX(Интервалы!$D$2:$D$513,MATCH(K54,Интервалы!$G$2:$G$513,0))) | E54: =IF(K54="","",D54-C54+1) | F54: =IF(K54="","",INDEX(Интервалы!$E$2:$E$513,MATCH(K54,Интервалы!$G$2:$G$513,0))) | G54: =IF(K54="","",IF(H54=1,INDEX('По дням'!$B$2:$B$4000,MATCH(C54,'По дням'!$A$2:$A$4000,0)),"по периодам ставки")) | H54: =IF(K54="","",INDEX(Интервалы!$I$2:$I$513,MATCH(K54,Интервалы!$G$2:$G$513,0))) | I54: =IF(K54="","",INDEX(Интервалы!$F$2:$F$513,MATCH(K54,Интервалы!$G$2:$G$513,0))) | J54: =IF(K54="","",INDEX(Интервалы!$H$2:$H$513,MATCH(K54,Интервалы!$G$2:$G$513,0))) | K54: =IFERROR(SMALL(Интервалы!$G$2:$G$513,48),"") | L54: =IF(K54="","",INDEX(Интервалы!$B$2:$B$513,MATCH(K54,Интервалы!$G$2:$G$513,0)))
A55: =IF(K55="","",49) | B55: =IF(K55="","",INDEX(Интервалы!$A$2:$A$513,MATCH(K55,Интервалы!$G$2:$G$513,0))) | C55: =IF(K55="","",INDEX(Интервалы!$C$2:$C$513,MATCH(K55,Интервалы!$G$2:$G$513,0))) | D55: =IF(K55="","",INDEX(Интервалы!$D$2:$D$513,MATCH(K55,Интервалы!$G$2:$G$513,0))) | E55: =IF(K55="","",D55-C55+1) | F55: =IF(K55="","",INDEX(Интервалы!$E$2:$E$513,MATCH(K55,Интервалы!$G$2:$G$513,0))) | G55: =IF(K55="","",IF(H55=1,INDEX('По дням'!$B$2:$B$4000,MATCH(C55,'По дням'!$A$2:$A$4000,0)),"по периодам ставки")) | H55: =IF(K55="","",INDEX(Интервалы!$I$2:$I$513,MATCH(K55,Интервалы!$G$2:$G$513,0))) | I55: =IF(K55="","",INDEX(Интервалы!$F$2:$F$513,MATCH(K55,Интервалы!$G$2:$G$513,0))) | J55: =IF(K55="","",INDEX(Интервалы!$H$2:$H$513,MATCH(K55,Интервалы!$G$2:$G$513,0))) | K55: =IFERROR(SMALL(Интервалы!$G$2:$G$513,49),"") | L55: =IF(K55="","",INDEX(Интервалы!$B$2:$B$513,MATCH(K55,Интервалы!$G$2:$G$513,0)))
A56: =IF(K56="","",50) | B56: =IF(K56="","",INDEX(Интервалы!$A$2:$A$513,MATCH(K56,Интервалы!$G$2:$G$513,0))) | C56: =IF(K56="","",INDEX(Интервалы!$C$2:$C$513,MATCH(K56,Интервалы!$G$2:$G$513,0))) | D56: =IF(K56="","",INDEX(Интервалы!$D$2:$D$513,MATCH(K56,Интервалы!$G$2:$G$513,0))) | E56: =IF(K56="","",D56-C56+1) | F56: =IF(K56="","",INDEX(Интервалы!$E$2:$E$513,MATCH(K56,Интервалы!$G$2:$G$513,0))) | G56: =IF(K56="","",IF(H56=1,INDEX('По дням'!$B$2:$B$4000,MATCH(C56,'По дням'!$A$2:$A$4000,0)),"по периодам ставки")) | H56: =IF(K56="","",INDEX(Интервалы!$I$2:$I$513,MATCH(K56,Интервалы!$G$2:$G$513,0))) | I56: =IF(K56="","",INDEX(Интервалы!$F$2:$F$513,MATCH(K56,Интервалы!$G$2:$G$513,0))) | J56: =IF(K56="","",INDEX(Интервалы!$H$2:$H$513,MATCH(K56,Интервалы!$G$2:$G$513,0))) | K56: =IFERROR(SMALL(Интервалы!$G$2:$G$513,50),"") | L56: =IF(K56="","",INDEX(Интервалы!$B$2:$B$513,MATCH(K56,Интервалы!$G$2:$G$513,0)))
A57: =IF(K57="","",51) | B57: =IF(K57="","",INDEX(Интервалы!$A$2:$A$513,MATCH(K57,Интервалы!$G$2:$G$513,0))) | C57: =IF(K57="","",INDEX(Интервалы!$C$2:$C$513,MATCH(K57,Интервалы!$G$2:$G$513,0))) | D57: =IF(K57="","",INDEX(Интервалы!$D$2:$D$513,MATCH(K57,Интервалы!$G$2:$G$513,0))) | E57: =IF(K57="","",D57-C57+1) | F57: =IF(K57="","",INDEX(Интервалы!$E$2:$E$513,MATCH(K57,Интервалы!$G$2:$G$513,0))) | G57: =IF(K57="","",IF(H57=1,INDEX('По дням'!$B$2:$B$4000,MATCH(C57,'По дням'!$A$2:$A$4000,0)),"по периодам ставки")) | H57: =IF(K57="","",INDEX(Интервалы!$I$2:$I$513,MATCH(K57,Интервалы!$G$2:$G$513,0))) | I57: =IF(K57="","",INDEX(Интервалы!$F$2:$F$513,MATCH(K57,Интервалы!$G$2:$G$513,0))) | J57: =IF(K57="","",INDEX(Интервалы!$H$2:$H$513,MATCH(K57,Интервалы!$G$2:$G$513,0))) | K57: =IFERROR(SMALL(Интервалы!$G$2:$G$513,51),"") | L57: =IF(K57="","",INDEX(Интервалы!$B$2:$B$513,MATCH(K57,Интервалы!$G$2:$G$513,0)))
A58: =IF(K58="","",52) | B58: =IF(K58="","",INDEX(Интервалы!$A$2:$A$513,MATCH(K58,Интервалы!$G$2:$G$513,0))) | C58: =IF(K58="","",INDEX(Интервалы!$C$2:$C$513,MATCH(K58,Интервалы!$G$2:$G$513,0))) | D58: =IF(K58="","",INDEX(Интервалы!$D$2:$D$513,MATCH(K58,Интервалы!$G$2:$G$513,0))) | E58: =IF(K58="","",D58-C58+1) | F58: =IF(K58="","",INDEX(Интервалы!$E$2:$E$513,MATCH(K58,Интервалы!$G$2:$G$513,0))) | G58: =IF(K58="","",IF(H58=1,INDEX('По дням'!$B$2:$B$4000,MATCH(C58,'По дням'!$A$2:$A$4000,0)),"по периодам ставки")) | H58: =IF(K58="","",INDEX(Интервалы!$I$2:$I$513,MATCH(K58,Интервалы!$G$2:$G$513,0))) | I58: =IF(K58="","",INDEX(Интервалы!$F$2:$F$513,MATCH(K58,Интервалы!$G$2:$G$513,0))) | J58: =IF(K58="","",INDEX(Интервалы!$H$2:$H$513,MATCH(K58,Интервалы!$G$2:$G$513,0))) | K58: =IFERROR(SMALL(Интервалы!$G$2:$G$513,52),"") | L58: =IF(K58="","",INDEX(Интервалы!$B$2:$B$513,MATCH(K58,Интервалы!$G$2:$G$513,0)))
A59: =IF(K59="","",53) | B59: =IF(K59="","",INDEX(Интервалы!$A$2:$A$513,MATCH(K59,Интервалы!$G$2:$G$513,0))) | C59: =IF(K59="","",INDEX(Интервалы!$C$2:$C$513,MATCH(K59,Интервалы!$G$2:$G$513,0))) | D59: =IF(K59="","",INDEX(Интервалы!$D$2:$D$513,MATCH(K59,Интервалы!$G$2:$G$513,0))) | E59: =IF(K59="","",D59-C59+1) | F59: =IF(K59="","",INDEX(Интервалы!$E$2:$E$513,MATCH(K59,Интервалы!$G$2:$G$513,0))) | G59: =IF(K59="","",IF(H59=1,INDEX('По дням'!$B$2:$B$4000,MATCH(C59,'По дням'!$A$2:$A$4000,0)),"по периодам ставки")) | H59: =IF(K59="","",INDEX(Интервалы!$I$2:$I$513,MATCH(K59,Интервалы!$G$2:$G$513,0))) | I59: =IF(K59="","",INDEX(Интервалы!$F$2:$F$513,MATCH(K59,Интервалы!$G$2:$G$513,0))) | J59: =IF(K59="","",INDEX(Интервалы!$H$2:$H$513,MATCH(K59,Интервалы!$G$2:$G$513,0))) | K59: =IFERROR(SMALL(Интервалы!$G$2:$G$513,53),"") | L59: =IF(K59="","",INDEX(Интервалы!$B$2:$B$513,MATCH(K59,Интервалы!$G$2:$G$513,0)))
A60: =IF(K60="","",54) | B60: =IF(K60="","",INDEX(Интервалы!$A$2:$A$513,MATCH(K60,Интервалы!$G$2:$G$513,0))) | C60: =IF(K60="","",INDEX(Интервалы!$C$2:$C$513,MATCH(K60,Интервалы!$G$2:$G$513,0))) | D60: =IF(K60="","",INDEX(Интервалы!$D$2:$D$513,MATCH(K60,Интервалы!$G$2:$G$513,0))) | E60: =IF(K60="","",D60-C60+1) | F60: =IF(K60="","",INDEX(Интервалы!$E$2:$E$513,MATCH(K60,Интервалы!$G$2:$G$513,0))) | G60: =IF(K60="","",IF(H60=1,INDEX('По дням'!$B$2:$B$4000,MATCH(C60,'По дням'!$A$2:$A$4000,0)),"по периодам ставки")) | H60: =IF(K60="","",INDEX(Интервалы!$I$2:$I$513,MATCH(K60,Интервалы!$G$2:$G$513,0))) | I60: =IF(K60="","",INDEX(Интервалы!$F$2:$F$513,MATCH(K60,Интервалы!$G$2:$G$513,0))) | J60: =IF(K60="","",INDEX(Интервалы!$H$2:$H$513,MATCH(K60,Интервалы!$G$2:$G$513,0))) | K60: =IFERROR(SMALL(Интервалы!$G$2:$G$513,54),"") | L60: =IF(K60="","",INDEX(Интервалы!$B$2:$B$513,MATCH(K60,Интервалы!$G$2:$G$513,0)))
A61: =IF(K61="","",55) | B61: =IF(K61="","",INDEX(Интервалы!$A$2:$A$513,MATCH(K61,Интервалы!$G$2:$G$513,0))) | C61: =IF(K61="","",INDEX(Интервалы!$C$2:$C$513,MATCH(K61,Интервалы!$G$2:$G$513,0))) | D61: =IF(K61="","",INDEX(Интервалы!$D$2:$D$513,MATCH(K61,Интервалы!$G$2:$G$513,0))) | E61: =IF(K61="","",D61-C61+1) | F61: =IF(K61="","",INDEX(Интервалы!$E$2:$E$513,MATCH(K61,Интервалы!$G$2:$G$513,0))) | G61: =IF(K61="","",IF(H61=1,INDEX('По дням'!$B$2:$B$4000,MATCH(C61,'По дням'!$A$2:$A$4000,0)),"по периодам ставки")) | H61: =IF(K61="","",INDEX(Интервалы!$I$2:$I$513,MATCH(K61,Интервалы!$G$2:$G$513,0))) | I61: =IF(K61="","",INDEX(Интервалы!$F$2:$F$513,MATCH(K61,Интервалы!$G$2:$G$513,0))) | J61: =IF(K61="","",INDEX(Интервалы!$H$2:$H$513,MATCH(K61,Интервалы!$G$2:$G$513,0))) | K61: =IFERROR(SMALL(Интервалы!$G$2:$G$513,55),"") | L61: =IF(K61="","",INDEX(Интервалы!$B$2:$B$513,MATCH(K61,Интервалы!$G$2:$G$513,0)))
A62: =IF(K62="","",56) | B62: =IF(K62="","",INDEX(Интервалы!$A$2:$A$513,MATCH(K62,Интервалы!$G$2:$G$513,0))) | C62: =IF(K62="","",INDEX(Интервалы!$C$2:$C$513,MATCH(K62,Интервалы!$G$2:$G$513,0))) | D62: =IF(K62="","",INDEX(Интервалы!$D$2:$D$513,MATCH(K62,Интервалы!$G$2:$G$513,0))) | E62: =IF(K62="","",D62-C62+1) | F62: =IF(K62="","",INDEX(Интервалы!$E$2:$E$513,MATCH(K62,Интервалы!$G$2:$G$513,0))) | G62: =IF(K62="","",IF(H62=1,INDEX('По дням'!$B$2:$B$4000,MATCH(C62,'По дням'!$A$2:$A$4000,0)),"по периодам ставки")) | H62: =IF(K62="","",INDEX(Интервалы!$I$2:$I$513,MATCH(K62,Интервалы!$G$2:$G$513,0))) | I62: =IF(K62="","",INDEX(Интервалы!$F$2:$F$513,MATCH(K62,Интервалы!$G$2:$G$513,0))) | J62: =IF(K62="","",INDEX(Интервалы!$H$2:$H$513,MATCH(K62,Интервалы!$G$2:$G$513,0))) | K62: =IFERROR(SMALL(Интервалы!$G$2:$G$513,56),"") | L62: =IF(K62="","",INDEX(Интервалы!$B$2:$B$513,MATCH(K62,Интервалы!$G$2:$G$513,0)))
A63: =IF(K63="","",57) | B63: =IF(K63="","",INDEX(Интервалы!$A$2:$A$513,MATCH(K63,Интервалы!$G$2:$G$513,0))) | C63: =IF(K63="","",INDEX(Интервалы!$C$2:$C$513,MATCH(K63,Интервалы!$G$2:$G$513,0))) | D63: =IF(K63="","",INDEX(Интервалы!$D$2:$D$513,MATCH(K63,Интервалы!$G$2:$G$513,0))) | E63: =IF(K63="","",D63-C63+1) | F63: =IF(K63="","",INDEX(Интервалы!$E$2:$E$513,MATCH(K63,Интервалы!$G$2:$G$513,0))) | G63: =IF(K63="","",IF(H63=1,INDEX('По дням'!$B$2:$B$4000,MATCH(C63,'По дням'!$A$2:$A$4000,0)),"по периодам ставки")) | H63: =IF(K63="","",INDEX(Интервалы!$I$2:$I$513,MATCH(K63,Интервалы!$G$2:$G$513,0))) | I63: =IF(K63="","",INDEX(Интервалы!$F$2:$F$513,MATCH(K63,Интервалы!$G$2:$G$513,0))) | J63: =IF(K63="","",INDEX(Интервалы!$H$2:$H$513,MATCH(K63,Интервалы!$G$2:$G$513,0))) | K63: =IFERROR(SMALL(Интервалы!$G$2:$G$513,57),"") | L63: =IF(K63="","",INDEX(Интервалы!$B$2:$B$513,MATCH(K63,Интервалы!$G$2:$G$513,0)))
A64: =IF(K64="","",58) | B64: =IF(K64="","",INDEX(Интервалы!$A$2:$A$513,MATCH(K64,Интервалы!$G$2:$G$513,0))) | C64: =IF(K64="","",INDEX(Интервалы!$C$2:$C$513,MATCH(K64,Интервалы!$G$2:$G$513,0))) | D64: =IF(K64="","",INDEX(Интервалы!$D$2:$D$513,MATCH(K64,Интервалы!$G$2:$G$513,0))) | E64: =IF(K64="","",D64-C64+1) | F64: =IF(K64="","",INDEX(Интервалы!$E$2:$E$513,MATCH(K64,Интервалы!$G$2:$G$513,0))) | G64: =IF(K64="","",IF(H64=1,INDEX('По дням'!$B$2:$B$4000,MATCH(C64,'По дням'!$A$2:$A$4000,0)),"по периодам ставки")) | H64: =IF(K64="","",INDEX(Интервалы!$I$2:$I$513,MATCH(K64,Интервалы!$G$2:$G$513,0))) | I64: =IF(K64="","",INDEX(Интервалы!$F$2:$F$513,MATCH(K64,Интервалы!$G$2:$G$513,0))) | J64: =IF(K64="","",INDEX(Интервалы!$H$2:$H$513,MATCH(K64,Интервалы!$G$2:$G$513,0))) | K64: =IFERROR(SMALL(Интервалы!$G$2:$G$513,58),"") | L64: =IF(K64="","",INDEX(Интервалы!$B$2:$B$513,MATCH(K64,Интервалы!$G$2:$G$513,0)))
A65: =IF(K65="","",59) | B65: =IF(K65="","",INDEX(Интервалы!$A$2:$A$513,MATCH(K65,Интервалы!$G$2:$G$513,0))) | C65: =IF(K65="","",INDEX(Интервалы!$C$2:$C$513,MATCH(K65,Интервалы!$G$2:$G$513,0))) | D65: =IF(K65="","",INDEX(Интервалы!$D$2:$D$513,MATCH(K65,Интервалы!$G$2:$G$513,0))) | E65: =IF(K65="","",D65-C65+1) | F65: =IF(K65="","",INDEX(Интервалы!$E$2:$E$513,MATCH(K65,Интервалы!$G$2:$G$513,0))) | G65: =IF(K65="","",IF(H65=1,INDEX('По дням'!$B$2:$B$4000,MATCH(C65,'По дням'!$A$2:$A$4000,0)),"по периодам ставки")) | H65: =IF(K65="","",INDEX(Интервалы!$I$2:$I$513,MATCH(K65,Интервалы!$G$2:$G$513,0))) | I65: =IF(K65="","",INDEX(Интервалы!$F$2:$F$513,MATCH(K65,Интервалы!$G$2:$G$513,0))) | J65: =IF(K65="","",INDEX(Интервалы!$H$2:$H$513,MATCH(K65,Интервалы!$G$2:$G$513,0))) | K65: =IFERROR(SMALL(Интервалы!$G$2:$G$513,59),"") | L65: =IF(K65="","",INDEX(Интервалы!$B$2:$B$513,MATCH(K65,Интервалы!$G$2:$G$513,0)))
A66: =IF(K66="","",60) | B66: =IF(K66="","",INDEX(Интервалы!$A$2:$A$513,MATCH(K66,Интервалы!$G$2:$G$513,0))) | C66: =IF(K66="","",INDEX(Интервалы!$C$2:$C$513,MATCH(K66,Интервалы!$G$2:$G$513,0))) | D66: =IF(K66="","",INDEX(Интервалы!$D$2:$D$513,MATCH(K66,Интервалы!$G$2:$G$513,0))) | E66: =IF(K66="","",D66-C66+1) | F66: =IF(K66="","",INDEX(Интервалы!$E$2:$E$513,MATCH(K66,Интервалы!$G$2:$G$513,0))) | G66: =IF(K66="","",IF(H66=1,INDEX('По дням'!$B$2:$B$4000,MATCH(C66,'По дням'!$A$2:$A$4000,0)),"по периодам ставки")) | H66: =IF(K66="","",INDEX(Интервалы!$I$2:$I$513,MATCH(K66,Интервалы!$G$2:$G$513,0))) | I66: =IF(K66="","",INDEX(Интервалы!$F$2:$F$513,MATCH(K66,Интервалы!$G$2:$G$513,0))) | J66: =IF(K66="","",INDEX(Интервалы!$H$2:$H$513,MATCH(K66,Интервалы!$G$2:$G$513,0))) | K66: =IFERROR(SMALL(Интервалы!$G$2:$G$513,60),"") | L66: =IF(K66="","",INDEX(Интервалы!$B$2:$B$513,MATCH(K66,Интервалы!$G$2:$G$513,0)))
A67: =IF(K67="","",61) | B67: =IF(K67="","",INDEX(Интервалы!$A$2:$A$513,MATCH(K67,Интервалы!$G$2:$G$513,0))) | C67: =IF(K67="","",INDEX(Интервалы!$C$2:$C$513,MATCH(K67,Интервалы!$G$2:$G$513,0))) | D67: =IF(K67="","",INDEX(Интервалы!$D$2:$D$513,MATCH(K67,Интервалы!$G$2:$G$513,0))) | E67: =IF(K67="","",D67-C67+1) | F67: =IF(K67="","",INDEX(Интервалы!$E$2:$E$513,MATCH(K67,Интервалы!$G$2:$G$513,0))) | G67: =IF(K67="","",IF(H67=1,INDEX('По дням'!$B$2:$B$4000,MATCH(C67,'По дням'!$A$2:$A$4000,0)),"по периодам ставки")) | H67: =IF(K67="","",INDEX(Интервалы!$I$2:$I$513,MATCH(K67,Интервалы!$G$2:$G$513,0))) | I67: =IF(K67="","",INDEX(Интервалы!$F$2:$F$513,MATCH(K67,Интервалы!$G$2:$G$513,0))) | J67: =IF(K67="","",INDEX(Интервалы!$H$2:$H$513,MATCH(K67,Интервалы!$G$2:$G$513,0))) | K67: =IFERROR(SMALL(Интервалы!$G$2:$G$513,61),"") | L67: =IF(K67="","",INDEX(Интервалы!$B$2:$B$513,MATCH(K67,Интервалы!$G$2:$G$513,0)))
A68: =IF(K68="","",62) | B68: =IF(K68="","",INDEX(Интервалы!$A$2:$A$513,MATCH(K68,Интервалы!$G$2:$G$513,0))) | C68: =IF(K68="","",INDEX(Интервалы!$C$2:$C$513,MATCH(K68,Интервалы!$G$2:$G$513,0))) | D68: =IF(K68="","",INDEX(Интервалы!$D$2:$D$513,MATCH(K68,Интервалы!$G$2:$G$513,0))) | E68: =IF(K68="","",D68-C68+1) | F68: =IF(K68="","",INDEX(Интервалы!$E$2:$E$513,MATCH(K68,Интервалы!$G$2:$G$513,0))) | G68: =IF(K68="","",IF(H68=1,INDEX('По дням'!$B$2:$B$4000,MATCH(C68,'По дням'!$A$2:$A$4000,0)),"по периодам ставки")) | H68: =IF(K68="","",INDEX(Интервалы!$I$2:$I$513,MATCH(K68,Интервалы!$G$2:$G$513,0))) | I68: =IF(K68="","",INDEX(Интервалы!$F$2:$F$513,MATCH(K68,Интервалы!$G$2:$G$513,0))) | J68: =IF(K68="","",INDEX(Интервалы!$H$2:$H$513,MATCH(K68,Интервалы!$G$2:$G$513,0))) | K68: =IFERROR(SMALL(Интервалы!$G$2:$G$513,62),"") | L68: =IF(K68="","",INDEX(Интервалы!$B$2:$B$513,MATCH(K68,Интервалы!$G$2:$G$513,0)))
A69: =IF(K69="","",63) | B69: =IF(K69="","",INDEX(Интервалы!$A$2:$A$513,MATCH(K69,Интервалы!$G$2:$G$513,0))) | C69: =IF(K69="","",INDEX(Интервалы!$C$2:$C$513,MATCH(K69,Интервалы!$G$2:$G$513,0))) | D69: =IF(K69="","",INDEX(Интервалы!$D$2:$D$513,MATCH(K69,Интервалы!$G$2:$G$513,0))) | E69: =IF(K69="","",D69-C69+1) | F69: =IF(K69="","",INDEX(Интервалы!$E$2:$E$513,MATCH(K69,Интервалы!$G$2:$G$513,0))) | G69: =IF(K69="","",IF(H69=1,INDEX('По дням'!$B$2:$B$4000,MATCH(C69,'По дням'!$A$2:$A$4000,0)),"по периодам ставки")) | H69: =IF(K69="","",INDEX(Интервалы!$I$2:$I$513,MATCH(K69,Интервалы!$G$2:$G$513,0))) | I69: =IF(K69="","",INDEX(Интервалы!$F$2:$F$513,MATCH(K69,Интервалы!$G$2:$G$513,0))) | J69: =IF(K69="","",INDEX(Интервалы!$H$2:$H$513,MATCH(K69,Интервалы!$G$2:$G$513,0))) | K69: =IFERROR(SMALL(Интервалы!$G$2:$G$513,63),"") | L69: =IF(K69="","",INDEX(Интервалы!$B$2:$B$513,MATCH(K69,Интервалы!$G$2:$G$513,0)))
A70: =IF(K70="","",64) | B70: =IF(K70="","",INDEX(Интервалы!$A$2:$A$513,MATCH(K70,Интервалы!$G$2:$G$513,0))) | C70: =IF(K70="","",INDEX(Интервалы!$C$2:$C$513,MATCH(K70,Интервалы!$G$2:$G$513,0))) | D70: =IF(K70="","",INDEX(Интервалы!$D$2:$D$513,MATCH(K70,Интервалы!$G$2:$G$513,0))) | E70: =IF(K70="","",D70-C70+1) | F70: =IF(K70="","",INDEX(Интервалы!$E$2:$E$513,MATCH(K70,Интервалы!$G$2:$G$513,0))) | G70: =IF(K70="","",IF(H70=1,INDEX('По дням'!$B$2:$B$4000,MATCH(C70,'По дням'!$A$2:$A$4000,0)),"по периодам ставки")) | H70: =IF(K70="","",INDEX(Интервалы!$I$2:$I$513,MATCH(K70,Интервалы!$G$2:$G$513,0))) | I70: =IF(K70="","",INDEX(Интервалы!$F$2:$F$513,MATCH(K70,Интервалы!$G$2:$G$513,0))) | J70: =IF(K70="","",INDEX(Интервалы!$H$2:$H$513,MATCH(K70,Интервалы!$G$2:$G$513,0))) | K70: =IFERROR(SMALL(Интервалы!$G$2:$G$513,64),"") | L70: =IF(K70="","",INDEX(Интервалы!$B$2:$B$513,MATCH(K70,Интервалы!$G$2:$G$513,0)))
A71: =IF(K71="","",65) | B71: =IF(K71="","",INDEX(Интервалы!$A$2:$A$513,MATCH(K71,Интервалы!$G$2:$G$513,0))) | C71: =IF(K71="","",INDEX(Интервалы!$C$2:$C$513,MATCH(K71,Интервалы!$G$2:$G$513,0))) | D71: =IF(K71="","",INDEX(Интервалы!$D$2:$D$513,MATCH(K71,Интервалы!$G$2:$G$513,0))) | E71: =IF(K71="","",D71-C71+1) | F71: =IF(K71="","",INDEX(Интервалы!$E$2:$E$513,MATCH(K71,Интервалы!$G$2:$G$513,0))) | G71: =IF(K71="","",IF(H71=1,INDEX('По дням'!$B$2:$B$4000,MATCH(C71,'По дням'!$A$2:$A$4000,0)),"по периодам ставки")) | H71: =IF(K71="","",INDEX(Интервалы!$I$2:$I$513,MATCH(K71,Интервалы!$G$2:$G$513,0))) | I71: =IF(K71="","",INDEX(Интервалы!$F$2:$F$513,MATCH(K71,Интервалы!$G$2:$G$513,0))) | J71: =IF(K71="","",INDEX(Интервалы!$H$2:$H$513,MATCH(K71,Интервалы!$G$2:$G$513,0))) | K71: =IFERROR(SMALL(Интервалы!$G$2:$G$513,65),"") | L71: =IF(K71="","",INDEX(Интервалы!$B$2:$B$513,MATCH(K71,Интервалы!$G$2:$G$513,0)))
A72: =IF(K72="","",66) | B72: =IF(K72="","",INDEX(Интервалы!$A$2:$A$513,MATCH(K72,Интервалы!$G$2:$G$513,0))) | C72: =IF(K72="","",INDEX(Интервалы!$C$2:$C$513,MATCH(K72,Интервалы!$G$2:$G$513,0))) | D72: =IF(K72="","",INDEX(Интервалы!$D$2:$D$513,MATCH(K72,Интервалы!$G$2:$G$513,0))) | E72: =IF(K72="","",D72-C72+1) | F72: =IF(K72="","",INDEX(Интервалы!$E$2:$E$513,MATCH(K72,Интервалы!$G$2:$G$513,0))) | G72: =IF(K72="","",IF(H72=1,INDEX('По дням'!$B$2:$B$4000,MATCH(C72,'По дням'!$A$2:$A$4000,0)),"по периодам ставки")) | H72: =IF(K72="","",INDEX(Интервалы!$I$2:$I$513,MATCH(K72,Интервалы!$G$2:$G$513,0))) | I72: =IF(K72="","",INDEX(Интервалы!$F$2:$F$513,MATCH(K72,Интервалы!$G$2:$G$513,0))) | J72: =IF(K72="","",INDEX(Интервалы!$H$2:$H$513,MATCH(K72,Интервалы!$G$2:$G$513,0))) | K72: =IFERROR(SMALL(Интервалы!$G$2:$G$513,66),"") | L72: =IF(K72="","",INDEX(Интервалы!$B$2:$B$513,MATCH(K72,Интервалы!$G$2:$G$513,0)))
A73: =IF(K73="","",67) | B73: =IF(K73="","",INDEX(Интервалы!$A$2:$A$513,MATCH(K73,Интервалы!$G$2:$G$513,0))) | C73: =IF(K73="","",INDEX(Интервалы!$C$2:$C$513,MATCH(K73,Интервалы!$G$2:$G$513,0))) | D73: =IF(K73="","",INDEX(Интервалы!$D$2:$D$513,MATCH(K73,Интервалы!$G$2:$G$513,0))) | E73: =IF(K73="","",D73-C73+1) | F73: =IF(K73="","",INDEX(Интервалы!$E$2:$E$513,MATCH(K73,Интервалы!$G$2:$G$513,0))) | G73: =IF(K73="","",IF(H73=1,INDEX('По дням'!$B$2:$B$4000,MATCH(C73,'По дням'!$A$2:$A$4000,0)),"по периодам ставки")) | H73: =IF(K73="","",INDEX(Интервалы!$I$2:$I$513,MATCH(K73,Интервалы!$G$2:$G$513,0))) | I73: =IF(K73="","",INDEX(Интервалы!$F$2:$F$513,MATCH(K73,Интервалы!$G$2:$G$513,0))) | J73: =IF(K73="","",INDEX(Интервалы!$H$2:$H$513,MATCH(K73,Интервалы!$G$2:$G$513,0))) | K73: =IFERROR(SMALL(Интервалы!$G$2:$G$513,67),"") | L73: =IF(K73="","",INDEX(Интервалы!$B$2:$B$513,MATCH(K73,Интервалы!$G$2:$G$513,0)))
A74: =IF(K74="","",68) | B74: =IF(K74="","",INDEX(Интервалы!$A$2:$A$513,MATCH(K74,Интервалы!$G$2:$G$513,0))) | C74: =IF(K74="","",INDEX(Интервалы!$C$2:$C$513,MATCH(K74,Интервалы!$G$2:$G$513,0))) | D74: =IF(K74="","",INDEX(Интервалы!$D$2:$D$513,MATCH(K74,Интервалы!$G$2:$G$513,0))) | E74: =IF(K74="","",D74-C74+1) | F74: =IF(K74="","",INDEX(Интервалы!$E$2:$E$513,MATCH(K74,Интервалы!$G$2:$G$513,0))) | G74: =IF(K74="","",IF(H74=1,INDEX('По дням'!$B$2:$B$4000,MATCH(C74,'По дням'!$A$2:$A$4000,0)),"по периодам ставки")) | H74: =IF(K74="","",INDEX(Интервалы!$I$2:$I$513,MATCH(K74,Интервалы!$G$2:$G$513,0))) | I74: =IF(K74="","",INDEX(Интервалы!$F$2:$F$513,MATCH(K74,Интервалы!$G$2:$G$513,0))) | J74: =IF(K74="","",INDEX(Интервалы!$H$2:$H$513,MATCH(K74,Интервалы!$G$2:$G$513,0))) | K74: =IFERROR(SMALL(Интервалы!$G$2:$G$513,68),"") | L74: =IF(K74="","",INDEX(Интервалы!$B$2:$B$513,MATCH(K74,Интервалы!$G$2:$G$513,0)))
A75: =IF(K75="","",69) | B75: =IF(K75="","",INDEX(Интервалы!$A$2:$A$513,MATCH(K75,Интервалы!$G$2:$G$513,0))) | C75: =IF(K75="","",INDEX(Интервалы!$C$2:$C$513,MATCH(K75,Интервалы!$G$2:$G$513,0))) | D75: =IF(K75="","",INDEX(Интервалы!$D$2:$D$513,MATCH(K75,Интервалы!$G$2:$G$513,0))) | E75: =IF(K75="","",D75-C75+1) | F75: =IF(K75="","",INDEX(Интервалы!$E$2:$E$513,MATCH(K75,Интервалы!$G$2:$G$513,0))) | G75: =IF(K75="","",IF(H75=1,INDEX('По дням'!$B$2:$B$4000,MATCH(C75,'По дням'!$A$2:$A$4000,0)),"по периодам ставки")) | H75: =IF(K75="","",INDEX(Интервалы!$I$2:$I$513,MATCH(K75,Интервалы!$G$2:$G$513,0))) | I75: =IF(K75="","",INDEX(Интервалы!$F$2:$F$513,MATCH(K75,Интервалы!$G$2:$G$513,0))) | J75: =IF(K75="","",INDEX(Интервалы!$H$2:$H$513,MATCH(K75,Интервалы!$G$2:$G$513,0))) | K75: =IFERROR(SMALL(Интервалы!$G$2:$G$513,69),"") | L75: =IF(K75="","",INDEX(Интервалы!$B$2:$B$513,MATCH(K75,Интервалы!$G$2:$G$513,0)))
A76: =IF(K76="","",70) | B76: =IF(K76="","",INDEX(Интервалы!$A$2:$A$513,MATCH(K76,Интервалы!$G$2:$G$513,0))) | C76: =IF(K76="","",INDEX(Интервалы!$C$2:$C$513,MATCH(K76,Интервалы!$G$2:$G$513,0))) | D76: =IF(K76="","",INDEX(Интервалы!$D$2:$D$513,MATCH(K76,Интервалы!$G$2:$G$513,0))) | E76: =IF(K76="","",D76-C76+1) | F76: =IF(K76="","",INDEX(Интервалы!$E$2:$E$513,MATCH(K76,Интервалы!$G$2:$G$513,0))) | G76: =IF(K76="","",IF(H76=1,INDEX('По дням'!$B$2:$B$4000,MATCH(C76,'По дням'!$A$2:$A$4000,0)),"по периодам ставки")) | H76: =IF(K76="","",INDEX(Интервалы!$I$2:$I$513,MATCH(K76,Интервалы!$G$2:$G$513,0))) | I76: =IF(K76="","",INDEX(Интервалы!$F$2:$F$513,MATCH(K76,Интервалы!$G$2:$G$513,0))) | J76: =IF(K76="","",INDEX(Интервалы!$H$2:$H$513,MATCH(K76,Интервалы!$G$2:$G$513,0))) | K76: =IFERROR(SMALL(Интервалы!$G$2:$G$513,70),"") | L76: =IF(K76="","",INDEX(Интервалы!$B$2:$B$513,MATCH(K76,Интервалы!$G$2:$G$513,0)))
A77: =IF(K77="","",71) | B77: =IF(K77="","",INDEX(Интервалы!$A$2:$A$513,MATCH(K77,Интервалы!$G$2:$G$513,0))) | C77: =IF(K77="","",INDEX(Интервалы!$C$2:$C$513,MATCH(K77,Интервалы!$G$2:$G$513,0))) | D77: =IF(K77="","",INDEX(Интервалы!$D$2:$D$513,MATCH(K77,Интервалы!$G$2:$G$513,0))) | E77: =IF(K77="","",D77-C77+1) | F77: =IF(K77="","",INDEX(Интервалы!$E$2:$E$513,MATCH(K77,Интервалы!$G$2:$G$513,0))) | G77: =IF(K77="","",IF(H77=1,INDEX('По дням'!$B$2:$B$4000,MATCH(C77,'По дням'!$A$2:$A$4000,0)),"по периодам ставки")) | H77: =IF(K77="","",INDEX(Интервалы!$I$2:$I$513,MATCH(K77,Интервалы!$G$2:$G$513,0))) | I77: =IF(K77="","",INDEX(Интервалы!$F$2:$F$513,MATCH(K77,Интервалы!$G$2:$G$513,0))) | J77: =IF(K77="","",INDEX(Интервалы!$H$2:$H$513,MATCH(K77,Интервалы!$G$2:$G$513,0))) | K77: =IFERROR(SMALL(Интервалы!$G$2:$G$513,71),"") | L77: =IF(K77="","",INDEX(Интервалы!$B$2:$B$513,MATCH(K77,Интервалы!$G$2:$G$513,0)))
A78: =IF(K78="","",72) | B78: =IF(K78="","",INDEX(Интервалы!$A$2:$A$513,MATCH(K78,Интервалы!$G$2:$G$513,0))) | C78: =IF(K78="","",INDEX(Интервалы!$C$2:$C$513,MATCH(K78,Интервалы!$G$2:$G$513,0))) | D78: =IF(K78="","",INDEX(Интервалы!$D$2:$D$513,MATCH(K78,Интервалы!$G$2:$G$513,0))) | E78: =IF(K78="","",D78-C78+1) | F78: =IF(K78="","",INDEX(Интервалы!$E$2:$E$513,MATCH(K78,Интервалы!$G$2:$G$513,0))) | G78: =IF(K78="","",IF(H78=1,INDEX('По дням'!$B$2:$B$4000,MATCH(C78,'По дням'!$A$2:$A$4000,0)),"по периодам ставки")) | H78: =IF(K78="","",INDEX(Интервалы!$I$2:$I$513,MATCH(K78,Интервалы!$G$2:$G$513,0))) | I78: =IF(K78="","",INDEX(Интервалы!$F$2:$F$513,MATCH(K78,Интервалы!$G$2:$G$513,0))) | J78: =IF(K78="","",INDEX(Интервалы!$H$2:$H$513,MATCH(K78,Интервалы!$G$2:$G$513,0))) | K78: =IFERROR(SMALL(Интервалы!$G$2:$G$513,72),"") | L78: =IF(K78="","",INDEX(Интервалы!$B$2:$B$513,MATCH(K78,Интервалы!$G$2:$G$513,0)))
A79: =IF(K79="","",73) | B79: =IF(K79="","",INDEX(Интервалы!$A$2:$A$513,MATCH(K79,Интервалы!$G$2:$G$513,0))) | C79: =IF(K79="","",INDEX(Интервалы!$C$2:$C$513,MATCH(K79,Интервалы!$G$2:$G$513,0))) | D79: =IF(K79="","",INDEX(Интервалы!$D$2:$D$513,MATCH(K79,Интервалы!$G$2:$G$513,0))) | E79: =IF(K79="","",D79-C79+1) | F79: =IF(K79="","",INDEX(Интервалы!$E$2:$E$513,MATCH(K79,Интервалы!$G$2:$G$513,0))) | G79: =IF(K79="","",IF(H79=1,INDEX('По дням'!$B$2:$B$4000,MATCH(C79,'По дням'!$A$2:$A$4000,0)),"по периодам ставки")) | H79: =IF(K79="","",INDEX(Интервалы!$I$2:$I$513,MATCH(K79,Интервалы!$G$2:$G$513,0))) | I79: =IF(K79="","",INDEX(Интервалы!$F$2:$F$513,MATCH(K79,Интервалы!$G$2:$G$513,0))) | J79: =IF(K79="","",INDEX(Интервалы!$H$2:$H$513,MATCH(K79,Интервалы!$G$2:$G$513,0))) | K79: =IFERROR(SMALL(Интервалы!$G$2:$G$513,73),"") | L79: =IF(K79="","",INDEX(Интервалы!$B$2:$B$513,MATCH(K79,Интервалы!$G$2:$G$513,0)))
A80: =IF(K80="","",74) | B80: =IF(K80="","",INDEX(Интервалы!$A$2:$A$513,MATCH(K80,Интервалы!$G$2:$G$513,0))) | C80: =IF(K80="","",INDEX(Интервалы!$C$2:$C$513,MATCH(K80,Интервалы!$G$2:$G$513,0))) | D80: =IF(K80="","",INDEX(Интервалы!$D$2:$D$513,MATCH(K80,Интервалы!$G$2:$G$513,0))) | E80: =IF(K80="","",D80-C80+1) | F80: =IF(K80="","",INDEX(Интервалы!$E$2:$E$513,MATCH(K80,Интервалы!$G$2:$G$513,0))) | G80: =IF(K80="","",IF(H80=1,INDEX('По дням'!$B$2:$B$4000,MATCH(C80,'По дням'!$A$2:$A$4000,0)),"по периодам ставки")) | H80: =IF(K80="","",INDEX(Интервалы!$I$2:$I$513,MATCH(K80,Интервалы!$G$2:$G$513,0))) | I80: =IF(K80="","",INDEX(Интервалы!$F$2:$F$513,MATCH(K80,Интервалы!$G$2:$G$513,0))) | J80: =IF(K80="","",INDEX(Интервалы!$H$2:$H$513,MATCH(K80,Интервалы!$G$2:$G$513,0))) | K80: =IFERROR(SMALL(Интервалы!$G$2:$G$513,74),"") | L80: =IF(K80="","",INDEX(Интервалы!$B$2:$B$513,MATCH(K80,Интервалы!$G$2:$G$513,0)))
A81: =IF(K81="","",75) | B81: =IF(K81="","",INDEX(Интервалы!$A$2:$A$513,MATCH(K81,Интервалы!$G$2:$G$513,0))) | C81: =IF(K81="","",INDEX(Интервалы!$C$2:$C$513,MATCH(K81,Интервалы!$G$2:$G$513,0))) | D81: =IF(K81="","",INDEX(Интервалы!$D$2:$D$513,MATCH(K81,Интервалы!$G$2:$G$513,0))) | E81: =IF(K81="","",D81-C81+1) | F81: =IF(K81="","",INDEX(Интервалы!$E$2:$E$513,MATCH(K81,Интервалы!$G$2:$G$513,0))) | G81: =IF(K81="","",IF(H81=1,INDEX('По дням'!$B$2:$B$4000,MATCH(C81,'По дням'!$A$2:$A$4000,0)),"по периодам ставки")) | H81: =IF(K81="","",INDEX(Интервалы!$I$2:$I$513,MATCH(K81,Интервалы!$G$2:$G$513,0))) | I81: =IF(K81="","",INDEX(Интервалы!$F$2:$F$513,MATCH(K81,Интервалы!$G$2:$G$513,0))) | J81: =IF(K81="","",INDEX(Интервалы!$H$2:$H$513,MATCH(K81,Интервалы!$G$2:$G$513,0))) | K81: =IFERROR(SMALL(Интервалы!$G$2:$G$513,75),"") | L81: =IF(K81="","",INDEX(Интервалы!$B$2:$B$513,MATCH(K81,Интервалы!$G$2:$G$513,0)))
A82: =IF(K82="","",76) | B82: =IF(K82="","",INDEX(Интервалы!$A$2:$A$513,MATCH(K82,Интервалы!$G$2:$G$513,0))) | C82: =IF(K82="","",INDEX(Интервалы!$C$2:$C$513,MATCH(K82,Интервалы!$G$2:$G$513,0))) | D82: =IF(K82="","",INDEX(Интервалы!$D$2:$D$513,MATCH(K82,Интервалы!$G$2:$G$513,0))) | E82: =IF(K82="","",D82-C82+1) | F82: =IF(K82="","",INDEX(Интервалы!$E$2:$E$513,MATCH(K82,Интервалы!$G$2:$G$513,0))) | G82: =IF(K82="","",IF(H82=1,INDEX('По дням'!$B$2:$B$4000,MATCH(C82,'По дням'!$A$2:$A$4000,0)),"по периодам ставки")) | H82: =IF(K82="","",INDEX(Интервалы!$I$2:$I$513,MATCH(K82,Интервалы!$G$2:$G$513,0))) | I82: =IF(K82="","",INDEX(Интервалы!$F$2:$F$513,MATCH(K82,Интервалы!$G$2:$G$513,0))) | J82: =IF(K82="","",INDEX(Интервалы!$H$2:$H$513,MATCH(K82,Интервалы!$G$2:$G$513,0))) | K82: =IFERROR(SMALL(Интервалы!$G$2:$G$513,76),"") | L82: =IF(K82="","",INDEX(Интервалы!$B$2:$B$513,MATCH(K82,Интервалы!$G$2:$G$513,0)))
A83: =IF(K83="","",77) | B83: =IF(K83="","",INDEX(Интервалы!$A$2:$A$513,MATCH(K83,Интервалы!$G$2:$G$513,0))) | C83: =IF(K83="","",INDEX(Интервалы!$C$2:$C$513,MATCH(K83,Интервалы!$G$2:$G$513,0))) | D83: =IF(K83="","",INDEX(Интервалы!$D$2:$D$513,MATCH(K83,Интервалы!$G$2:$G$513,0))) | E83: =IF(K83="","",D83-C83+1) | F83: =IF(K83="","",INDEX(Интервалы!$E$2:$E$513,MATCH(K83,Интервалы!$G$2:$G$513,0))) | G83: =IF(K83="","",IF(H83=1,INDEX('По дням'!$B$2:$B$4000,MATCH(C83,'По дням'!$A$2:$A$4000,0)),"по периодам ставки")) | H83: =IF(K83="","",INDEX(Интервалы!$I$2:$I$513,MATCH(K83,Интервалы!$G$2:$G$513,0))) | I83: =IF(K83="","",INDEX(Интервалы!$F$2:$F$513,MATCH(K83,Интервалы!$G$2:$G$513,0))) | J83: =IF(K83="","",INDEX(Интервалы!$H$2:$H$513,MATCH(K83,Интервалы!$G$2:$G$513,0))) | K83: =IFERROR(SMALL(Интервалы!$G$2:$G$513,77),"") | L83: =IF(K83="","",INDEX(Интервалы!$B$2:$B$513,MATCH(K83,Интервалы!$G$2:$G$513,0)))
A84: =IF(K84="","",78) | B84: =IF(K84="","",INDEX(Интервалы!$A$2:$A$513,MATCH(K84,Интервалы!$G$2:$G$513,0))) | C84: =IF(K84="","",INDEX(Интервалы!$C$2:$C$513,MATCH(K84,Интервалы!$G$2:$G$513,0))) | D84: =IF(K84="","",INDEX(Интервалы!$D$2:$D$513,MATCH(K84,Интервалы!$G$2:$G$513,0))) | E84: =IF(K84="","",D84-C84+1) | F84: =IF(K84="","",INDEX(Интервалы!$E$2:$E$513,MATCH(K84,Интервалы!$G$2:$G$513,0))) | G84: =IF(K84="","",IF(H84=1,INDEX('По дням'!$B$2:$B$4000,MATCH(C84,'По дням'!$A$2:$A$4000,0)),"по периодам ставки")) | H84: =IF(K84="","",INDEX(Интервалы!$I$2:$I$513,MATCH(K84,Интервалы!$G$2:$G$513,0))) | I84: =IF(K84="","",INDEX(Интервалы!$F$2:$F$513,MATCH(K84,Интервалы!$G$2:$G$513,0))) | J84: =IF(K84="","",INDEX(Интервалы!$H$2:$H$513,MATCH(K84,Интервалы!$G$2:$G$513,0))) | K84: =IFERROR(SMALL(Интервалы!$G$2:$G$513,78),"") | L84: =IF(K84="","",INDEX(Интервалы!$B$2:$B$513,MATCH(K84,Интервалы!$G$2:$G$513,0)))
A85: =IF(K85="","",79) | B85: =IF(K85="","",INDEX(Интервалы!$A$2:$A$513,MATCH(K85,Интервалы!$G$2:$G$513,0))) | C85: =IF(K85="","",INDEX(Интервалы!$C$2:$C$513,MATCH(K85,Интервалы!$G$2:$G$513,0))) | D85: =IF(K85="","",INDEX(Интервалы!$D$2:$D$513,MATCH(K85,Интервалы!$G$2:$G$513,0))) | E85: =IF(K85="","",D85-C85+1) | F85: =IF(K85="","",INDEX(Интервалы!$E$2:$E$513,MATCH(K85,Интервалы!$G$2:$G$513,0))) | G85: =IF(K85="","",IF(H85=1,INDEX('По дням'!$B$2:$B$4000,MATCH(C85,'По дням'!$A$2:$A$4000,0)),"по периодам ставки")) | H85: =IF(K85="","",INDEX(Интервалы!$I$2:$I$513,MATCH(K85,Интервалы!$G$2:$G$513,0))) | I85: =IF(K85="","",INDEX(Интервалы!$F$2:$F$513,MATCH(K85,Интервалы!$G$2:$G$513,0))) | J85: =IF(K85="","",INDEX(Интервалы!$H$2:$H$513,MATCH(K85,Интервалы!$G$2:$G$513,0))) | K85: =IFERROR(SMALL(Интервалы!$G$2:$G$513,79),"") | L85: =IF(K85="","",INDEX(Интервалы!$B$2:$B$513,MATCH(K85,Интервалы!$G$2:$G$513,0)))
A86: =IF(K86="","",80) | B86: =IF(K86="","",INDEX(Интервалы!$A$2:$A$513,MATCH(K86,Интервалы!$G$2:$G$513,0))) | C86: =IF(K86="","",INDEX(Интервалы!$C$2:$C$513,MATCH(K86,Интервалы!$G$2:$G$513,0))) | D86: =IF(K86="","",INDEX(Интервалы!$D$2:$D$513,MATCH(K86,Интервалы!$G$2:$G$513,0))) | E86: =IF(K86="","",D86-C86+1) | F86: =IF(K86="","",INDEX(Интервалы!$E$2:$E$513,MATCH(K86,Интервалы!$G$2:$G$513,0))) | G86: =IF(K86="","",IF(H86=1,INDEX('По дням'!$B$2:$B$4000,MATCH(C86,'По дням'!$A$2:$A$4000,0)),"по периодам ставки")) | H86: =IF(K86="","",INDEX(Интервалы!$I$2:$I$513,MATCH(K86,Интервалы!$G$2:$G$513,0))) | I86: =IF(K86="","",INDEX(Интервалы!$F$2:$F$513,MATCH(K86,Интервалы!$G$2:$G$513,0))) | J86: =IF(K86="","",INDEX(Интервалы!$H$2:$H$513,MATCH(K86,Интервалы!$G$2:$G$513,0))) | K86: =IFERROR(SMALL(Интервалы!$G$2:$G$513,80),"") | L86: =IF(K86="","",INDEX(Интервалы!$B$2:$B$513,MATCH(K86,Интервалы!$G$2:$G$513,0)))
A87: =IF(K87="","",81) | B87: =IF(K87="","",INDEX(Интервалы!$A$2:$A$513,MATCH(K87,Интервалы!$G$2:$G$513,0))) | C87: =IF(K87="","",INDEX(Интервалы!$C$2:$C$513,MATCH(K87,Интервалы!$G$2:$G$513,0))) | D87: =IF(K87="","",INDEX(Интервалы!$D$2:$D$513,MATCH(K87,Интервалы!$G$2:$G$513,0))) | E87: =IF(K87="","",D87-C87+1) | F87: =IF(K87="","",INDEX(Интервалы!$E$2:$E$513,MATCH(K87,Интервалы!$G$2:$G$513,0))) | G87: =IF(K87="","",IF(H87=1,INDEX('По дням'!$B$2:$B$4000,MATCH(C87,'По дням'!$A$2:$A$4000,0)),"по периодам ставки")) | H87: =IF(K87="","",INDEX(Интервалы!$I$2:$I$513,MATCH(K87,Интервалы!$G$2:$G$513,0))) | I87: =IF(K87="","",INDEX(Интервалы!$F$2:$F$513,MATCH(K87,Интервалы!$G$2:$G$513,0))) | J87: =IF(K87="","",INDEX(Интервалы!$H$2:$H$513,MATCH(K87,Интервалы!$G$2:$G$513,0))) | K87: =IFERROR(SMALL(Интервалы!$G$2:$G$513,81),"") | L87: =IF(K87="","",INDEX(Интервалы!$B$2:$B$513,MATCH(K87,Интервалы!$G$2:$G$513,0)))
A88: =IF(K88="","",82) | B88: =IF(K88="","",INDEX(Интервалы!$A$2:$A$513,MATCH(K88,Интервалы!$G$2:$G$513,0))) | C88: =IF(K88="","",INDEX(Интервалы!$C$2:$C$513,MATCH(K88,Интервалы!$G$2:$G$513,0))) | D88: =IF(K88="","",INDEX(Интервалы!$D$2:$D$513,MATCH(K88,Интервалы!$G$2:$G$513,0))) | E88: =IF(K88="","",D88-C88+1) | F88: =IF(K88="","",INDEX(Интервалы!$E$2:$E$513,MATCH(K88,Интервалы!$G$2:$G$513,0))) | G88: =IF(K88="","",IF(H88=1,INDEX('По дням'!$B$2:$B$4000,MATCH(C88,'По дням'!$A$2:$A$4000,0)),"по периодам ставки")) | H88: =IF(K88="","",INDEX(Интервалы!$I$2:$I$513,MATCH(K88,Интервалы!$G$2:$G$513,0))) | I88: =IF(K88="","",INDEX(Интервалы!$F$2:$F$513,MATCH(K88,Интервалы!$G$2:$G$513,0))) | J88: =IF(K88="","",INDEX(Интервалы!$H$2:$H$513,MATCH(K88,Интервалы!$G$2:$G$513,0))) | K88: =IFERROR(SMALL(Интервалы!$G$2:$G$513,82),"") | L88: =IF(K88="","",INDEX(Интервалы!$B$2:$B$513,MATCH(K88,Интервалы!$G$2:$G$513,0)))
A89: =IF(K89="","",83) | B89: =IF(K89="","",INDEX(Интервалы!$A$2:$A$513,MATCH(K89,Интервалы!$G$2:$G$513,0))) | C89: =IF(K89="","",INDEX(Интервалы!$C$2:$C$513,MATCH(K89,Интервалы!$G$2:$G$513,0))) | D89: =IF(K89="","",INDEX(Интервалы!$D$2:$D$513,MATCH(K89,Интервалы!$G$2:$G$513,0))) | E89: =IF(K89="","",D89-C89+1) | F89: =IF(K89="","",INDEX(Интервалы!$E$2:$E$513,MATCH(K89,Интервалы!$G$2:$G$513,0))) | G89: =IF(K89="","",IF(H89=1,INDEX('По дням'!$B$2:$B$4000,MATCH(C89,'По дням'!$A$2:$A$4000,0)),"по периодам ставки")) | H89: =IF(K89="","",INDEX(Интервалы!$I$2:$I$513,MATCH(K89,Интервалы!$G$2:$G$513,0))) | I89: =IF(K89="","",INDEX(Интервалы!$F$2:$F$513,MATCH(K89,Интервалы!$G$2:$G$513,0))) | J89: =IF(K89="","",INDEX(Интервалы!$H$2:$H$513,MATCH(K89,Интервалы!$G$2:$G$513,0))) | K89: =IFERROR(SMALL(Интервалы!$G$2:$G$513,83),"") | L89: =IF(K89="","",INDEX(Интервалы!$B$2:$B$513,MATCH(K89,Интервалы!$G$2:$G$513,0)))
A90: =IF(K90="","",84) | B90: =IF(K90="","",INDEX(Интервалы!$A$2:$A$513,MATCH(K90,Интервалы!$G$2:$G$513,0))) | C90: =IF(K90="","",INDEX(Интервалы!$C$2:$C$513,MATCH(K90,Интервалы!$G$2:$G$513,0))) | D90: =IF(K90="","",INDEX(Интервалы!$D$2:$D$513,MATCH(K90,Интервалы!$G$2:$G$513,0))) | E90: =IF(K90="","",D90-C90+1) | F90: =IF(K90="","",INDEX(Интервалы!$E$2:$E$513,MATCH(K90,Интервалы!$G$2:$G$513,0))) | G90: =IF(K90="","",IF(H90=1,INDEX('По дням'!$B$2:$B$4000,MATCH(C90,'По дням'!$A$2:$A$4000,0)),"по периодам ставки")) | H90: =IF(K90="","",INDEX(Интервалы!$I$2:$I$513,MATCH(K90,Интервалы!$G$2:$G$513,0))) | I90: =IF(K90="","",INDEX(Интервалы!$F$2:$F$513,MATCH(K90,Интервалы!$G$2:$G$513,0))) | J90: =IF(K90="","",INDEX(Интервалы!$H$2:$H$513,MATCH(K90,Интервалы!$G$2:$G$513,0))) | K90: =IFERROR(SMALL(Интервалы!$G$2:$G$513,84),"") | L90: =IF(K90="","",INDEX(Интервалы!$B$2:$B$513,MATCH(K90,Интервалы!$G$2:$G$513,0)))
A91: =IF(K91="","",85) | B91: =IF(K91="","",INDEX(Интервалы!$A$2:$A$513,MATCH(K91,Интервалы!$G$2:$G$513,0))) | C91: =IF(K91="","",INDEX(Интервалы!$C$2:$C$513,MATCH(K91,Интервалы!$G$2:$G$513,0))) | D91: =IF(K91="","",INDEX(Интервалы!$D$2:$D$513,MATCH(K91,Интервалы!$G$2:$G$513,0))) | E91: =IF(K91="","",D91-C91+1) | F91: =IF(K91="","",INDEX(Интервалы!$E$2:$E$513,MATCH(K91,Интервалы!$G$2:$G$513,0))) | G91: =IF(K91="","",IF(H91=1,INDEX('По дням'!$B$2:$B$4000,MATCH(C91,'По дням'!$A$2:$A$4000,0)),"по периодам ставки")) | H91: =IF(K91="","",INDEX(Интервалы!$I$2:$I$513,MATCH(K91,Интервалы!$G$2:$G$513,0))) | I91: =IF(K91="","",INDEX(Интервалы!$F$2:$F$513,MATCH(K91,Интервалы!$G$2:$G$513,0))) | J91: =IF(K91="","",INDEX(Интервалы!$H$2:$H$513,MATCH(K91,Интервалы!$G$2:$G$513,0))) | K91: =IFERROR(SMALL(Интервалы!$G$2:$G$513,85),"") | L91: =IF(K91="","",INDEX(Интервалы!$B$2:$B$513,MATCH(K91,Интервалы!$G$2:$G$513,0)))
A92: =IF(K92="","",86) | B92: =IF(K92="","",INDEX(Интервалы!$A$2:$A$513,MATCH(K92,Интервалы!$G$2:$G$513,0))) | C92: =IF(K92="","",INDEX(Интервалы!$C$2:$C$513,MATCH(K92,Интервалы!$G$2:$G$513,0))) | D92: =IF(K92="","",INDEX(Интервалы!$D$2:$D$513,MATCH(K92,Интервалы!$G$2:$G$513,0))) | E92: =IF(K92="","",D92-C92+1) | F92: =IF(K92="","",INDEX(Интервалы!$E$2:$E$513,MATCH(K92,Интервалы!$G$2:$G$513,0))) | G92: =IF(K92="","",IF(H92=1,INDEX('По дням'!$B$2:$B$4000,MATCH(C92,'По дням'!$A$2:$A$4000,0)),"по периодам ставки")) | H92: =IF(K92="","",INDEX(Интервалы!$I$2:$I$513,MATCH(K92,Интервалы!$G$2:$G$513,0))) | I92: =IF(K92="","",INDEX(Интервалы!$F$2:$F$513,MATCH(K92,Интервалы!$G$2:$G$513,0))) | J92: =IF(K92="","",INDEX(Интервалы!$H$2:$H$513,MATCH(K92,Интервалы!$G$2:$G$513,0))) | K92: =IFERROR(SMALL(Интервалы!$G$2:$G$513,86),"") | L92: =IF(K92="","",INDEX(Интервалы!$B$2:$B$513,MATCH(K92,Интервалы!$G$2:$G$513,0)))
A93: =IF(K93="","",87) | B93: =IF(K93="","",INDEX(Интервалы!$A$2:$A$513,MATCH(K93,Интервалы!$G$2:$G$513,0))) | C93: =IF(K93="","",INDEX(Интервалы!$C$2:$C$513,MATCH(K93,Интервалы!$G$2:$G$513,0))) | D93: =IF(K93="","",INDEX(Интервалы!$D$2:$D$513,MATCH(K93,Интервалы!$G$2:$G$513,0))) | E93: =IF(K93="","",D93-C93+1) | F93: =IF(K93="","",INDEX(Интервалы!$E$2:$E$513,MATCH(K93,Интервалы!$G$2:$G$513,0))) | G93: =IF(K93="","",IF(H93=1,INDEX('По дням'!$B$2:$B$4000,MATCH(C93,'По дням'!$A$2:$A$4000,0)),"по периодам ставки")) | H93: =IF(K93="","",INDEX(Интервалы!$I$2:$I$513,MATCH(K93,Интервалы!$G$2:$G$513,0))) | I93: =IF(K93="","",INDEX(Интервалы!$F$2:$F$513,MATCH(K93,Интервалы!$G$2:$G$513,0))) | J93: =IF(K93="","",INDEX(Интервалы!$H$2:$H$513,MATCH(K93,Интервалы!$G$2:$G$513,0))) | K93: =IFERROR(SMALL(Интервалы!$G$2:$G$513,87),"") | L93: =IF(K93="","",INDEX(Интервалы!$B$2:$B$513,MATCH(K93,Интервалы!$G$2:$G$513,0)))
A94: =IF(K94="","",88) | B94: =IF(K94="","",INDEX(Интервалы!$A$2:$A$513,MATCH(K94,Интервалы!$G$2:$G$513,0))) | C94: =IF(K94="","",INDEX(Интервалы!$C$2:$C$513,MATCH(K94,Интервалы!$G$2:$G$513,0))) | D94: =IF(K94="","",INDEX(Интервалы!$D$2:$D$513,MATCH(K94,Интервалы!$G$2:$G$513,0))) | E94: =IF(K94="","",D94-C94+1) | F94: =IF(K94="","",INDEX(Интервалы!$E$2:$E$513,MATCH(K94,Интервалы!$G$2:$G$513,0))) | G94: =IF(K94="","",IF(H94=1,INDEX('По дням'!$B$2:$B$4000,MATCH(C94,'По дням'!$A$2:$A$4000,0)),"по периодам ставки")) | H94: =IF(K94="","",INDEX(Интервалы!$I$2:$I$513,MATCH(K94,Интервалы!$G$2:$G$513,0))) | I94: =IF(K94="","",INDEX(Интервалы!$F$2:$F$513,MATCH(K94,Интервалы!$G$2:$G$513,0))) | J94: =IF(K94="","",INDEX(Интервалы!$H$2:$H$513,MATCH(K94,Интервалы!$G$2:$G$513,0))) | K94: =IFERROR(SMALL(Интервалы!$G$2:$G$513,88),"") | L94: =IF(K94="","",INDEX(Интервалы!$B$2:$B$513,MATCH(K94,Интервалы!$G$2:$G$513,0)))
A95: =IF(K95="","",89) | B95: =IF(K95="","",INDEX(Интервалы!$A$2:$A$513,MATCH(K95,Интервалы!$G$2:$G$513,0))) | C95: =IF(K95="","",INDEX(Интервалы!$C$2:$C$513,MATCH(K95,Интервалы!$G$2:$G$513,0))) | D95: =IF(K95="","",INDEX(Интервалы!$D$2:$D$513,MATCH(K95,Интервалы!$G$2:$G$513,0))) | E95: =IF(K95="","",D95-C95+1) | F95: =IF(K95="","",INDEX(Интервалы!$E$2:$E$513,MATCH(K95,Интервалы!$G$2:$G$513,0))) | G95: =IF(K95="","",IF(H95=1,INDEX('По дням'!$B$2:$B$4000,MATCH(C95,'По дням'!$A$2:$A$4000,0)),"по периодам ставки")) | H95: =IF(K95="","",INDEX(Интервалы!$I$2:$I$513,MATCH(K95,Интервалы!$G$2:$G$513,0))) | I95: =IF(K95="","",INDEX(Интервалы!$F$2:$F$513,MATCH(K95,Интервалы!$G$2:$G$513,0))) | J95: =IF(K95="","",INDEX(Интервалы!$H$2:$H$513,MATCH(K95,Интервалы!$G$2:$G$513,0))) | K95: =IFERROR(SMALL(Интервалы!$G$2:$G$513,89),"") | L95: =IF(K95="","",INDEX(Интервалы!$B$2:$B$513,MATCH(K95,Интервалы!$G$2:$G$513,0)))
A96: =IF(K96="","",90) | B96: =IF(K96="","",INDEX(Интервалы!$A$2:$A$513,MATCH(K96,Интервалы!$G$2:$G$513,0))) | C96: =IF(K96="","",INDEX(Интервалы!$C$2:$C$513,MATCH(K96,Интервалы!$G$2:$G$513,0))) | D96: =IF(K96="","",INDEX(Интервалы!$D$2:$D$513,MATCH(K96,Интервалы!$G$2:$G$513,0))) | E96: =IF(K96="","",D96-C96+1) | F96: =IF(K96="","",INDEX(Интервалы!$E$2:$E$513,MATCH(K96,Интервалы!$G$2:$G$513,0))) | G96: =IF(K96="","",IF(H96=1,INDEX('По дням'!$B$2:$B$4000,MATCH(C96,'По дням'!$A$2:$A$4000,0)),"по периодам ставки")) | H96: =IF(K96="","",INDEX(Интервалы!$I$2:$I$513,MATCH(K96,Интервалы!$G$2:$G$513,0))) | I96: =IF(K96="","",INDEX(Интервалы!$F$2:$F$513,MATCH(K96,Интервалы!$G$2:$G$513,0))) | J96: =IF(K96="","",INDEX(Интервалы!$H$2:$H$513,MATCH(K96,Интервалы!$G$2:$G$513,0))) | K96: =IFERROR(SMALL(Интервалы!$G$2:$G$513,90),"") | L96: =IF(K96="","",INDEX(Интервалы!$B$2:$B$513,MATCH(K96,Интервалы!$G$2:$G$513,0)))
A97: =IF(K97="","",91) | B97: =IF(K97="","",INDEX(Интервалы!$A$2:$A$513,MATCH(K97,Интервалы!$G$2:$G$513,0))) | C97: =IF(K97="","",INDEX(Интервалы!$C$2:$C$513,MATCH(K97,Интервалы!$G$2:$G$513,0))) | D97: =IF(K97="","",INDEX(Интервалы!$D$2:$D$513,MATCH(K97,Интервалы!$G$2:$G$513,0))) | E97: =IF(K97="","",D97-C97+1) | F97: =IF(K97="","",INDEX(Интервалы!$E$2:$E$513,MATCH(K97,Интервалы!$G$2:$G$513,0))) | G97: =IF(K97="","",IF(H97=1,INDEX('По дням'!$B$2:$B$4000,MATCH(C97,'По дням'!$A$2:$A$4000,0)),"по периодам ставки")) | H97: =IF(K97="","",INDEX(Интервалы!$I$2:$I$513,MATCH(K97,Интервалы!$G$2:$G$513,0))) | I97: =IF(K97="","",INDEX(Интервалы!$F$2:$F$513,MATCH(K97,Интервалы!$G$2:$G$513,0))) | J97: =IF(K97="","",INDEX(Интервалы!$H$2:$H$513,MATCH(K97,Интервалы!$G$2:$G$513,0))) | K97: =IFERROR(SMALL(Интервалы!$G$2:$G$513,91),"") | L97: =IF(K97="","",INDEX(Интервалы!$B$2:$B$513,MATCH(K97,Интервалы!$G$2:$G$513,0)))
A98: =IF(K98="","",92) | B98: =IF(K98="","",INDEX(Интервалы!$A$2:$A$513,MATCH(K98,Интервалы!$G$2:$G$513,0))) | C98: =IF(K98="","",INDEX(Интервалы!$C$2:$C$513,MATCH(K98,Интервалы!$G$2:$G$513,0))) | D98: =IF(K98="","",INDEX(Интервалы!$D$2:$D$513,MATCH(K98,Интервалы!$G$2:$G$513,0))) | E98: =IF(K98="","",D98-C98+1) | F98: =IF(K98="","",INDEX(Интервалы!$E$2:$E$513,MATCH(K98,Интервалы!$G$2:$G$513,0))) | G98: =IF(K98="","",IF(H98=1,INDEX('По дням'!$B$2:$B$4000,MATCH(C98,'По дням'!$A$2:$A$4000,0)),"по периодам ставки")) | H98: =IF(K98="","",INDEX(Интервалы!$I$2:$I$513,MATCH(K98,Интервалы!$G$2:$G$513,0))) | I98: =IF(K98="","",INDEX(Интервалы!$F$2:$F$513,MATCH(K98,Интервалы!$G$2:$G$513,0))) | J98: =IF(K98="","",INDEX(Интервалы!$H$2:$H$513,MATCH(K98,Интервалы!$G$2:$G$513,0))) | K98: =IFERROR(SMALL(Интервалы!$G$2:$G$513,92),"") | L98: =IF(K98="","",INDEX(Интервалы!$B$2:$B$513,MATCH(K98,Интервалы!$G$2:$G$513,0)))
A99: =IF(K99="","",93) | B99: =IF(K99="","",INDEX(Интервалы!$A$2:$A$513,MATCH(K99,Интервалы!$G$2:$G$513,0))) | C99: =IF(K99="","",INDEX(Интервалы!$C$2:$C$513,MATCH(K99,Интервалы!$G$2:$G$513,0))) | D99: =IF(K99="","",INDEX(Интервалы!$D$2:$D$513,MATCH(K99,Интервалы!$G$2:$G$513,0))) | E99: =IF(K99="","",D99-C99+1) | F99: =IF(K99="","",INDEX(Интервалы!$E$2:$E$513,MATCH(K99,Интервалы!$G$2:$G$513,0))) | G99: =IF(K99="","",IF(H99=1,INDEX('По дням'!$B$2:$B$4000,MATCH(C99,'По дням'!$A$2:$A$4000,0)),"по периодам ставки")) | H99: =IF(K99="","",INDEX(Интервалы!$I$2:$I$513,MATCH(K99,Интервалы!$G$2:$G$513,0))) | I99: =IF(K99="","",INDEX(Интервалы!$F$2:$F$513,MATCH(K99,Интервалы!$G$2:$G$513,0))) | J99: =IF(K99="","",INDEX(Интервалы!$H$2:$H$513,MATCH(K99,Интервалы!$G$2:$G$513,0))) | K99: =IFERROR(SMALL(Интервалы!$G$2:$G$513,93),"") | L99: =IF(K99="","",INDEX(Интервалы!$B$2:$B$513,MATCH(K99,Интервалы!$G$2:$G$513,0)))
A100: =IF(K100="","",94) | B100: =IF(K100="","",INDEX(Интервалы!$A$2:$A$513,MATCH(K100,Интервалы!$G$2:$G$513,0))) | C100: =IF(K100="","",INDEX(Интервалы!$C$2:$C$513,MATCH(K100,Интервалы!$G$2:$G$513,0))) | D100: =IF(K100="","",INDEX(Интервалы!$D$2:$D$513,MATCH(K100,Интервалы!$G$2:$G$513,0))) | E100: =IF(K100="","",D100-C100+1) | F100: =IF(K100="","",INDEX(Интервалы!$E$2:$E$513,MATCH(K100,Интервалы!$G$2:$G$513,0))) | G100: =IF(K100="","",IF(H100=1,INDEX('По дням'!$B$2:$B$4000,MATCH(C100,'По дням'!$A$2:$A$4000,0)),"по периодам ставки")) | H100: =IF(K100="","",INDEX(Интервалы!$I$2:$I$513,MATCH(K100,Интервалы!$G$2:$G$513,0))) | I100: =IF(K100="","",INDEX(Интервалы!$F$2:$F$513,MATCH(K100,Интервалы!$G$2:$G$513,0))) | J100: =IF(K100="","",INDEX(Интервалы!$H$2:$H$513,MATCH(K100,Интервалы!$G$2:$G$513,0))) | K100: =IFERROR(SMALL(Интервалы!$G$2:$G$513,94),"") | L100: =IF(K100="","",INDEX(Интервалы!$B$2:$B$513,MATCH(K100,Интервалы!$G$2:$G$513,0)))
...

Sheet Проверки
A1: № | B1: Проверка | C1: Результат
A2: 1 | B2: Акты введены | C2: =IF(COUNTA(Акты!B5:B16)=0,"БЛОК: добавьте хотя бы один акт с суммой долга на первый день просрочки и датой начала просрочки","ок")
A3: 2 | B3: Таблица актов | C3: =IF(COUNTIF(Акты!H5:H16,"БЛОК*")>0,"БЛОК: ошибка в таблице актов — колонка «Проверка»","ок")
A4: 3 | B4: Акты за пределами таблицы | C4: =IF(COUNTA(Акты!A17:H400)>0,"БЛОК: ниже строки 16 есть акты — они не были бы учтены. В один расчёт входит до 12 актов; остальные считайте отдельной копией книги","ок")
A5: 4 | B5: Последний день расчёта | C5: =IF(ISNUMBER(Ввод!B4),"ок","БЛОК: введите последний день расчёта на листе «Ввод»")
A6: 5 | B6: Ставка введена | C6: =IF(COUNT(Ввод!A12:A71)=0,"БЛОК: введите ставку","ок")
A7: 6 | B7: Таблица ставок | C7: =IF(COUNTIF(Ввод!C12:C71,"БЛОК*")>0,"БЛОК: ошибка в таблице ставок — колонка «Проверка»","ок")
A8: 7 | B8: Ставки за пределами таблицы | C8: =IF(COUNTA(Ввод!A72:C400)>0,"БЛОК: ниже строки 71 есть данные — перенесите в таблицу","ок")
A9: 8 | B9: Таблица оплат | C9: =IF(COUNTIF(Оплаты!E6:E505,"БЛОК*")>0,"БЛОК: ошибка в оплатах — колонка «Проверка»","ок")
A10: 9 | B10: Оплаты за пределами таблицы | C10: =IF(COUNTA(Оплаты!A506:E20000)>0,"БЛОК: ниже строки 505 есть оплаты — они не были бы учтены; перенесите их в таблицу","ок")
A11: 10 | B11: Каждая оплата отнесена к акту | C11: =IF(SUMPRODUCT((Оплаты!$A$6:$A$505<>"")*(Оплаты!$D$6:$D$505=""))>0,"БЛОК: есть оплата, не отнесённая к конкретному акту. Требуется распределить платёж документально и указать акт: очередность зачёта система за вас не назначает","ок")
A12: 11 | B12: Оплаты не больше долга | C12: =IF(SUM(Оплаты!B6:B505)>SUM(Акты!D5:D16),"БЛОК: оплат больше суммы долга — проверьте ввод","ок")
A13: 12 | B13: Периоды без начисления | C13: =IF(COUNTIF(Ввод!H12:H31,"БЛОК*")+COUNTA(Ввод!F32:H400)>0,"БЛОК: ошибка или данные ниже таблицы","ок")
A14: 13 | B14: Дней в расчёте | C14: =IF(AND(ISNUMBER('По дням'!J3),ISNUMBER(Ввод!B4)),IF(Ввод!B4-'По дням'!J3+1>3999,"БЛОК: от первого дня просрочки самого раннего акта до последнего дня расчёта более 3999 дней — разбейте расчёт на части","ок"),"ок")
A15: 14 | B15: Ставка есть на каждый день | C15: =IF(COUNT('По дням'!$A$2:$A$4000)=COUNT('По дням'!$B$2:$B$4000),"ок","БЛОК: не на каждый день найдена ставка")
A16: 15 | B16: Число периодов ставки | C16: =IF(N(MAX('По дням'!$G$2:$G$4000))>150,"БЛОК: периодов ставки больше 150 — разбейте расчёт","ок")
A17: 16 | B17: Итог = сумма строк по актам | C17: =IFERROR(IF(ROUND(SUM(Расчёт!I7:I518)-SUM(Расчёт!P7:P18),2)=0,"ок","БЛОК: сумма строк расчёта не равна сумме итогов по актам"),"БЛОК: ошибка в строках расчёта")
B19: СТАТУС РАСЧЁТА | C19: =IF(COUNTIF(C2:C17,"БЛОК*")>0,"ЗАБЛОКИРОВАН","ГОТОВ")

Sheet Интервалы
A1: Акт | B1: № акта | C1: С | D1: По | E1: Долг акта, руб. | F1: Проценты, руб. | G1: Ключ | H1: Оплата в последний день, руб. | I1: Периодов ставки
A2: =IF(Акты!$H$5="ок",Акты!$B$5,"") | B2: =IF(A2="","",1) | C2: =IF(A2="","",Акты!$E$5) | D2: =IF(A2="","",MIN(Ввод!$B$4,Ввод!$B$4+1-SUMPRODUCT(MAX((Оплаты!$D$6:$D$505=A2)*(Оплаты!$A$6:$A$505>=C2)*(Ввод!$B$4+1-Оплаты!$A$6:$A$505))))) | E2: =IF(A2="","",Акты!$D$5) | F2: =IF(G2="","",SUMPRODUCT(ROUND(E2*'По дням'!$L$6:$L$155/100*((((D2+'По дням'!$K$6:$K$155-ABS(D2-'По дням'!$K$6:$K$155))-(C2+'По дням'!$J$6:$J$155+ABS(C2-'По дням'!$J$6:$J$155)))/2+1)>0)*(((D2+'По дням'!$K$6:$K$155-ABS(D2-'По дням'!$K$6:$K$155))-(C2+'По дням'!$J$6:$J$155+ABS(C2-'По дням'!$J$6:$J$155)))/2+1)/'По дням'!$M$6:$M$155,2)*(1-'По дням'!$N$6:$N$155))) | G2: =IF(A2="","",IF(C2>D2,"",B2*1000000+C2)) | H2: =IF(G2="","",SUMIFS(Оплаты!$B$6:$B$505,Оплаты!$D$6:$D$505,A2,Оплаты!$A$6:$A$505,D2)) | I2: =IF(G2="","",SUMPRODUCT((((((D2+'По дням'!$K$6:$K$155-ABS(D2-'По дням'!$K$6:$K$155))-(C2+'По дням'!$J$6:$J$155+ABS(C2-'По дням'!$J$6:$J$155)))/2+1)>0)*(((D2+'По дням'!$K$6:$K$155-ABS(D2-'По дням'!$K$6:$K$155))-(C2+'По дням'!$J$6:$J$155+ABS(C2-'По дням'!$J$6:$J$155)))/2+1)>0)*1))
A3: =IF(Акты!$H$6="ок",Акты!$B$6,"") | B3: =IF(A3="","",2) | C3: =IF(A3="","",Акты!$E$6) | D3: =IF(A3="","",MIN(Ввод!$B$4,Ввод!$B$4+1-SUMPRODUCT(MAX((Оплаты!$D$6:$D$505=A3)*(Оплаты!$A$6:$A$505>=C3)*(Ввод!$B$4+1-Оплаты!$A$6:$A$505))))) | E3: =IF(A3="","",Акты!$D$6) | F3: =IF(G3="","",SUMPRODUCT(ROUND(E3*'По дням'!$L$6:$L$155/100*((((D3+'По дням'!$K$6:$K$155-ABS(D3-'По дням'!$K$6:$K$155))-(C3+'По дням'!$J$6:$J$155+ABS(C3-'По дням'!$J$6:$J$155)))/2+1)>0)*(((D3+'По дням'!$K$6:$K$155-ABS(D3-'По дням'!$K$6:$K$155))-(C3+'По дням'!$J$6:$J$155+ABS(C3-'По дням'!$J$6:$J$155)))/2+1)/'По дням'!$M$6:$M$155,2)*(1-'По дням'!$N$6:$N$155))) | G3: =IF(A3="","",IF(C3>D3,"",B3*1000000+C3)) | H3: =IF(G3="","",SUMIFS(Оплаты!$B$6:$B$505,Оплаты!$D$6:$D$505,A3,Оплаты!$A$6:$A$505,D3)) | I3: =IF(G3="","",SUMPRODUCT((((((D3+'По дням'!$K$6:$K$155-ABS(D3-'По дням'!$K$6:$K$155))-(C3+'По дням'!$J$6:$J$155+ABS(C3-'По дням'!$J$6:$J$155)))/2+1)>0)*(((D3+'По дням'!$K$6:$K$155-ABS(D3-'По дням'!$K$6:$K$155))-(C3+'По дням'!$J$6:$J$155+ABS(C3-'По дням'!$J$6:$J$155)))/2+1)>0)*1))
A4: =IF(Акты!$H$7="ок",Акты!$B$7,"") | B4: =IF(A4="","",3) | C4: =IF(A4="","",Акты!$E$7) | D4: =IF(A4="","",MIN(Ввод!$B$4,Ввод!$B$4+1-SUMPRODUCT(MAX((Оплаты!$D$6:$D$505=A4)*(Оплаты!$A$6:$A$505>=C4)*(Ввод!$B$4+1-Оплаты!$A$6:$A$505))))) | E4: =IF(A4="","",Акты!$D$7) | F4: =IF(G4="","",SUMPRODUCT(ROUND(E4*'По дням'!$L$6:$L$155/100*((((D4+'По дням'!$K$6:$K$155-ABS(D4-'По дням'!$K$6:$K$155))-(C4+'По дням'!$J$6:$J$155+ABS(C4-'По дням'!$J$6:$J$155)))/2+1)>0)*(((D4+'По дням'!$K$6:$K$155-ABS(D4-'По дням'!$K$6:$K$155))-(C4+'По дням'!$J$6:$J$155+ABS(C4-'По дням'!$J$6:$J$155)))/2+1)/'По дням'!$M$6:$M$155,2)*(1-'По дням'!$N$6:$N$155))) | G4: =IF(A4="","",IF(C4>D4,"",B4*1000000+C4)) | H4: =IF(G4="","",SUMIFS(Оплаты!$B$6:$B$505,Оплаты!$D$6:$D$505,A4,Оплаты!$A$6:$A$505,D4)) | I4: =IF(G4="","",SUMPRODUCT((((((D4+'По дням'!$K$6:$K$155-ABS(D4-'По дням'!$K$6:$K$155))-(C4+'По дням'!$J$6:$J$155+ABS(C4-'По дням'!$J$6:$J$155)))/2+1)>0)*(((D4+'По дням'!$K$6:$K$155-ABS(D4-'По дням'!$K$6:$K$155))-(C4+'По дням'!$J$6:$J$155+ABS(C4-'По дням'!$J$6:$J$155)))/2+1)>0)*1))
A5: =IF(Акты!$H$8="ок",Акты!$B$8,"") | B5: =IF(A5="","",4) | C5: =IF(A5="","",Акты!$E$8) | D5: =IF(A5="","",MIN(Ввод!$B$4,Ввод!$B$4+1-SUMPRODUCT(MAX((Оплаты!$D$6:$D$505=A5)*(Оплаты!$A$6:$A$505>=C5)*(Ввод!$B$4+1-Оплаты!$A$6:$A$505))))) | E5: =IF(A5="","",Акты!$D$8) | F5: =IF(G5="","",SUMPRODUCT(ROUND(E5*'По дням'!$L$6:$L$155/100*((((D5+'По дням'!$K$6:$K$155-ABS(D5-'По дням'!$K$6:$K$155))-(C5+'По дням'!$J$6:$J$155+ABS(C5-'По дням'!$J$6:$J$155)))/2+1)>0)*(((D5+'По дням'!$K$6:$K$155-ABS(D5-'По дням'!$K$6:$K$155))-(C5+'По дням'!$J$6:$J$155+ABS(C5-'По дням'!$J$6:$J$155)))/2+1)/'По дням'!$M$6:$M$155,2)*(1-'По дням'!$N$6:$N$155))) | G5: =IF(A5="","",IF(C5>D5,"",B5*1000000+C5)) | H5: =IF(G5="","",SUMIFS(Оплаты!$B$6:$B$505,Оплаты!$D$6:$D$505,A5,Оплаты!$A$6:$A$505,D5)) | I5: =IF(G5="","",SUMPRODUCT((((((D5+'По дням'!$K$6:$K$155-ABS(D5-'По дням'!$K$6:$K$155))-(C5+'По дням'!$J$6:$J$155+ABS(C5-'По дням'!$J$6:$J$155)))/2+1)>0)*(((D5+'По дням'!$K$6:$K$155-ABS(D5-'По дням'!$K$6:$K$155))-(C5+'По дням'!$J$6:$J$155+ABS(C5-'По дням'!$J$6:$J$155)))/2+1)>0)*1))
A6: =IF(Акты!$H$9="ок",Акты!$B$9,"") | B6: =IF(A6="","",5) | C6: =IF(A6="","",Акты!$E$9) | D6: =IF(A6="","",MIN(Ввод!$B$4,Ввод!$B$4+1-SUMPRODUCT(MAX((Оплаты!$D$6:$D$505=A6)*(Оплаты!$A$6:$A$505>=C6)*(Ввод!$B$4+1-Оплаты!$A$6:$A$505))))) | E6: =IF(A6="","",Акты!$D$9) | F6: =IF(G6="","",SUMPRODUCT(ROUND(E6*'По дням'!$L$6:$L$155/100*((((D6+'По дням'!$K$6:$K$155-ABS(D6-'По дням'!$K$6:$K$155))-(C6+'По дням'!$J$6:$J$155+ABS(C6-'По дням'!$J$6:$J$155)))/2+1)>0)*(((D6+'По дням'!$K$6:$K$155-ABS(D6-'По дням'!$K$6:$K$155))-(C6+'По дням'!$J$6:$J$155+ABS(C6-'По дням'!$J$6:$J$155)))/2+1)/'По дням'!$M$6:$M$155,2)*(1-'По дням'!$N$6:$N$155))) | G6: =IF(A6="","",IF(C6>D6,"",B6*1000000+C6)) | H6: =IF(G6="","",SUMIFS(Оплаты!$B$6:$B$505,Оплаты!$D$6:$D$505,A6,Оплаты!$A$6:$A$505,D6)) | I6: =IF(G6="","",SUMPRODUCT((((((D6+'По дням'!$K$6:$K$155-ABS(D6-'По дням'!$K$6:$K$155))-(C6+'По дням'!$J$6:$J$155+ABS(C6-'По дням'!$J$6:$J$155)))/2+1)>0)*(((D6+'По дням'!$K$6:$K$155-ABS(D6-'По дням'!$K$6:$K$155))-(C6+'По дням'!$J$6:$J$155+ABS(C6-'По дням'!$J$6:$J$155)))/2+1)>0)*1))
A7: =IF(Акты!$H$10="ок",Акты!$B$10,"") | B7: =IF(A7="","",6) | C7: =IF(A7="","",Акты!$E$10) | D7: =IF(A7="","",MIN(Ввод!$B$4,Ввод!$B$4+1-SUMPRODUCT(MAX((Оплаты!$D$6:$D$505=A7)*(Оплаты!$A$6:$A$505>=C7)*(Ввод!$B$4+1-Оплаты!$A$6:$A$505))))) | E7: =IF(A7="","",Акты!$D$10) | F7: =IF(G7="","",SUMPRODUCT(ROUND(E7*'По дням'!$L$6:$L$155/100*((((D7+'По дням'!$K$6:$K$155-ABS(D7-'По дням'!$K$6:$K$155))-(C7+'По дням'!$J$6:$J$155+ABS(C7-'По дням'!$J$6:$J$155)))/2+1)>0)*(((D7+'По дням'!$K$6:$K$155-ABS(D7-'По дням'!$K$6:$K$155))-(C7+'По дням'!$J$6:$J$155+ABS(C7-'По дням'!$J$6:$J$155)))/2+1)/'По дням'!$M$6:$M$155,2)*(1-'По дням'!$N$6:$N$155))) | G7: =IF(A7="","",IF(C7>D7,"",B7*1000000+C7)) | H7: =IF(G7="","",SUMIFS(Оплаты!$B$6:$B$505,Оплаты!$D$6:$D$505,A7,Оплаты!$A$6:$A$505,D7)) | I7: =IF(G7="","",SUMPRODUCT((((((D7+'По дням'!$K$6:$K$155-ABS(D7-'По дням'!$K$6:$K$155))-(C7+'По дням'!$J$6:$J$155+ABS(C7-'По дням'!$J$6:$J$155)))/2+1)>0)*(((D7+'По дням'!$K$6:$K$155-ABS(D7-'По дням'!$K$6:$K$155))-(C7+'По дням'!$J$6:$J$155+ABS(C7-'По дням'!$J$6:$J$155)))/2+1)>0)*1))
A8: =IF(Акты!$H$11="ок",Акты!$B$11,"") | B8: =IF(A8="","",7) | C8: =IF(A8="","",Акты!$E$11) | D8: =IF(A8="","",MIN(Ввод!$B$4,Ввод!$B$4+1-SUMPRODUCT(MAX((Оплаты!$D$6:$D$505=A8)*(Оплаты!$A$6:$A$505>=C8)*(Ввод!$B$4+1-Оплаты!$A$6:$A$505))))) | E8: =IF(A8="","",Акты!$D$11) | F8: =IF(G8="","",SUMPRODUCT(ROUND(E8*'По дням'!$L$6:$L$155/100*((((D8+'По дням'!$K$6:$K$155-ABS(D8-'По дням'!$K$6:$K$155))-(C8+'По дням'!$J$6:$J$155+ABS(C8-'По дням'!$J$6:$J$155)))/2+1)>0)*(((D8+'По дням'!$K$6:$K$155-ABS(D8-'По дням'!$K$6:$K$155))-(C8+'По дням'!$J$6:$J$155+ABS(C8-'По дням'!$J$6:$J$155)))/2+1)/'По дням'!$M$6:$M$155,2)*(1-'По дням'!$N$6:$N$155))) | G8: =IF(A8="","",IF(C8>D8,"",B8*1000000+C8)) | H8: =IF(G8="","",SUMIFS(Оплаты!$B$6:$B$505,Оплаты!$D$6:$D$505,A8,Оплаты!$A$6:$A$505,D8)) | I8: =IF(G8="","",SUMPRODUCT((((((D8+'По дням'!$K$6:$K$155-ABS(D8-'По дням'!$K$6:$K$155))-(C8+'По дням'!$J$6:$J$155+ABS(C8-'По дням'!$J$6:$J$155)))/2+1)>0)*(((D8+'По дням'!$K$6:$K$155-ABS(D8-'По дням'!$K$6:$K$155))-(C8+'По дням'!$J$6:$J$155+ABS(C8-'По дням'!$J$6:$J$155)))/2+1)>0)*1))
A9: =IF(Акты!$H$12="ок",Акты!$B$12,"") | B9: =IF(A9="","",8) | C9: =IF(A9="","",Акты!$E$12) | D9: =IF(A9="","",MIN(Ввод!$B$4,Ввод!$B$4+1-SUMPRODUCT(MAX((Оплаты!$D$6:$D$505=A9)*(Оплаты!$A$6:$A$505>=C9)*(Ввод!$B$4+1-Оплаты!$A$6:$A$505))))) | E9: =IF(A9="","",Акты!$D$12) | F9: =IF(G9="","",SUMPRODUCT(ROUND(E9*'По дням'!$L$6:$L$155/100*((((D9+'По дням'!$K$6:$K$155-ABS(D9-'По дням'!$K$6:$K$155))-(C9+'По дням'!$J$6:$J$155+ABS(C9-'По дням'!$J$6:$J$155)))/2+1)>0)*(((D9+'По дням'!$K$6:$K$155-ABS(D9-'По дням'!$K$6:$K$155))-(C9+'По дням'!$J$6:$J$155+ABS(C9-'По дням'!$J$6:$J$155)))/2+1)/'По дням'!$M$6:$M$155,2)*(1-'По дням'!$N$6:$N$155))) | G9: =IF(A9="","",IF(C9>D9,"",B9*1000000+C9)) | H9: =IF(G9="","",SUMIFS(Оплаты!$B$6:$B$505,Оплаты!$D$6:$D$505,A9,Оплаты!$A$6:$A$505,D9)) | I9: =IF(G9="","",SUMPRODUCT((((((D9+'По дням'!$K$6:$K$155-ABS(D9-'По дням'!$K$6:$K$155))-(C9+'По дням'!$J$6:$J$155+ABS(C9-'По дням'!$J$6:$J$155)))/2+1)>0)*(((D9+'По дням'!$K$6:$K$155-ABS(D9-'По дням'!$K$6:$K$155))-(C9+'По дням'!$J$6:$J$155+ABS(C9-'По дням'!$J$6:$J$155)))/2+1)>0)*1))
A10: =IF(Акты!$H$13="ок",Акты!$B$13,"") | B10: =IF(A10="","",9) | C10: =IF(A10="","",Акты!$E$13) | D10: =IF(A10="","",MIN(Ввод!$B$4,Ввод!$B$4+1-SUMPRODUCT(MAX((Оплаты!$D$6:$D$505=A10)*(Оплаты!$A$6:$A$505>=C10)*(Ввод!$B$4+1-Оплаты!$A$6:$A$505))))) | E10: =IF(A10="","",Акты!$D$13) | F10: =IF(G10="","",SUMPRODUCT(ROUND(E10*'По дням'!$L$6:$L$155/100*((((D10+'По дням'!$K$6:$K$155-ABS(D10-'По дням'!$K$6:$K$155))-(C10+'По дням'!$J$6:$J$155+ABS(C10-'По дням'!$J$6:$J$155)))/2+1)>0)*(((D10+'По дням'!$K$6:$K$155-ABS(D10-'По дням'!$K$6:$K$155))-(C10+'По дням'!$J$6:$J$155+ABS(C10-'По дням'!$J$6:$J$155)))/2+1)/'По дням'!$M$6:$M$155,2)*(1-'По дням'!$N$6:$N$155))) | G10: =IF(A10="","",IF(C10>D10,"",B10*1000000+C10)) | H10: =IF(G10="","",SUMIFS(Оплаты!$B$6:$B$505,Оплаты!$D$6:$D$505,A10,Оплаты!$A$6:$A$505,D10)) | I10: =IF(G10="","",SUMPRODUCT((((((D10+'По дням'!$K$6:$K$155-ABS(D10-'По дням'!$K$6:$K$155))-(C10+'По дням'!$J$6:$J$155+ABS(C10-'По дням'!$J$6:$J$155)))/2+1)>0)*(((D10+'По дням'!$K$6:$K$155-ABS(D10-'По дням'!$K$6:$K$155))-(C10+'По дням'!$J$6:$J$155+ABS(C10-'По дням'!$J$6:$J$155)))/2+1)>0)*1))
A11: =IF(Акты!$H$14="ок",Акты!$B$14,"") | B11: =IF(A11="","",10) | C11: =IF(A11="","",Акты!$E$14) | D11: =IF(A11="","",MIN(Ввод!$B$4,Ввод!$B$4+1-SUMPRODUCT(MAX((Оплаты!$D$6:$D$505=A11)*(Оплаты!$A$6:$A$505>=C11)*(Ввод!$B$4+1-Оплаты!$A$6:$A$505))))) | E11: =IF(A11="","",Акты!$D$14) | F11: =IF(G11="","",SUMPRODUCT(ROUND(E11*'По дням'!$L$6:$L$155/100*((((D11+'По дням'!$K$6:$K$155-ABS(D11-'По дням'!$K$6:$K$155))-(C11+'По дням'!$J$6:$J$155+ABS(C11-'По дням'!$J$6:$J$155)))/2+1)>0)*(((D11+'По дням'!$K$6:$K$155-ABS(D11-'По дням'!$K$6:$K$155))-(C11+'По дням'!$J$6:$J$155+ABS(C11-'По дням'!$J$6:$J$155)))/2+1)/'По дням'!$M$6:$M$155,2)*(1-'По дням'!$N$6:$N$155))) | G11: =IF(A11="","",IF(C11>D11,"",B11*1000000+C11)) | H11: =IF(G11="","",SUMIFS(Оплаты!$B$6:$B$505,Оплаты!$D$6:$D$505,A11,Оплаты!$A$6:$A$505,D11)) | I11: =IF(G11="","",SUMPRODUCT((((((D11+'По дням'!$K$6:$K$155-ABS(D11-'По дням'!$K$6:$K$155))-(C11+'По дням'!$J$6:$J$155+ABS(C11-'По дням'!$J$6:$J$155)))/2+1)>0)*(((D11+'По дням'!$K$6:$K$155-ABS(D11-'По дням'!$K$6:$K$155))-(C11+'По дням'!$J$6:$J$155+ABS(C11-'По дням'!$J$6:$J$155)))/2+1)>0)*1))
A12: =IF(Акты!$H$15="ок",Акты!$B$15,"") | B12: =IF(A12="","",11) | C12: =IF(A12="","",Акты!$E$15) | D12: =IF(A12="","",MIN(Ввод!$B$4,Ввод!$B$4+1-SUMPRODUCT(MAX((Оплаты!$D$6:$D$505=A12)*(Оплаты!$A$6:$A$505>=C12)*(Ввод!$B$4+1-Оплаты!$A$6:$A$505))))) | E12: =IF(A12="","",Акты!$D$15) | F12: =IF(G12="","",SUMPRODUCT(ROUND(E12*'По дням'!$L$6:$L$155/100*((((D12+'По дням'!$K$6:$K$155-ABS(D12-'По дням'!$K$6:$K$155))-(C12+'По дням'!$J$6:$J$155+ABS(C12-'По дням'!$J$6:$J$155)))/2+1)>0)*(((D12+'По дням'!$K$6:$K$155-ABS(D12-'По дням'!$K$6:$K$155))-(C12+'По дням'!$J$6:$J$155+ABS(C12-'По дням'!$J$6:$J$155)))/2+1)/'По дням'!$M$6:$M$155,2)*(1-'По дням'!$N$6:$N$155))) | G12: =IF(A12="","",IF(C12>D12,"",B12*1000000+C12)) | H12: =IF(G12="","",SUMIFS(Оплаты!$B$6:$B$505,Оплаты!$D$6:$D$505,A12,Оплаты!$A$6:$A$505,D12)) | I12: =IF(G12="","",SUMPRODUCT((((((D12+'По дням'!$K$6:$K$155-ABS(D12-'По дням'!$K$6:$K$155))-(C12+'По дням'!$J$6:$J$155+ABS(C12-'По дням'!$J$6:$J$155)))/2+1)>0)*(((D12+'По дням'!$K$6:$K$155-ABS(D12-'По дням'!$K$6:$K$155))-(C12+'По дням'!$J$6:$J$155+ABS(C12-'По дням'!$J$6:$J$155)))/2+1)>0)*1))
A13: =IF(Акты!$H$16="ок",Акты!$B$16,"") | B13: =IF(A13="","",12) | C13: =IF(A13="","",Акты!$E$16) | D13: =IF(A13="","",MIN(Ввод!$B$4,Ввод!$B$4+1-SUMPRODUCT(MAX((Оплаты!$D$6:$D$505=A13)*(Оплаты!$A$6:$A$505>=C13)*(Ввод!$B$4+1-Оплаты!$A$6:$A$505))))) | E13: =IF(A13="","",Акты!$D$16) | F13: =IF(G13="","",SUMPRODUCT(ROUND(E13*'По дням'!$L$6:$L$155/100*((((D13+'По дням'!$K$6:$K$155-ABS(D13-'По дням'!$K$6:$K$155))-(C13+'По дням'!$J$6:$J$155+ABS(C13-'По дням'!$J$6:$J$155)))/2+1)>0)*(((D13+'По дням'!$K$6:$K$155-ABS(D13-'По дням'!$K$6:$K$155))-(C13+'По дням'!$J$6:$J$155+ABS(C13-'По дням'!$J$6:$J$155)))/2+1)/'По дням'!$M$6:$M$155,2)*(1-'По дням'!$N$6:$N$155))) | G13: =IF(A13="","",IF(C13>D13,"",B13*1000000+C13)) | H13: =IF(G13="","",SUMIFS(Оплаты!$B$6:$B$505,Оплаты!$D$6:$D$505,A13,Оплаты!$A$6:$A$505,D13)) | I13: =IF(G13="","",SUMPRODUCT((((((D13+'По дням'!$K$6:$K$155-ABS(D13-'По дням'!$K$6:$K$155))-(C13+'По дням'!$J$6:$J$155+ABS(C13-'По дням'!$J$6:$J$155)))/2+1)>0)*(((D13+'По дням'!$K$6:$K$155-ABS(D13-'По дням'!$K$6:$K$155))-(C13+'По дням'!$J$6:$J$155+ABS(C13-'По дням'!$J$6:$J$155)))/2+1)>0)*1))
A14: =IF(AND(Оплаты!$E$6="ок",COUNTIFS(Акты!$B$5:$B$16,Оплаты!$D$6,Акты!$H$5:$H$16,"ок")>0,TRUE()),Оплаты!$D$6,"") | B14: =IF(A14="","",MATCH(A14,Акты!$B$5:$B$16,0)) | C14: =IF(A14="","",Оплаты!$A$6+1) | D14: =IF(A14="","",MIN(Ввод!$B$4,Ввод!$B$4+1-SUMPRODUCT(MAX((Оплаты!$D$6:$D$505=A14)*(Оплаты!$A$6:$A$505>Оплаты!$A$6)*(Ввод!$B$4+1-Оплаты!$A$6:$A$505))))) | E14: =IF(A14="","",INDEX(Акты!$D$5:$D$16,B14)-SUMIFS(Оплаты!$B$6:$B$505,Оплаты!$D$6:$D$505,A14,Оплаты!$A$6:$A$505,"<="&Оплаты!$A$6)) | F14: =IF(G14="","",SUMPRODUCT(ROUND(E14*'По дням'!$L$6:$L$155/100*((((D14+'По дням'!$K$6:$K$155-ABS(D14-'По дням'!$K$6:$K$155))-(C14+'По дням'!$J$6:$J$155+ABS(C14-'По дням'!$J$6:$J$155)))/2+1)>0)*(((D14+'По дням'!$K$6:$K$155-ABS(D14-'По дням'!$K$6:$K$155))-(C14+'По дням'!$J$6:$J$155+ABS(C14-'По дням'!$J$6:$J$155)))/2+1)/'По дням'!$M$6:$M$155,2)*(1-'По дням'!$N$6:$N$155))) | G14: =IF(A14="","",IF(C14>D14,"",B14*1000000+C14)) | H14: =IF(G14="","",SUMIFS(Оплаты!$B$6:$B$505,Оплаты!$D$6:$D$505,A14,Оплаты!$A$6:$A$505,D14)) | I14: =IF(G14="","",SUMPRODUCT((((((D14+'По дням'!$K$6:$K$155-ABS(D14-'По дням'!$K$6:$K$155))-(C14+'По дням'!$J$6:$J$155+ABS(C14-'По дням'!$J$6:$J$155)))/2+1)>0)*(((D14+'По дням'!$K$6:$K$155-ABS(D14-'По дням'!$K$6:$K$155))-(C14+'По дням'!$J$6:$J$155+ABS(C14-'По дням'!$J$6:$J$155)))/2+1)>0)*1))
A15: =IF(AND(Оплаты!$E$7="ок",COUNTIFS(Акты!$B$5:$B$16,Оплаты!$D$7,Акты!$H$5:$H$16,"ок")>0,COUNTIFS(Оплаты!$D$6:$D$6,Оплаты!$D$7,Оплаты!$A$6:$A$6,Оплаты!$A$7)=0),Оплаты!$D$7,"") | B15: =IF(A15="","",MATCH(A15,Акты!$B$5:$B$16,0)) | C15: =IF(A15="","",Оплаты!$A$7+1) | D15: =IF(A15="","",MIN(Ввод!$B$4,Ввод!$B$4+1-SUMPRODUCT(MAX((Оплаты!$D$6:$D$505=A15)*(Оплаты!$A$6:$A$505>Оплаты!$A$7)*(Ввод!$B$4+1-Оплаты!$A$6:$A$505))))) | E15: =IF(A15="","",INDEX(Акты!$D$5:$D$16,B15)-SUMIFS(Оплаты!$B$6:$B$505,Оплаты!$D$6:$D$505,A15,Оплаты!$A$6:$A$505,"<="&Оплаты!$A$7)) | F15: =IF(G15="","",SUMPRODUCT(ROUND(E15*'По дням'!$L$6:$L$155/100*((((D15+'По дням'!$K$6:$K$155-ABS(D15-'По дням'!$K$6:$K$155))-(C15+'По дням'!$J$6:$J$155+ABS(C15-'По дням'!$J$6:$J$155)))/2+1)>0)*(((D15+'По дням'!$K$6:$K$155-ABS(D15-'По дням'!$K$6:$K$155))-(C15+'По дням'!$J$6:$J$155+ABS(C15-'По дням'!$J$6:$J$155)))/2+1)/'По дням'!$M$6:$M$155,2)*(1-'По дням'!$N$6:$N$155))) | G15: =IF(A15="","",IF(C15>D15,"",B15*1000000+C15)) | H15: =IF(G15="","",SUMIFS(Оплаты!$B$6:$B$505,Оплаты!$D$6:$D$505,A15,Оплаты!$A$6:$A$505,D15)) | I15: =IF(G15="","",SUMPRODUCT((((((D15+'По дням'!$K$6:$K$155-ABS(D15-'По дням'!$K$6:$K$155))-(C15+'По дням'!$J$6:$J$155+ABS(C15-'По дням'!$J$6:$J$155)))/2+1)>0)*(((D15+'По дням'!$K$6:$K$155-ABS(D15-'По дням'!$K$6:$K$155))-(C15+'По дням'!$J$6:$J$155+ABS(C15-'По дням'!$J$6:$J$155)))/2+1)>0)*1))
A16: =IF(AND(Оплаты!$E$8="ок",COUNTIFS(Акты!$B$5:$B$16,Оплаты!$D$8,Акты!$H$5:$H$16,"ок")>0,COUNTIFS(Оплаты!$D$6:$D$7,Оплаты!$D$8,Оплаты!$A$6:$A$7,Оплаты!$A$8)=0),Оплаты!$D$8,"") | B16: =IF(A16="","",MATCH(A16,Акты!$B$5:$B$16,0)) | C16: =IF(A16="","",Оплаты!$A$8+1) | D16: =IF(A16="","",MIN(Ввод!$B$4,Ввод!$B$4+1-SUMPRODUCT(MAX((Оплаты!$D$6:$D$505=A16)*(Оплаты!$A$6:$A$505>Оплаты!$A$8)*(Ввод!$B$4+1-Оплаты!$A$6:$A$505))))) | E16: =IF(A16="","",INDEX(Акты!$D$5:$D$16,B16)-SUMIFS(Оплаты!$B$6:$B$505,Оплаты!$D$6:$D$505,A16,Оплаты!$A$6:$A$505,"<="&Оплаты!$A$8)) | F16: =IF(G16="","",SUMPRODUCT(ROUND(E16*'По дням'!$L$6:$L$155/100*((((D16+'По дням'!$K$6:$K$155-ABS(D16-'По дням'!$K$6:$K$155))-(C16+'По дням'!$J$6:$J$155+ABS(C16-'По дням'!$J$6:$J$155)))/2+1)>0)*(((D16+'По дням'!$K$6:$K$155-ABS(D16-'По дням'!$K$6:$K$155))-(C16+'По дням'!$J$6:$J$155+ABS(C16-'По дням'!$J$6:$J$155)))/2+1)/'По дням'!$M$6:$M$155,2)*(1-'По дням'!$N$6:$N$155))) | G16: =IF(A16="","",IF(C16>D16,"",B16*1000000+C16)) | H16: =IF(G16="","",SUMIFS(Оплаты!$B$6:$B$505,Оплаты!$D$6:$D$505,A16,Оплаты!$A$6:$A$505,D16)) | I16: =IF(G16="","",SUMPRODUCT((((((D16+'По дням'!$K$6:$K$155-ABS(D16-'По дням'!$K$6:$K$155))-(C16+'По дням'!$J$6:$J$155+ABS(C16-'По дням'!$J$6:$J$155)))/2+1)>0)*(((D16+'По дням'!$K$6:$K$155-ABS(D16-'По дням'!$K$6:$K$155))-(C16+'По дням'!$J$6:$J$155+ABS(C16-'По дням'!$J$6:$J$155)))/2+1)>0)*1))
A17: =IF(AND(Оплаты!$E$9="ок",COUNTIFS(Акты!$B$5:$B$16,Оплаты!$D$9,Акты!$H$5:$H$16,"ок")>0,COUNTIFS(Оплаты!$D$6:$D$8,Оплаты!$D$9,Оплаты!$A$6:$A$8,Оплаты!$A$9)=0),Оплаты!$D$9,"") | B17: =IF(A17="","",MATCH(A17,Акты!$B$5:$B$16,0)) | C17: =IF(A17="","",Оплаты!$A$9+1) | D17: =IF(A17="","",MIN(Ввод!$B$4,Ввод!$B$4+1-SUMPRODUCT(MAX((Оплаты!$D$6:$D$505=A17)*(Оплаты!$A$6:$A$505>Оплаты!$A$9)*(Ввод!$B$4+1-Оплаты!$A$6:$A$505))))) | E17: =IF(A17="","",INDEX(Акты!$D$5:$D$16,B17)-SUMIFS(Оплаты!$B$6:$B$505,Оплаты!$D$6:$D$505,A17,Оплаты!$A$6:$A$505,"<="&Оплаты!$A$9)) | F17: =IF(G17="","",SUMPRODUCT(ROUND(E17*'По дням'!$L$6:$L$155/100*((((D17+'По дням'!$K$6:$K$155-ABS(D17-'По дням'!$K$6:$K$155))-(C17+'По дням'!$J$6:$J$155+ABS(C17-'По дням'!$J$6:$J$155)))/2+1)>0)*(((D17+'По дням'!$K$6:$K$155-ABS(D17-'По дням'!$K$6:$K$155))-(C17+'По дням'!$J$6:$J$155+ABS(C17-'По дням'!$J$6:$J$155)))/2+1)/'По дням'!$M$6:$M$155,2)*(1-'По дням'!$N$6:$N$155))) | G17: =IF(A17="","",IF(C17>D17,"",B17*1000000+C17)) | H17: =IF(G17="","",SUMIFS(Оплаты!$B$6:$B$505,Оплаты!$D$6:$D$505,A17,Оплаты!$A$6:$A$505,D17)) | I17: =IF(G17="","",SUMPRODUCT((((((D17+'По дням'!$K$6:$K$155-ABS(D17-'По дням'!$K$6:$K$155))-(C17+'По дням'!$J$6:$J$155+ABS(C17-'По дням'!$J$6:$J$155)))/2+1)>0)*(((D17+'По дням'!$K$6:$K$155-ABS(D17-'По дням'!$K$6:$K$155))-(C17+'По дням'!$J$6:$J$155+ABS(C17-'По дням'!$J$6:$J$155)))/2+1)>0)*1))
A18: =IF(AND(Оплаты!$E$10="ок",COUNTIFS(Акты!$B$5:$B$16,Оплаты!$D$10,Акты!$H$5:$H$16,"ок")>0,COUNTIFS(Оплаты!$D$6:$D$9,Оплаты!$D$10,Оплаты!$A$6:$A$9,Оплаты!$A$10)=0),Оплаты!$D$10,"") | B18: =IF(A18="","",MATCH(A18,Акты!$B$5:$B$16,0)) | C18: =IF(A18="","",Оплаты!$A$10+1) | D18: =IF(A18="","",MIN(Ввод!$B$4,Ввод!$B$4+1-SUMPRODUCT(MAX((Оплаты!$D$6:$D$505=A18)*(Оплаты!$A$6:$A$505>Оплаты!$A$10)*(Ввод!$B$4+1-Оплаты!$A$6:$A$505))))) | E18: =IF(A18="","",INDEX(Акты!$D$5:$D$16,B18)-SUMIFS(Оплаты!$B$6:$B$505,Оплаты!$D$6:$D$505,A18,Оплаты!$A$6:$A$505,"<="&Оплаты!$A$10)) | F18: =IF(G18="","",SUMPRODUCT(ROUND(E18*'По дням'!$L$6:$L$155/100*((((D18+'По дням'!$K$6:$K$155-ABS(D18-'По дням'!$K$6:$K$155))-(C18+'По дням'!$J$6:$J$155+ABS(C18-'По дням'!$J$6:$J$155)))/2+1)>0)*(((D18+'По дням'!$K$6:$K$155-ABS(D18-'По дням'!$K$6:$K$155))-(C18+'По дням'!$J$6:$J$155+ABS(C18-'По дням'!$J$6:$J$155)))/2+1)/'По дням'!$M$6:$M$155,2)*(1-'По дням'!$N$6:$N$155))) | G18: =IF(A18="","",IF(C18>D18,"",B18*1000000+C18)) | H18: =IF(G18="","",SUMIFS(Оплаты!$B$6:$B$505,Оплаты!$D$6:$D$505,A18,Оплаты!$A$6:$A$505,D18)) | I18: =IF(G18="","",SUMPRODUCT((((((D18+'По дням'!$K$6:$K$155-ABS(D18-'По дням'!$K$6:$K$155))-(C18+'По дням'!$J$6:$J$155+ABS(C18-'По дням'!$J$6:$J$155)))/2+1)>0)*(((D18+'По дням'!$K$6:$K$155-ABS(D18-'По дням'!$K$6:$K$155))-(C18+'По дням'!$J$6:$J$155+ABS(C18-'По дням'!$J$6:$J$155)))/2+1)>0)*1))
A19: =IF(AND(Оплаты!$E$11="ок",COUNTIFS(Акты!$B$5:$B$16,Оплаты!$D$11,Акты!$H$5:$H$16,"ок")>0,COUNTIFS(Оплаты!$D$6:$D$10,Оплаты!$D$11,Оплаты!$A$6:$A$10,Оплаты!$A$11)=0),Оплаты!$D$11,"") | B19: =IF(A19="","",MATCH(A19,Акты!$B$5:$B$16,0)) | C19: =IF(A19="","",Оплаты!$A$11+1) | D19: =IF(A19="","",MIN(Ввод!$B$4,Ввод!$B$4+1-SUMPRODUCT(MAX((Оплаты!$D$6:$D$505=A19)*(Оплаты!$A$6:$A$505>Оплаты!$A$11)*(Ввод!$B$4+1-Оплаты!$A$6:$A$505))))) | E19: =IF(A19="","",INDEX(Акты!$D$5:$D$16,B19)-SUMIFS(Оплаты!$B$6:$B$505,Оплаты!$D$6:$D$505,A19,Оплаты!$A$6:$A$505,"<="&Оплаты!$A$11)) | F19: =IF(G19="","",SUMPRODUCT(ROUND(E19*'По дням'!$L$6:$L$155/100*((((D19+'По дням'!$K$6:$K$155-ABS(D19-'По дням'!$K$6:$K$155))-(C19+'По дням'!$J$6:$J$155+ABS(C19-'По дням'!$J$6:$J$155)))/2+1)>0)*(((D19+'По дням'!$K$6:$K$155-ABS(D19-'По дням'!$K$6:$K$155))-(C19+'По дням'!$J$6:$J$155+ABS(C19-'По дням'!$J$6:$J$155)))/2+1)/'По дням'!$M$6:$M$155,2)*(1-'По дням'!$N$6:$N$155))) | G19: =IF(A19="","",IF(C19>D19,"",B19*1000000+C19)) | H19: =IF(G19="","",SUMIFS(Оплаты!$B$6:$B$505,Оплаты!$D$6:$D$505,A19,Оплаты!$A$6:$A$505,D19)) | I19: =IF(G19="","",SUMPRODUCT((((((D19+'По дням'!$K$6:$K$155-ABS(D19-'По дням'!$K$6:$K$155))-(C19+'По дням'!$J$6:$J$155+ABS(C19-'По дням'!$J$6:$J$155)))/2+1)>0)*(((D19+'По дням'!$K$6:$K$155-ABS(D19-'По дням'!$K$6:$K$155))-(C19+'По дням'!$J$6:$J$155+ABS(C19-'По дням'!$J$6:$J$155)))/2+1)>0)*1))
A20: =IF(AND(Оплаты!$E$12="ок",COUNTIFS(Акты!$B$5:$B$16,Оплаты!$D$12,Акты!$H$5:$H$16,"ок")>0,COUNTIFS(Оплаты!$D$6:$D$11,Оплаты!$D$12,Оплаты!$A$6:$A$11,Оплаты!$A$12)=0),Оплаты!$D$12,"") | B20: =IF(A20="","",MATCH(A20,Акты!$B$5:$B$16,0)) | C20: =IF(A20="","",Оплаты!$A$12+1) | D20: =IF(A20="","",MIN(Ввод!$B$4,Ввод!$B$4+1-SUMPRODUCT(MAX((Оплаты!$D$6:$D$505=A20)*(Оплаты!$A$6:$A$505>Оплаты!$A$12)*(Ввод!$B$4+1-Оплаты!$A$6:$A$505))))) | E20: =IF(A20="","",INDEX(Акты!$D$5:$D$16,B20)-SUMIFS(Оплаты!$B$6:$B$505,Оплаты!$D$6:$D$505,A20,Оплаты!$A$6:$A$505,"<="&Оплаты!$A$12)) | F20: =IF(G20="","",SUMPRODUCT(ROUND(E20*'По дням'!$L$6:$L$155/100*((((D20+'По дням'!$K$6:$K$155-ABS(D20-'По дням'!$K$6:$K$155))-(C20+'По дням'!$J$6:$J$155+ABS(C20-'По дням'!$J$6:$J$155)))/2+1)>0)*(((D20+'По дням'!$K$6:$K$155-ABS(D20-'По дням'!$K$6:$K$155))-(C20+'По дням'!$J$6:$J$155+ABS(C20-'По дням'!$J$6:$J$155)))/2+1)/'По дням'!$M$6:$M$155,2)*(1-'По дням'!$N$6:$N$155))) | G20: =IF(A20="","",IF(C20>D20,"",B20*1000000+C20)) | H20: =IF(G20="","",SUMIFS(Оплаты!$B$6:$B$505,Оплаты!$D$6:$D$505,A20,Оплаты!$A$6:$A$505,D20)) | I20: =IF(G20="","",SUMPRODUCT((((((D20+'По дням'!$K$6:$K$155-ABS(D20-'По дням'!$K$6:$K$155))-(C20+'По дням'!$J$6:$J$155+ABS(C20-'По дням'!$J$6:$J$155)))/2+1)>0)*(((D20+'По дням'!$K$6:$K$155-ABS(D20-'По дням'!$K$6:$K$155))-(C20+'По дням'!$J$6:$J$155+ABS(C20-'По дням'!$J$6:$J$155)))/2+1)>0)*1))
A21: =IF(AND(Оплаты!$E$13="ок",COUNTIFS(Акты!$B$5:$B$16,Оплаты!$D$13,Акты!$H$5:$H$16,"ок")>0,COUNTIFS(Оплаты!$D$6:$D$12,Оплаты!$D$13,Оплаты!$A$6:$A$12,Оплаты!$A$13)=0),Оплаты!$D$13,"") | B21: =IF(A21="","",MATCH(A21,Акты!$B$5:$B$16,0)) | C21: =IF(A21="","",Оплаты!$A$13+1) | D21: =IF(A21="","",MIN(Ввод!$B$4,Ввод!$B$4+1-SUMPRODUCT(MAX((Оплаты!$D$6:$D$505=A21)*(Оплаты!$A$6:$A$505>Оплаты!$A$13)*(Ввод!$B$4+1-Оплаты!$A$6:$A$505))))) | E21: =IF(A21="","",INDEX(Акты!$D$5:$D$16,B21)-SUMIFS(Оплаты!$B$6:$B$505,Оплаты!$D$6:$D$505,A21,Оплаты!$A$6:$A$505,"<="&Оплаты!$A$13)) | F21: =IF(G21="","",SUMPRODUCT(ROUND(E21*'По дням'!$L$6:$L$155/100*((((D21+'По дням'!$K$6:$K$155-ABS(D21-'По дням'!$K$6:$K$155))-(C21+'По дням'!$J$6:$J$155+ABS(C21-'По дням'!$J$6:$J$155)))/2+1)>0)*(((D21+'По дням'!$K$6:$K$155-ABS(D21-'По дням'!$K$6:$K$155))-(C21+'По дням'!$J$6:$J$155+ABS(C21-'По дням'!$J$6:$J$155)))/2+1)/'По дням'!$M$6:$M$155,2)*(1-'По дням'!$N$6:$N$155))) | G21: =IF(A21="","",IF(C21>D21,"",B21*1000000+C21)) | H21: =IF(G21="","",SUMIFS(Оплаты!$B$6:$B$505,Оплаты!$D$6:$D$505,A21,Оплаты!$A$6:$A$505,D21)) | I21: =IF(G21="","",SUMPRODUCT((((((D21+'По дням'!$K$6:$K$155-ABS(D21-'По дням'!$K$6:$K$155))-(C21+'По дням'!$J$6:$J$155+ABS(C21-'По дням'!$J$6:$J$155)))/2+1)>0)*(((D21+'По дням'!$K$6:$K$155-ABS(D21-'По дням'!$K$6:$K$155))-(C21+'По дням'!$J$6:$J$155+ABS(C21-'По дням'!$J$6:$J$155)))/2+1)>0)*1))
A22: =IF(AND(Оплаты!$E$14="ок",COUNTIFS(Акты!$B$5:$B$16,Оплаты!$D$14,Акты!$H$5:$H$16,"ок")>0,COUNTIFS(Оплаты!$D$6:$D$13,Оплаты!$D$14,Оплаты!$A$6:$A$13,Оплаты!$A$14)=0),Оплаты!$D$14,"") | B22: =IF(A22="","",MATCH(A22,Акты!$B$5:$B$16,0)) | C22: =IF(A22="","",Оплаты!$A$14+1) | D22: =IF(A22="","",MIN(Ввод!$B$4,Ввод!$B$4+1-SUMPRODUCT(MAX((Оплаты!$D$6:$D$505=A22)*(Оплаты!$A$6:$A$505>Оплаты!$A$14)*(Ввод!$B$4+1-Оплаты!$A$6:$A$505))))) | E22: =IF(A22="","",INDEX(Акты!$D$5:$D$16,B22)-SUMIFS(Оплаты!$B$6:$B$505,Оплаты!$D$6:$D$505,A22,Оплаты!$A$6:$A$505,"<="&Оплаты!$A$14)) | F22: =IF(G22="","",SUMPRODUCT(ROUND(E22*'По дням'!$L$6:$L$155/100*((((D22+'По дням'!$K$6:$K$155-ABS(D22-'По дням'!$K$6:$K$155))-(C22+'По дням'!$J$6:$J$155+ABS(C22-'По дням'!$J$6:$J$155)))/2+1)>0)*(((D22+'По дням'!$K$6:$K$155-ABS(D22-'По дням'!$K$6:$K$155))-(C22+'По дням'!$J$6:$J$155+ABS(C22-'По дням'!$J$6:$J$155)))/2+1)/'По дням'!$M$6:$M$155,2)*(1-'По дням'!$N$6:$N$155))) | G22: =IF(A22="","",IF(C22>D22,"",B22*1000000+C22)) | H22: =IF(G22="","",SUMIFS(Оплаты!$B$6:$B$505,Оплаты!$D$6:$D$505,A22,Оплаты!$A$6:$A$505,D22)) | I22: =IF(G22="","",SUMPRODUCT((((((D22+'По дням'!$K$6:$K$155-ABS(D22-'По дням'!$K$6:$K$155))-(C22+'По дням'!$J$6:$J$155+ABS(C22-'По дням'!$J$6:$J$155)))/2+1)>0)*(((D22+'По дням'!$K$6:$K$155-ABS(D22-'По дням'!$K$6:$K$155))-(C22+'По дням'!$J$6:$J$155+ABS(C22-'По дням'!$J$6:$J$155)))/2+1)>0)*1))
A23: =IF(AND(Оплаты!$E$15="ок",COUNTIFS(Акты!$B$5:$B$16,Оплаты!$D$15,Акты!$H$5:$H$16,"ок")>0,COUNTIFS(Оплаты!$D$6:$D$14,Оплаты!$D$15,Оплаты!$A$6:$A$14,Оплаты!$A$15)=0),Оплаты!$D$15,"") | B23: =IF(A23="","",MATCH(A23,Акты!$B$5:$B$16,0)) | C23: =IF(A23="","",Оплаты!$A$15+1) | D23: =IF(A23="","",MIN(Ввод!$B$4,Ввод!$B$4+1-SUMPRODUCT(MAX((Оплаты!$D$6:$D$505=A23)*(Оплаты!$A$6:$A$505>Оплаты!$A$15)*(Ввод!$B$4+1-Оплаты!$A$6:$A$505))))) | E23: =IF(A23="","",INDEX(Акты!$D$5:$D$16,B23)-SUMIFS(Оплаты!$B$6:$B$505,Оплаты!$D$6:$D$505,A23,Оплаты!$A$6:$A$505,"<="&Оплаты!$A$15)) | F23: =IF(G23="","",SUMPRODUCT(ROUND(E23*'По дням'!$L$6:$L$155/100*((((D23+'По дням'!$K$6:$K$155-ABS(D23-'По дням'!$K$6:$K$155))-(C23+'По дням'!$J$6:$J$155+ABS(C23-'По дням'!$J$6:$J$155)))/2+1)>0)*(((D23+'По дням'!$K$6:$K$155-ABS(D23-'По дням'!$K$6:$K$155))-(C23+'По дням'!$J$6:$J$155+ABS(C23-'По дням'!$J$6:$J$155)))/2+1)/'По дням'!$M$6:$M$155,2)*(1-'По дням'!$N$6:$N$155))) | G23: =IF(A23="","",IF(C23>D23,"",B23*1000000+C23)) | H23: =IF(G23="","",SUMIFS(Оплаты!$B$6:$B$505,Оплаты!$D$6:$D$505,A23,Оплаты!$A$6:$A$505,D23)) | I23: =IF(G23="","",SUMPRODUCT((((((D23+'По дням'!$K$6:$K$155-ABS(D23-'По дням'!$K$6:$K$155))-(C23+'По дням'!$J$6:$J$155+ABS(C23-'По дням'!$J$6:$J$155)))/2+1)>0)*(((D23+'По дням'!$K$6:$K$155-ABS(D23-'По дням'!$K$6:$K$155))-(C23+'По дням'!$J$6:$J$155+ABS(C23-'По дням'!$J$6:$J$155)))/2+1)>0)*1))
A24: =IF(AND(Оплаты!$E$16="ок",COUNTIFS(Акты!$B$5:$B$16,Оплаты!$D$16,Акты!$H$5:$H$16,"ок")>0,COUNTIFS(Оплаты!$D$6:$D$15,Оплаты!$D$16,Оплаты!$A$6:$A$15,Оплаты!$A$16)=0),Оплаты!$D$16,"") | B24: =IF(A24="","",MATCH(A24,Акты!$B$5:$B$16,0)) | C24: =IF(A24="","",Оплаты!$A$16+1) | D24: =IF(A24="","",MIN(Ввод!$B$4,Ввод!$B$4+1-SUMPRODUCT(MAX((Оплаты!$D$6:$D$505=A24)*(Оплаты!$A$6:$A$505>Оплаты!$A$16)*(Ввод!$B$4+1-Оплаты!$A$6:$A$505))))) | E24: =IF(A24="","",INDEX(Акты!$D$5:$D$16,B24)-SUMIFS(Оплаты!$B$6:$B$505,Оплаты!$D$6:$D$505,A24,Оплаты!$A$6:$A$505,"<="&Оплаты!$A$16)) | F24: =IF(G24="","",SUMPRODUCT(ROUND(E24*'По дням'!$L$6:$L$155/100*((((D24+'По дням'!$K$6:$K$155-ABS(D24-'По дням'!$K$6:$K$155))-(C24+'По дням'!$J$6:$J$155+ABS(C24-'По дням'!$J$6:$J$155)))/2+1)>0)*(((D24+'По дням'!$K$6:$K$155-ABS(D24-'По дням'!$K$6:$K$155))-(C24+'По дням'!$J$6:$J$155+ABS(C24-'По дням'!$J$6:$J$155)))/2+1)/'По дням'!$M$6:$M$155,2)*(1-'По дням'!$N$6:$N$155))) | G24: =IF(A24="","",IF(C24>D24,"",B24*1000000+C24)) | H24: =IF(G24="","",SUMIFS(Оплаты!$B$6:$B$505,Оплаты!$D$6:$D$505,A24,Оплаты!$A$6:$A$505,D24)) | I24: =IF(G24="","",SUMPRODUCT((((((D24+'По дням'!$K$6:$K$155-ABS(D24-'По дням'!$K$6:$K$155))-(C24+'По дням'!$J$6:$J$155+ABS(C24-'По дням'!$J$6:$J$155)))/2+1)>0)*(((D24+'По дням'!$K$6:$K$155-ABS(D24-'По дням'!$K$6:$K$155))-(C24+'По дням'!$J$6:$J$155+ABS(C24-'По дням'!$J$6:$J$155)))/2+1)>0)*1))
A25: =IF(AND(Оплаты!$E$17="ок",COUNTIFS(Акты!$B$5:$B$16,Оплаты!$D$17,Акты!$H$5:$H$16,"ок")>0,COUNTIFS(Оплаты!$D$6:$D$16,Оплаты!$D$17,Оплаты!$A$6:$A$16,Оплаты!$A$17)=0),Оплаты!$D$17,"") | B25: =IF(A25="","",MATCH(A25,Акты!$B$5:$B$16,0)) | C25: =IF(A25="","",Оплаты!$A$17+1) | D25: =IF(A25="","",MIN(Ввод!$B$4,Ввод!$B$4+1-SUMPRODUCT(MAX((Оплаты!$D$6:$D$505=A25)*(Оплаты!$A$6:$A$505>Оплаты!$A$17)*(Ввод!$B$4+1-Оплаты!$A$6:$A$505))))) | E25: =IF(A25="","",INDEX(Акты!$D$5:$D$16,B25)-SUMIFS(Оплаты!$B$6:$B$505,Оплаты!$D$6:$D$505,A25,Оплаты!$A$6:$A$505,"<="&Оплаты!$A$17)) | F25: =IF(G25="","",SUMPRODUCT(ROUND(E25*'По дням'!$L$6:$L$155/100*((((D25+'По дням'!$K$6:$K$155-ABS(D25-'По дням'!$K$6:$K$155))-(C25+'По дням'!$J$6:$J$155+ABS(C25-'По дням'!$J$6:$J$155)))/2+1)>0)*(((D25+'По дням'!$K$6:$K$155-ABS(D25-'По дням'!$K$6:$K$155))-(C25+'По дням'!$J$6:$J$155+ABS(C25-'По дням'!$J$6:$J$155)))/2+1)/'По дням'!$M$6:$M$155,2)*(1-'По дням'!$N$6:$N$155))) | G25: =IF(A25="","",IF(C25>D25,"",B25*1000000+C25)) | H25: =IF(G25="","",SUMIFS(Оплаты!$B$6:$B$505,Оплаты!$D$6:$D$505,A25,Оплаты!$A$6:$A$505,D25)) | I25: =IF(G25="","",SUMPRODUCT((((((D25+'По дням'!$K$6:$K$155-ABS(D25-'По дням'!$K$6:$K$155))-(C25+'По дням'!$J$6:$J$155+ABS(C25-'По дням'!$J$6:$J$155)))/2+1)>0)*(((D25+'По дням'!$K$6:$K$155-ABS(D25-'По дням'!$K$6:$K$155))-(C25+'По дням'!$J$6:$J$155+ABS(C25-'По дням'!$J$6:$J$155)))/2+1)>0)*1))
A26: =IF(AND(Оплаты!$E$18="ок",COUNTIFS(Акты!$B$5:$B$16,Оплаты!$D$18,Акты!$H$5:$H$16,"ок")>0,COUNTIFS(Оплаты!$D$6:$D$17,Оплаты!$D$18,Оплаты!$A$6:$A$17,Оплаты!$A$18)=0),Оплаты!$D$18,"") | B26: =IF(A26="","",MATCH(A26,Акты!$B$5:$B$16,0)) | C26: =IF(A26="","",Оплаты!$A$18+1) | D26: =IF(A26="","",MIN(Ввод!$B$4,Ввод!$B$4+1-SUMPRODUCT(MAX((Оплаты!$D$6:$D$505=A26)*(Оплаты!$A$6:$A$505>Оплаты!$A$18)*(Ввод!$B$4+1-Оплаты!$A$6:$A$505))))) | E26: =IF(A26="","",INDEX(Акты!$D$5:$D$16,B26)-SUMIFS(Оплаты!$B$6:$B$505,Оплаты!$D$6:$D$505,A26,Оплаты!$A$6:$A$505,"<="&Оплаты!$A$18)) | F26: =IF(G26="","",SUMPRODUCT(ROUND(E26*'По дням'!$L$6:$L$155/100*((((D26+'По дням'!$K$6:$K$155-ABS(D26-'По дням'!$K$6:$K$155))-(C26+'По дням'!$J$6:$J$155+ABS(C26-'По дням'!$J$6:$J$155)))/2+1)>0)*(((D26+'По дням'!$K$6:$K$155-ABS(D26-'По дням'!$K$6:$K$155))-(C26+'По дням'!$J$6:$J$155+ABS(C26-'По дням'!$J$6:$J$155)))/2+1)/'По дням'!$M$6:$M$155,2)*(1-'По дням'!$N$6:$N$155))) | G26: =IF(A26="","",IF(C26>D26,"",B26*1000000+C26)) | H26: =IF(G26="","",SUMIFS(Оплаты!$B$6:$B$505,Оплаты!$D$6:$D$505,A26,Оплаты!$A$6:$A$505,D26)) | I26: =IF(G26="","",SUMPRODUCT((((((D26+'По дням'!$K$6:$K$155-ABS(D26-'По дням'!$K$6:$K$155))-(C26+'По дням'!$J$6:$J$155+ABS(C26-'По дням'!$J$6:$J$155)))/2+1)>0)*(((D26+'По дням'!$K$6:$K$155-ABS(D26-'По дням'!$K$6:$K$155))-(C26+'По дням'!$J$6:$J$155+ABS(C26-'По дням'!$J$6:$J$155)))/2+1)>0)*1))
A27: =IF(AND(Оплаты!$E$19="ок",COUNTIFS(Акты!$B$5:$B$16,Оплаты!$D$19,Акты!$H$5:$H$16,"ок")>0,COUNTIFS(Оплаты!$D$6:$D$18,Оплаты!$D$19,Оплаты!$A$6:$A$18,Оплаты!$A$19)=0),Оплаты!$D$19,"") | B27: =IF(A27="","",MATCH(A27,Акты!$B$5:$B$16,0)) | C27: =IF(A27="","",Оплаты!$A$19+1) | D27: =IF(A27="","",MIN(Ввод!$B$4,Ввод!$B$4+1-SUMPRODUCT(MAX((Оплаты!$D$6:$D$505=A27)*(Оплаты!$A$6:$A$505>Оплаты!$A$19)*(Ввод!$B$4+1-Оплаты!$A$6:$A$505))))) | E27: =IF(A27="","",INDEX(Акты!$D$5:$D$16,B27)-SUMIFS(Оплаты!$B$6:$B$505,Оплаты!$D$6:$D$505,A27,Оплаты!$A$6:$A$505,"<="&Оплаты!$A$19)) | F27: =IF(G27="","",SUMPRODUCT(ROUND(E27*'По дням'!$L$6:$L$155/100*((((D27+'По дням'!$K$6:$K$155-ABS(D27-'По дням'!$K$6:$K$155))-(C27+'По дням'!$J$6:$J$155+ABS(C27-'По дням'!$J$6:$J$155)))/2+1)>0)*(((D27+'По дням'!$K$6:$K$155-ABS(D27-'По дням'!$K$6:$K$155))-(C27+'По дням'!$J$6:$J$155+ABS(C27-'По дням'!$J$6:$J$155)))/2+1)/'По дням'!$M$6:$M$155,2)*(1-'По дням'!$N$6:$N$155))) | G27: =IF(A27="","",IF(C27>D27,"",B27*1000000+C27)) | H27: =IF(G27="","",SUMIFS(Оплаты!$B$6:$B$505,Оплаты!$D$6:$D$505,A27,Оплаты!$A$6:$A$505,D27)) | I27: =IF(G27="","",SUMPRODUCT((((((D27+'По дням'!$K$6:$K$155-ABS(D27-'По дням'!$K$6:$K$155))-(C27+'По дням'!$J$6:$J$155+ABS(C27-'По дням'!$J$6:$J$155)))/2+1)>0)*(((D27+'По дням'!$K$6:$K$155-ABS(D27-'По дням'!$K$6:$K$155))-(C27+'По дням'!$J$6:$J$155+ABS(C27-'По дням'!$J$6:$J$155)))/2+1)>0)*1))
A28: =IF(AND(Оплаты!$E$20="ок",COUNTIFS(Акты!$B$5:$B$16,Оплаты!$D$20,Акты!$H$5:$H$16,"ок")>0,COUNTIFS(Оплаты!$D$6:$D$19,Оплаты!$D$20,Оплаты!$A$6:$A$19,Оплаты!$A$20)=0),Оплаты!$D$20,"") | B28: =IF(A28="","",MATCH(A28,Акты!$B$5:$B$16,0)) | C28: =IF(A28="","",Оплаты!$A$20+1) | D28: =IF(A28="","",MIN(Ввод!$B$4,Ввод!$B$4+1-SUMPRODUCT(MAX((Оплаты!$D$6:$D$505=A28)*(Оплаты!$A$6:$A$505>Оплаты!$A$20)*(Ввод!$B$4+1-Оплаты!$A$6:$A$505))))) | E28: =IF(A28="","",INDEX(Акты!$D$5:$D$16,B28)-SUMIFS(Оплаты!$B$6:$B$505,Оплаты!$D$6:$D$505,A28,Оплаты!$A$6:$A$505,"<="&Оплаты!$A$20)) | F28: =IF(G28="","",SUMPRODUCT(ROUND(E28*'По дням'!$L$6:$L$155/100*((((D28+'По дням'!$K$6:$K$155-ABS(D28-'По дням'!$K$6:$K$155))-(C28+'По дням'!$J$6:$J$155+ABS(C28-'По дням'!$J$6:$J$155)))/2+1)>0)*(((D28+'По дням'!$K$6:$K$155-ABS(D28-'По дням'!$K$6:$K$155))-(C28+'По дням'!$J$6:$J$155+ABS(C28-'По дням'!$J$6:$J$155)))/2+1)/'По дням'!$M$6:$M$155,2)*(1-'По дням'!$N$6:$N$155))) | G28: =IF(A28="","",IF(C28>D28,"",B28*1000000+C28)) | H28: =IF(G28="","",SUMIFS(Оплаты!$B$6:$B$505,Оплаты!$D$6:$D$505,A28,Оплаты!$A$6:$A$505,D28)) | I28: =IF(G28="","",SUMPRODUCT((((((D28+'По дням'!$K$6:$K$155-ABS(D28-'По дням'!$K$6:$K$155))-(C28+'По дням'!$J$6:$J$155+ABS(C28-'По дням'!$J$6:$J$155)))/2+1)>0)*(((D28+'По дням'!$K$6:$K$155-ABS(D28-'По дням'!$K$6:$K$155))-(C28+'По дням'!$J$6:$J$155+ABS(C28-'По дням'!$J$6:$J$155)))/2+1)>0)*1))
A29: =IF(AND(Оплаты!$E$21="ок",COUNTIFS(Акты!$B$5:$B$16,Оплаты!$D$21,Акты!$H$5:$H$16,"ок")>0,COUNTIFS(Оплаты!$D$6:$D$20,Оплаты!$D$21,Оплаты!$A$6:$A$20,Оплаты!$A$21)=0),Оплаты!$D$21,"") | B29: =IF(A29="","",MATCH(A29,Акты!$B$5:$B$16,0)) | C29: =IF(A29="","",Оплаты!$A$21+1) | D29: =IF(A29="","",MIN(Ввод!$B$4,Ввод!$B$4+1-SUMPRODUCT(MAX((Оплаты!$D$6:$D$505=A29)*(Оплаты!$A$6:$A$505>Оплаты!$A$21)*(Ввод!$B$4+1-Оплаты!$A$6:$A$505))))) | E29: =IF(A29="","",INDEX(Акты!$D$5:$D$16,B29)-SUMIFS(Оплаты!$B$6:$B$505,Оплаты!$D$6:$D$505,A29,Оплаты!$A$6:$A$505,"<="&Оплаты!$A$21)) | F29: =IF(G29="","",SUMPRODUCT(ROUND(E29*'По дням'!$L$6:$L$155/100*((((D29+'По дням'!$K$6:$K$155-ABS(D29-'По дням'!$K$6:$K$155))-(C29+'По дням'!$J$6:$J$155+ABS(C29-'По дням'!$J$6:$J$155)))/2+1)>0)*(((D29+'По дням'!$K$6:$K$155-ABS(D29-'По дням'!$K$6:$K$155))-(C29+'По дням'!$J$6:$J$155+ABS(C29-'По дням'!$J$6:$J$155)))/2+1)/'По дням'!$M$6:$M$155,2)*(1-'По дням'!$N$6:$N$155))) | G29: =IF(A29="","",IF(C29>D29,"",B29*1000000+C29)) | H29: =IF(G29="","",SUMIFS(Оплаты!$B$6:$B$505,Оплаты!$D$6:$D$505,A29,Оплаты!$A$6:$A$505,D29)) | I29: =IF(G29="","",SUMPRODUCT((((((D29+'По дням'!$K$6:$K$155-ABS(D29-'По дням'!$K$6:$K$155))-(C29+'По дням'!$J$6:$J$155+ABS(C29-'По дням'!$J$6:$J$155)))/2+1)>0)*(((D29+'По дням'!$K$6:$K$155-ABS(D29-'По дням'!$K$6:$K$155))-(C29+'По дням'!$J$6:$J$155+ABS(C29-'По дням'!$J$6:$J$155)))/2+1)>0)*1))
A30: =IF(AND(Оплаты!$E$22="ок",COUNTIFS(Акты!$B$5:$B$16,Оплаты!$D$22,Акты!$H$5:$H$16,"ок")>0,COUNTIFS(Оплаты!$D$6:$D$21,Оплаты!$D$22,Оплаты!$A$6:$A$21,Оплаты!$A$22)=0),Оплаты!$D$22,"") | B30: =IF(A30="","",MATCH(A30,Акты!$B$5:$B$16,0)) | C30: =IF(A30="","",Оплаты!$A$22+1) | D30: =IF(A30="","",MIN(Ввод!$B$4,Ввод!$B$4+1-SUMPRODUCT(MAX((Оплаты!$D$6:$D$505=A30)*(Оплаты!$A$6:$A$505>Оплаты!$A$22)*(Ввод!$B$4+1-Оплаты!$A$6:$A$505))))) | E30: =IF(A30="","",INDEX(Акты!$D$5:$D$16,B30)-SUMIFS(Оплаты!$B$6:$B$505,Оплаты!$D$6:$D$505,A30,Оплаты!$A$6:$A$505,"<="&Оплаты!$A$22)) | F30: =IF(G30="","",SUMPRODUCT(ROUND(E30*'По дням'!$L$6:$L$155/100*((((D30+'По дням'!$K$6:$K$155-ABS(D30-'По дням'!$K$6:$K$155))-(C30+'По дням'!$J$6:$J$155+ABS(C30-'По дням'!$J$6:$J$155)))/2+1)>0)*(((D30+'По дням'!$K$6:$K$155-ABS(D30-'По дням'!$K$6:$K$155))-(C30+'По дням'!$J$6:$J$155+ABS(C30-'По дням'!$J$6:$J$155)))/2+1)/'По дням'!$M$6:$M$155,2)*(1-'По дням'!$N$6:$N$155))) | G30: =IF(A30="","",IF(C30>D30,"",B30*1000000+C30)) | H30: =IF(G30="","",SUMIFS(Оплаты!$B$6:$B$505,Оплаты!$D$6:$D$505,A30,Оплаты!$A$6:$A$505,D30)) | I30: =IF(G30="","",SUMPRODUCT((((((D30+'По дням'!$K$6:$K$155-ABS(D30-'По дням'!$K$6:$K$155))-(C30+'По дням'!$J$6:$J$155+ABS(C30-'По дням'!$J$6:$J$155)))/2+1)>0)*(((D30+'По дням'!$K$6:$K$155-ABS(D30-'По дням'!$K$6:$K$155))-(C30+'По дням'!$J$6:$J$155+ABS(C30-'По дням'!$J$6:$J$155)))/2+1)>0)*1))
A31: =IF(AND(Оплаты!$E$23="ок",COUNTIFS(Акты!$B$5:$B$16,Оплаты!$D$23,Акты!$H$5:$H$16,"ок")>0,COUNTIFS(Оплаты!$D$6:$D$22,Оплаты!$D$23,Оплаты!$A$6:$A$22,Оплаты!$A$23)=0),Оплаты!$D$23,"") | B31: =IF(A31="","",MATCH(A31,Акты!$B$5:$B$16,0)) | C31: =IF(A31="","",Оплаты!$A$23+1) | D31: =IF(A31="","",MIN(Ввод!$B$4,Ввод!$B$4+1-SUMPRODUCT(MAX((Оплаты!$D$6:$D$505=A31)*(Оплаты!$A$6:$A$505>Оплаты!$A$23)*(Ввод!$B$4+1-Оплаты!$A$6:$A$505))))) | E31: =IF(A31="","",INDEX(Акты!$D$5:$D$16,B31)-SUMIFS(Оплаты!$B$6:$B$505,Оплаты!$D$6:$D$505,A31,Оплаты!$A$6:$A$505,"<="&Оплаты!$A$23)) | F31: =IF(G31="","",SUMPRODUCT(ROUND(E31*'По дням'!$L$6:$L$155/100*((((D31+'По дням'!$K$6:$K$155-ABS(D31-'По дням'!$K$6:$K$155))-(C31+'По дням'!$J$6:$J$155+ABS(C31-'По дням'!$J$6:$J$155)))/2+1)>0)*(((D31+'По дням'!$K$6:$K$155-ABS(D31-'По дням'!$K$6:$K$155))-(C31+'По дням'!$J$6:$J$155+ABS(C31-'По дням'!$J$6:$J$155)))/2+1)/'По дням'!$M$6:$M$155,2)*(1-'По дням'!$N$6:$N$155))) | G31: =IF(A31="","",IF(C31>D31,"",B31*1000000+C31)) | H31: =IF(G31="","",SUMIFS(Оплаты!$B$6:$B$505,Оплаты!$D$6:$D$505,A31,Оплаты!$A$6:$A$505,D31)) | I31: =IF(G31="","",SUMPRODUCT((((((D31+'По дням'!$K$6:$K$155-ABS(D31-'По дням'!$K$6:$K$155))-(C31+'По дням'!$J$6:$J$155+ABS(C31-'По дням'!$J$6:$J$155)))/2+1)>0)*(((D31+'По дням'!$K$6:$K$155-ABS(D31-'По дням'!$K$6:$K$155))-(C31+'По дням'!$J$6:$J$155+ABS(C31-'По дням'!$J$6:$J$155)))/2+1)>0)*1))
A32: =IF(AND(Оплаты!$E$24="ок",COUNTIFS(Акты!$B$5:$B$16,Оплаты!$D$24,Акты!$H$5:$H$16,"ок")>0,COUNTIFS(Оплаты!$D$6:$D$23,Оплаты!$D$24,Оплаты!$A$6:$A$23,Оплаты!$A$24)=0),Оплаты!$D$24,"") | B32: =IF(A32="","",MATCH(A32,Акты!$B$5:$B$16,0)) | C32: =IF(A32="","",Оплаты!$A$24+1) | D32: =IF(A32="","",MIN(Ввод!$B$4,Ввод!$B$4+1-SUMPRODUCT(MAX((Оплаты!$D$6:$D$505=A32)*(Оплаты!$A$6:$A$505>Оплаты!$A$24)*(Ввод!$B$4+1-Оплаты!$A$6:$A$505))))) | E32: =IF(A32="","",INDEX(Акты!$D$5:$D$16,B32)-SUMIFS(Оплаты!$B$6:$B$505,Оплаты!$D$6:$D$505,A32,Оплаты!$A$6:$A$505,"<="&Оплаты!$A$24)) | F32: =IF(G32="","",SUMPRODUCT(ROUND(E32*'По дням'!$L$6:$L$155/100*((((D32+'По дням'!$K$6:$K$155-ABS(D32-'По дням'!$K$6:$K$155))-(C32+'По дням'!$J$6:$J$155+ABS(C32-'По дням'!$J$6:$J$155)))/2+1)>0)*(((D32+'По дням'!$K$6:$K$155-ABS(D32-'По дням'!$K$6:$K$155))-(C32+'По дням'!$J$6:$J$155+ABS(C32-'По дням'!$J$6:$J$155)))/2+1)/'По дням'!$M$6:$M$155,2)*(1-'По дням'!$N$6:$N$155))) | G32: =IF(A32="","",IF(C32>D32,"",B32*1000000+C32)) | H32: =IF(G32="","",SUMIFS(Оплаты!$B$6:$B$505,Оплаты!$D$6:$D$505,A32,Оплаты!$A$6:$A$505,D32)) | I32: =IF(G32="","",SUMPRODUCT((((((D32+'По дням'!$K$6:$K$155-ABS(D32-'По дням'!$K$6:$K$155))-(C32+'По дням'!$J$6:$J$155+ABS(C32-'По дням'!$J$6:$J$155)))/2+1)>0)*(((D32+'По дням'!$K$6:$K$155-ABS(D32-'По дням'!$K$6:$K$155))-(C32+'По дням'!$J$6:$J$155+ABS(C32-'По дням'!$J$6:$J$155)))/2+1)>0)*1))
A33: =IF(AND(Оплаты!$E$25="ок",COUNTIFS(Акты!$B$5:$B$16,Оплаты!$D$25,Акты!$H$5:$H$16,"ок")>0,COUNTIFS(Оплаты!$D$6:$D$24,Оплаты!$D$25,Оплаты!$A$6:$A$24,Оплаты!$A$25)=0),Оплаты!$D$25,"") | B33: =IF(A33="","",MATCH(A33,Акты!$B$5:$B$16,0)) | C33: =IF(A33="","",Оплаты!$A$25+1) | D33: =IF(A33="","",MIN(Ввод!$B$4,Ввод!$B$4+1-SUMPRODUCT(MAX((Оплаты!$D$6:$D$505=A33)*(Оплаты!$A$6:$A$505>Оплаты!$A$25)*(Ввод!$B$4+1-Оплаты!$A$6:$A$505))))) | E33: =IF(A33="","",INDEX(Акты!$D$5:$D$16,B33)-SUMIFS(Оплаты!$B$6:$B$505,Оплаты!$D$6:$D$505,A33,Оплаты!$A$6:$A$505,"<="&Оплаты!$A$25)) | F33: =IF(G33="","",SUMPRODUCT(ROUND(E33*'По дням'!$L$6:$L$155/100*((((D33+'По дням'!$K$6:$K$155-ABS(D33-'По дням'!$K$6:$K$155))-(C33+'По дням'!$J$6:$J$155+ABS(C33-'По дням'!$J$6:$J$155)))/2+1)>0)*(((D33+'По дням'!$K$6:$K$155-ABS(D33-'По дням'!$K$6:$K$155))-(C33+'По дням'!$J$6:$J$155+ABS(C33-'По дням'!$J$6:$J$155)))/2+1)/'По дням'!$M$6:$M$155,2)*(1-'По дням'!$N$6:$N$155))) | G33: =IF(A33="","",IF(C33>D33,"",B33*1000000+C33)) | H33: =IF(G33="","",SUMIFS(Оплаты!$B$6:$B$505,Оплаты!$D$6:$D$505,A33,Оплаты!$A$6:$A$505,D33)) | I33: =IF(G33="","",SUMPRODUCT((((((D33+'По дням'!$K$6:$K$155-ABS(D33-'По дням'!$K$6:$K$155))-(C33+'По дням'!$J$6:$J$155+ABS(C33-'По дням'!$J$6:$J$155)))/2+1)>0)*(((D33+'По дням'!$K$6:$K$155-ABS(D33-'По дням'!$K$6:$K$155))-(C33+'По дням'!$J$6:$J$155+ABS(C33-'По дням'!$J$6:$J$155)))/2+1)>0)*1))
A34: =IF(AND(Оплаты!$E$26="ок",COUNTIFS(Акты!$B$5:$B$16,Оплаты!$D$26,Акты!$H$5:$H$16,"ок")>0,COUNTIFS(Оплаты!$D$6:$D$25,Оплаты!$D$26,Оплаты!$A$6:$A$25,Оплаты!$A$26)=0),Оплаты!$D$26,"") | B34: =IF(A34="","",MATCH(A34,Акты!$B$5:$B$16,0)) | C34: =IF(A34="","",Оплаты!$A$26+1) | D34: =IF(A34="","",MIN(Ввод!$B$4,Ввод!$B$4+1-SUMPRODUCT(MAX((Оплаты!$D$6:$D$505=A34)*(Оплаты!$A$6:$A$505>Оплаты!$A$26)*(Ввод!$B$4+1-Оплаты!$A$6:$A$505))))) | E34: =IF(A34="","",INDEX(Акты!$D$5:$D$16,B34)-SUMIFS(Оплаты!$B$6:$B$505,Оплаты!$D$6:$D$505,A34,Оплаты!$A$6:$A$505,"<="&Оплаты!$A$26)) | F34: =IF(G34="","",SUMPRODUCT(ROUND(E34*'По дням'!$L$6:$L$155/100*((((D34+'По дням'!$K$6:$K$155-ABS(D34-'По дням'!$K$6:$K$155))-(C34+'По дням'!$J$6:$J$155+ABS(C34-'По дням'!$J$6:$J$155)))/2+1)>0)*(((D34+'По дням'!$K$6:$K$155-ABS(D34-'По дням'!$K$6:$K$155))-(C34+'По дням'!$J$6:$J$155+ABS(C34-'По дням'!$J$6:$J$155)))/2+1)/'По дням'!$M$6:$M$155,2)*(1-'По дням'!$N$6:$N$155))) | G34: =IF(A34="","",IF(C34>D34,"",B34*1000000+C34)) | H34: =IF(G34="","",SUMIFS(Оплаты!$B$6:$B$505,Оплаты!$D$6:$D$505,A34,Оплаты!$A$6:$A$505,D34)) | I34: =IF(G34="","",SUMPRODUCT((((((D34+'По дням'!$K$6:$K$155-ABS(D34-'По дням'!$K$6:$K$155))-(C34+'По дням'!$J$6:$J$155+ABS(C34-'По дням'!$J$6:$J$155)))/2+1)>0)*(((D34+'По дням'!$K$6:$K$155-ABS(D34-'По дням'!$K$6:$K$155))-(C34+'По дням'!$J$6:$J$155+ABS(C34-'По дням'!$J$6:$J$155)))/2+1)>0)*1))
A35: =IF(AND(Оплаты!$E$27="ок",COUNTIFS(Акты!$B$5:$B$16,Оплаты!$D$27,Акты!$H$5:$H$16,"ок")>0,COUNTIFS(Оплаты!$D$6:$D$26,Оплаты!$D$27,Оплаты!$A$6:$A$26,Оплаты!$A$27)=0),Оплаты!$D$27,"") | B35: =IF(A35="","",MATCH(A35,Акты!$B$5:$B$16,0)) | C35: =IF(A35="","",Оплаты!$A$27+1) | D35: =IF(A35="","",MIN(Ввод!$B$4,Ввод!$B$4+1-SUMPRODUCT(MAX((Оплаты!$D$6:$D$505=A35)*(Оплаты!$A$6:$A$505>Оплаты!$A$27)*(Ввод!$B$4+1-Оплаты!$A$6:$A$505))))) | E35: =IF(A35="","",INDEX(Акты!$D$5:$D$16,B35)-SUMIFS(Оплаты!$B$6:$B$505,Оплаты!$D$6:$D$505,A35,Оплаты!$A$6:$A$505,"<="&Оплаты!$A$27)) | F35: =IF(G35="","",SUMPRODUCT(ROUND(E35*'По дням'!$L$6:$L$155/100*((((D35+'По дням'!$K$6:$K$155-ABS(D35-'По дням'!$K$6:$K$155))-(C35+'По дням'!$J$6:$J$155+ABS(C35-'По дням'!$J$6:$J$155)))/2+1)>0)*(((D35+'По дням'!$K$6:$K$155-ABS(D35-'По дням'!$K$6:$K$155))-(C35+'По дням'!$J$6:$J$155+ABS(C35-'По дням'!$J$6:$J$155)))/2+1)/'По дням'!$M$6:$M$155,2)*(1-'По дням'!$N$6:$N$155))) | G35: =IF(A35="","",IF(C35>D35,"",B35*1000000+C35)) | H35: =IF(G35="","",SUMIFS(Оплаты!$B$6:$B$505,Оплаты!$D$6:$D$505,A35,Оплаты!$A$6:$A$505,D35)) | I35: =IF(G35="","",SUMPRODUCT((((((D35+'По дням'!$K$6:$K$155-ABS(D35-'По дням'!$K$6:$K$155))-(C35+'По дням'!$J$6:$J$155+ABS(C35-'По дням'!$J$6:$J$155)))/2+1)>0)*(((D35+'По дням'!$K$6:$K$155-ABS(D35-'По дням'!$K$6:$K$155))-(C35+'По дням'!$J$6:$J$155+ABS(C35-'По дням'!$J$6:$J$155)))/2+1)>0)*1))
A36: =IF(AND(Оплаты!$E$28="ок",COUNTIFS(Акты!$B$5:$B$16,Оплаты!$D$28,Акты!$H$5:$H$16,"ок")>0,COUNTIFS(Оплаты!$D$6:$D$27,Оплаты!$D$28,Оплаты!$A$6:$A$27,Оплаты!$A$28)=0),Оплаты!$D$28,"") | B36: =IF(A36="","",MATCH(A36,Акты!$B$5:$B$16,0)) | C36: =IF(A36="","",Оплаты!$A$28+1) | D36: =IF(A36="","",MIN(Ввод!$B$4,Ввод!$B$4+1-SUMPRODUCT(MAX((Оплаты!$D$6:$D$505=A36)*(Оплаты!$A$6:$A$505>Оплаты!$A$28)*(Ввод!$B$4+1-Оплаты!$A$6:$A$505))))) | E36: =IF(A36="","",INDEX(Акты!$D$5:$D$16,B36)-SUMIFS(Оплаты!$B$6:$B$505,Оплаты!$D$6:$D$505,A36,Оплаты!$A$6:$A$505,"<="&Оплаты!$A$28)) | F36: =IF(G36="","",SUMPRODUCT(ROUND(E36*'По дням'!$L$6:$L$155/100*((((D36+'По дням'!$K$6:$K$155-ABS(D36-'По дням'!$K$6:$K$155))-(C36+'По дням'!$J$6:$J$155+ABS(C36-'По дням'!$J$6:$J$155)))/2+1)>0)*(((D36+'По дням'!$K$6:$K$155-ABS(D36-'По дням'!$K$6:$K$155))-(C36+'По дням'!$J$6:$J$155+ABS(C36-'По дням'!$J$6:$J$155)))/2+1)/'По дням'!$M$6:$M$155,2)*(1-'По дням'!$N$6:$N$155))) | G36: =IF(A36="","",IF(C36>D36,"",B36*1000000+C36)) | H36: =IF(G36="","",SUMIFS(Оплаты!$B$6:$B$505,Оплаты!$D$6:$D$505,A36,Оплаты!$A$6:$A$505,D36)) | I36: =IF(G36="","",SUMPRODUCT((((((D36+'По дням'!$K$6:$K$155-ABS(D36-'По дням'!$K$6:$K$155))-(C36+'По дням'!$J$6:$J$155+ABS(C36-'По дням'!$J$6:$J$155)))/2+1)>0)*(((D36+'По дням'!$K$6:$K$155-ABS(D36-'По дням'!$K$6:$K$155))-(C36+'По дням'!$J$6:$J$155+ABS(C36-'По дням'!$J$6:$J$155)))/2+1)>0)*1))
A37: =IF(AND(Оплаты!$E$29="ок",COUNTIFS(Акты!$B$5:$B$16,Оплаты!$D$29,Акты!$H$5:$H$16,"ок")>0,COUNTIFS(Оплаты!$D$6:$D$28,Оплаты!$D$29,Оплаты!$A$6:$A$28,Оплаты!$A$29)=0),Оплаты!$D$29,"") | B37: =IF(A37="","",MATCH(A37,Акты!$B$5:$B$16,0)) | C37: =IF(A37="","",Оплаты!$A$29+1) | D37: =IF(A37="","",MIN(Ввод!$B$4,Ввод!$B$4+1-SUMPRODUCT(MAX((Оплаты!$D$6:$D$505=A37)*(Оплаты!$A$6:$A$505>Оплаты!$A$29)*(Ввод!$B$4+1-Оплаты!$A$6:$A$505))))) | E37: =IF(A37="","",INDEX(Акты!$D$5:$D$16,B37)-SUMIFS(Оплаты!$B$6:$B$505,Оплаты!$D$6:$D$505,A37,Оплаты!$A$6:$A$505,"<="&Оплаты!$A$29)) | F37: =IF(G37="","",SUMPRODUCT(ROUND(E37*'По дням'!$L$6:$L$155/100*((((D37+'По дням'!$K$6:$K$155-ABS(D37-'По дням'!$K$6:$K$155))-(C37+'По дням'!$J$6:$J$155+ABS(C37-'По дням'!$J$6:$J$155)))/2+1)>0)*(((D37+'По дням'!$K$6:$K$155-ABS(D37-'По дням'!$K$6:$K$155))-(C37+'По дням'!$J$6:$J$155+ABS(C37-'По дням'!$J$6:$J$155)))/2+1)/'По дням'!$M$6:$M$155,2)*(1-'По дням'!$N$6:$N$155))) | G37: =IF(A37="","",IF(C37>D37,"",B37*1000000+C37)) | H37: =IF(G37="","",SUMIFS(Оплаты!$B$6:$B$505,Оплаты!$D$6:$D$505,A37,Оплаты!$A$6:$A$505,D37)) | I37: =IF(G37="","",SUMPRODUCT((((((D37+'По дням'!$K$6:$K$155-ABS(D37-'По дням'!$K$6:$K$155))-(C37+'По дням'!$J$6:$J$155+ABS(C37-'По дням'!$J$6:$J$155)))/2+1)>0)*(((D37+'По дням'!$K$6:$K$155-ABS(D37-'По дням'!$K$6:$K$155))-(C37+'По дням'!$J$6:$J$155+ABS(C37-'По дням'!$J$6:$J$155)))/2+1)>0)*1))
A38: =IF(AND(Оплаты!$E$30="ок",COUNTIFS(Акты!$B$5:$B$16,Оплаты!$D$30,Акты!$H$5:$H$16,"ок")>0,COUNTIFS(Оплаты!$D$6:$D$29,Оплаты!$D$30,Оплаты!$A$6:$A$29,Оплаты!$A$30)=0),Оплаты!$D$30,"") | B38: =IF(A38="","",MATCH(A38,Акты!$B$5:$B$16,0)) | C38: =IF(A38="","",Оплаты!$A$30+1) | D38: =IF(A38="","",MIN(Ввод!$B$4,Ввод!$B$4+1-SUMPRODUCT(MAX((Оплаты!$D$6:$D$505=A38)*(Оплаты!$A$6:$A$505>Оплаты!$A$30)*(Ввод!$B$4+1-Оплаты!$A$6:$A$505))))) | E38: =IF(A38="","",INDEX(Акты!$D$5:$D$16,B38)-SUMIFS(Оплаты!$B$6:$B$505,Оплаты!$D$6:$D$505,A38,Оплаты!$A$6:$A$505,"<="&Оплаты!$A$30)) | F38: =IF(G38="","",SUMPRODUCT(ROUND(E38*'По дням'!$L$6:$L$155/100*((((D38+'По дням'!$K$6:$K$155-ABS(D38-'По дням'!$K$6:$K$155))-(C38+'По дням'!$J$6:$J$155+ABS(C38-'По дням'!$J$6:$J$155)))/2+1)>0)*(((D38+'По дням'!$K$6:$K$155-ABS(D38-'По дням'!$K$6:$K$155))-(C38+'По дням'!$J$6:$J$155+ABS(C38-'По дням'!$J$6:$J$155)))/2+1)/'По дням'!$M$6:$M$155,2)*(1-'По дням'!$N$6:$N$155))) | G38: =IF(A38="","",IF(C38>D38,"",B38*1000000+C38)) | H38: =IF(G38="","",SUMIFS(Оплаты!$B$6:$B$505,Оплаты!$D$6:$D$505,A38,Оплаты!$A$6:$A$505,D38)) | I38: =IF(G38="","",SUMPRODUCT((((((D38+'По дням'!$K$6:$K$155-ABS(D38-'По дням'!$K$6:$K$155))-(C38+'По дням'!$J$6:$J$155+ABS(C38-'По дням'!$J$6:$J$155)))/2+1)>0)*(((D38+'По дням'!$K$6:$K$155-ABS(D38-'По дням'!$K$6:$K$155))-(C38+'По дням'!$J$6:$J$155+ABS(C38-'По дням'!$J$6:$J$155)))/2+1)>0)*1))
A39: =IF(AND(Оплаты!$E$31="ок",COUNTIFS(Акты!$B$5:$B$16,Оплаты!$D$31,Акты!$H$5:$H$16,"ок")>0,COUNTIFS(Оплаты!$D$6:$D$30,Оплаты!$D$31,Оплаты!$A$6:$A$30,Оплаты!$A$31)=0),Оплаты!$D$31,"") | B39: =IF(A39="","",MATCH(A39,Акты!$B$5:$B$16,0)) | C39: =IF(A39="","",Оплаты!$A$31+1) | D39: =IF(A39="","",MIN(Ввод!$B$4,Ввод!$B$4+1-SUMPRODUCT(MAX((Оплаты!$D$6:$D$505=A39)*(Оплаты!$A$6:$A$505>Оплаты!$A$31)*(Ввод!$B$4+1-Оплаты!$A$6:$A$505))))) | E39: =IF(A39="","",INDEX(Акты!$D$5:$D$16,B39)-SUMIFS(Оплаты!$B$6:$B$505,Оплаты!$D$6:$D$505,A39,Оплаты!$A$6:$A$505,"<="&Оплаты!$A$31)) | F39: =IF(G39="","",SUMPRODUCT(ROUND(E39*'По дням'!$L$6:$L$155/100*((((D39+'По дням'!$K$6:$K$155-ABS(D39-'По дням'!$K$6:$K$155))-(C39+'По дням'!$J$6:$J$155+ABS(C39-'По дням'!$J$6:$J$155)))/2+1)>0)*(((D39+'По дням'!$K$6:$K$155-ABS(D39-'По дням'!$K$6:$K$155))-(C39+'По дням'!$J$6:$J$155+ABS(C39-'По дням'!$J$6:$J$155)))/2+1)/'По дням'!$M$6:$M$155,2)*(1-'По дням'!$N$6:$N$155))) | G39: =IF(A39="","",IF(C39>D39,"",B39*1000000+C39)) | H39: =IF(G39="","",SUMIFS(Оплаты!$B$6:$B$505,Оплаты!$D$6:$D$505,A39,Оплаты!$A$6:$A$505,D39)) | I39: =IF(G39="","",SUMPRODUCT((((((D39+'По дням'!$K$6:$K$155-ABS(D39-'По дням'!$K$6:$K$155))-(C39+'По дням'!$J$6:$J$155+ABS(C39-'По дням'!$J$6:$J$155)))/2+1)>0)*(((D39+'По дням'!$K$6:$K$155-ABS(D39-'По дням'!$K$6:$K$155))-(C39+'По дням'!$J$6:$J$155+ABS(C39-'По дням'!$J$6:$J$155)))/2+1)>0)*1))
A40: =IF(AND(Оплаты!$E$32="ок",COUNTIFS(Акты!$B$5:$B$16,Оплаты!$D$32,Акты!$H$5:$H$16,"ок")>0,COUNTIFS(Оплаты!$D$6:$D$31,Оплаты!$D$32,Оплаты!$A$6:$A$31,Оплаты!$A$32)=0),Оплаты!$D$32,"") | B40: =IF(A40="","",MATCH(A40,Акты!$B$5:$B$16,0)) | C40: =IF(A40="","",Оплаты!$A$32+1) | D40: =IF(A40="","",MIN(Ввод!$B$4,Ввод!$B$4+1-SUMPRODUCT(MAX((Оплаты!$D$6:$D$505=A40)*(Оплаты!$A$6:$A$505>Оплаты!$A$32)*(Ввод!$B$4+1-Оплаты!$A$6:$A$505))))) | E40: =IF(A40="","",INDEX(Акты!$D$5:$D$16,B40)-SUMIFS(Оплаты!$B$6:$B$505,Оплаты!$D$6:$D$505,A40,Оплаты!$A$6:$A$505,"<="&Оплаты!$A$32)) | F40: =IF(G40="","",SUMPRODUCT(ROUND(E40*'По дням'!$L$6:$L$155/100*((((D40+'По дням'!$K$6:$K$155-ABS(D40-'По дням'!$K$6:$K$155))-(C40+'По дням'!$J$6:$J$155+ABS(C40-'По дням'!$J$6:$J$155)))/2+1)>0)*(((D40+'По дням'!$K$6:$K$155-ABS(D40-'По дням'!$K$6:$K$155))-(C40+'По дням'!$J$6:$J$155+ABS(C40-'По дням'!$J$6:$J$155)))/2+1)/'По дням'!$M$6:$M$155,2)*(1-'По дням'!$N$6:$N$155))) | G40: =IF(A40="","",IF(C40>D40,"",B40*1000000+C40)) | H40: =IF(G40="","",SUMIFS(Оплаты!$B$6:$B$505,Оплаты!$D$6:$D$505,A40,Оплаты!$A$6:$A$505,D40)) | I40: =IF(G40="","",SUMPRODUCT((((((D40+'По дням'!$K$6:$K$155-ABS(D40-'По дням'!$K$6:$K$155))-(C40+'По дням'!$J$6:$J$155+ABS(C40-'По дням'!$J$6:$J$155)))/2+1)>0)*(((D40+'По дням'!$K$6:$K$155-ABS(D40-'По дням'!$K$6:$K$155))-(C40+'По дням'!$J$6:$J$155+ABS(C40-'По дням'!$J$6:$J$155)))/2+1)>0)*1))
A41: =IF(AND(Оплаты!$E$33="ок",COUNTIFS(Акты!$B$5:$B$16,Оплаты!$D$33,Акты!$H$5:$H$16,"ок")>0,COUNTIFS(Оплаты!$D$6:$D$32,Оплаты!$D$33,Оплаты!$A$6:$A$32,Оплаты!$A$33)=0),Оплаты!$D$33,"") | B41: =IF(A41="","",MATCH(A41,Акты!$B$5:$B$16,0)) | C41: =IF(A41="","",Оплаты!$A$33+1) | D41: =IF(A41="","",MIN(Ввод!$B$4,Ввод!$B$4+1-SUMPRODUCT(MAX((Оплаты!$D$6:$D$505=A41)*(Оплаты!$A$6:$A$505>Оплаты!$A$33)*(Ввод!$B$4+1-Оплаты!$A$6:$A$505))))) | E41: =IF(A41="","",INDEX(Акты!$D$5:$D$16,B41)-SUMIFS(Оплаты!$B$6:$B$505,Оплаты!$D$6:$D$505,A41,Оплаты!$A$6:$A$505,"<="&Оплаты!$A$33)) | F41: =IF(G41="","",SUMPRODUCT(ROUND(E41*'По дням'!$L$6:$L$155/100*((((D41+'По дням'!$K$6:$K$155-ABS(D41-'По дням'!$K$6:$K$155))-(C41+'По дням'!$J$6:$J$155+ABS(C41-'По дням'!$J$6:$J$155)))/2+1)>0)*(((D41+'По дням'!$K$6:$K$155-ABS(D41-'По дням'!$K$6:$K$155))-(C41+'По дням'!$J$6:$J$155+ABS(C41-'По дням'!$J$6:$J$155)))/2+1)/'По дням'!$M$6:$M$155,2)*(1-'По дням'!$N$6:$N$155))) | G41: =IF(A41="","",IF(C41>D41,"",B41*1000000+C41)) | H41: =IF(G41="","",SUMIFS(Оплаты!$B$6:$B$505,Оплаты!$D$6:$D$505,A41,Оплаты!$A$6:$A$505,D41)) | I41: =IF(G41="","",SUMPRODUCT((((((D41+'По дням'!$K$6:$K$155-ABS(D41-'По дням'!$K$6:$K$155))-(C41+'По дням'!$J$6:$J$155+ABS(C41-'По дням'!$J$6:$J$155)))/2+1)>0)*(((D41+'По дням'!$K$6:$K$155-ABS(D41-'По дням'!$K$6:$K$155))-(C41+'По дням'!$J$6:$J$155+ABS(C41-'По дням'!$J$6:$J$155)))/2+1)>0)*1))
A42: =IF(AND(Оплаты!$E$34="ок",COUNTIFS(Акты!$B$5:$B$16,Оплаты!$D$34,Акты!$H$5:$H$16,"ок")>0,COUNTIFS(Оплаты!$D$6:$D$33,Оплаты!$D$34,Оплаты!$A$6:$A$33,Оплаты!$A$34)=0),Оплаты!$D$34,"") | B42: =IF(A42="","",MATCH(A42,Акты!$B$5:$B$16,0)) | C42: =IF(A42="","",Оплаты!$A$34+1) | D42: =IF(A42="","",MIN(Ввод!$B$4,Ввод!$B$4+1-SUMPRODUCT(MAX((Оплаты!$D$6:$D$505=A42)*(Оплаты!$A$6:$A$505>Оплаты!$A$34)*(Ввод!$B$4+1-Оплаты!$A$6:$A$505))))) | E42: =IF(A42="","",INDEX(Акты!$D$5:$D$16,B42)-SUMIFS(Оплаты!$B$6:$B$505,Оплаты!$D$6:$D$505,A42,Оплаты!$A$6:$A$505,"<="&Оплаты!$A$34)) | F42: =IF(G42="","",SUMPRODUCT(ROUND(E42*'По дням'!$L$6:$L$155/100*((((D42+'По дням'!$K$6:$K$155-ABS(D42-'По дням'!$K$6:$K$155))-(C42+'По дням'!$J$6:$J$155+ABS(C42-'По дням'!$J$6:$J$155)))/2+1)>0)*(((D42+'По дням'!$K$6:$K$155-ABS(D42-'По дням'!$K$6:$K$155))-(C42+'По дням'!$J$6:$J$155+ABS(C42-'По дням'!$J$6:$J$155)))/2+1)/'По дням'!$M$6:$M$155,2)*(1-'По дням'!$N$6:$N$155))) | G42: =IF(A42="","",IF(C42>D42,"",B42*1000000+C42)) | H42: =IF(G42="","",SUMIFS(Оплаты!$B$6:$B$505,Оплаты!$D$6:$D$505,A42,Оплаты!$A$6:$A$505,D42)) | I42: =IF(G42="","",SUMPRODUCT((((((D42+'По дням'!$K$6:$K$155-ABS(D42-'По дням'!$K$6:$K$155))-(C42+'По дням'!$J$6:$J$155+ABS(C42-'По дням'!$J$6:$J$155)))/2+1)>0)*(((D42+'По дням'!$K$6:$K$155-ABS(D42-'По дням'!$K$6:$K$155))-(C42+'По дням'!$J$6:$J$155+ABS(C42-'По дням'!$J$6:$J$155)))/2+1)>0)*1))
A43: =IF(AND(Оплаты!$E$35="ок",COUNTIFS(Акты!$B$5:$B$16,Оплаты!$D$35,Акты!$H$5:$H$16,"ок")>0,COUNTIFS(Оплаты!$D$6:$D$34,Оплаты!$D$35,Оплаты!$A$6:$A$34,Оплаты!$A$35)=0),Оплаты!$D$35,"") | B43: =IF(A43="","",MATCH(A43,Акты!$B$5:$B$16,0)) | C43: =IF(A43="","",Оплаты!$A$35+1) | D43: =IF(A43="","",MIN(Ввод!$B$4,Ввод!$B$4+1-SUMPRODUCT(MAX((Оплаты!$D$6:$D$505=A43)*(Оплаты!$A$6:$A$505>Оплаты!$A$35)*(Ввод!$B$4+1-Оплаты!$A$6:$A$505))))) | E43: =IF(A43="","",INDEX(Акты!$D$5:$D$16,B43)-SUMIFS(Оплаты!$B$6:$B$505,Оплаты!$D$6:$D$505,A43,Оплаты!$A$6:$A$505,"<="&Оплаты!$A$35)) | F43: =IF(G43="","",SUMPRODUCT(ROUND(E43*'По дням'!$L$6:$L$155/100*((((D43+'По дням'!$K$6:$K$155-ABS(D43-'По дням'!$K$6:$K$155))-(C43+'По дням'!$J$6:$J$155+ABS(C43-'По дням'!$J$6:$J$155)))/2+1)>0)*(((D43+'По дням'!$K$6:$K$155-ABS(D43-'По дням'!$K$6:$K$155))-(C43+'По дням'!$J$6:$J$155+ABS(C43-'По дням'!$J$6:$J$155)))/2+1)/'По дням'!$M$6:$M$155,2)*(1-'По дням'!$N$6:$N$155))) | G43: =IF(A43="","",IF(C43>D43,"",B43*1000000+C43)) | H43: =IF(G43="","",SUMIFS(Оплаты!$B$6:$B$505,Оплаты!$D$6:$D$505,A43,Оплаты!$A$6:$A$505,D43)) | I43: =IF(G43="","",SUMPRODUCT((((((D43+'По дням'!$K$6:$K$155-ABS(D43-'По дням'!$K$6:$K$155))-(C43+'По дням'!$J$6:$J$155+ABS(C43-'По дням'!$J$6:$J$155)))/2+1)>0)*(((D43+'По дням'!$K$6:$K$155-ABS(D43-'По дням'!$K$6:$K$155))-(C43+'По дням'!$J$6:$J$155+ABS(C43-'По дням'!$J$6:$J$155)))/2+1)>0)*1))
A44: =IF(AND(Оплаты!$E$36="ок",COUNTIFS(Акты!$B$5:$B$16,Оплаты!$D$36,Акты!$H$5:$H$16,"ок")>0,COUNTIFS(Оплаты!$D$6:$D$35,Оплаты!$D$36,Оплаты!$A$6:$A$35,Оплаты!$A$36)=0),Оплаты!$D$36,"") | B44: =IF(A44="","",MATCH(A44,Акты!$B$5:$B$16,0)) | C44: =IF(A44="","",Оплаты!$A$36+1) | D44: =IF(A44="","",MIN(Ввод!$B$4,Ввод!$B$4+1-SUMPRODUCT(MAX((Оплаты!$D$6:$D$505=A44)*(Оплаты!$A$6:$A$505>Оплаты!$A$36)*(Ввод!$B$4+1-Оплаты!$A$6:$A$505))))) | E44: =IF(A44="","",INDEX(Акты!$D$5:$D$16,B44)-SUMIFS(Оплаты!$B$6:$B$505,Оплаты!$D$6:$D$505,A44,Оплаты!$A$6:$A$505,"<="&Оплаты!$A$36)) | F44: =IF(G44="","",SUMPRODUCT(ROUND(E44*'По дням'!$L$6:$L$155/100*((((D44+'По дням'!$K$6:$K$155-ABS(D44-'По дням'!$K$6:$K$155))-(C44+'По дням'!$J$6:$J$155+ABS(C44-'По дням'!$J$6:$J$155)))/2+1)>0)*(((D44+'По дням'!$K$6:$K$155-ABS(D44-'По дням'!$K$6:$K$155))-(C44+'По дням'!$J$6:$J$155+ABS(C44-'По дням'!$J$6:$J$155)))/2+1)/'По дням'!$M$6:$M$155,2)*(1-'По дням'!$N$6:$N$155))) | G44: =IF(A44="","",IF(C44>D44,"",B44*1000000+C44)) | H44: =IF(G44="","",SUMIFS(Оплаты!$B$6:$B$505,Оплаты!$D$6:$D$505,A44,Оплаты!$A$6:$A$505,D44)) | I44: =IF(G44="","",SUMPRODUCT((((((D44+'По дням'!$K$6:$K$155-ABS(D44-'По дням'!$K$6:$K$155))-(C44+'По дням'!$J$6:$J$155+ABS(C44-'По дням'!$J$6:$J$155)))/2+1)>0)*(((D44+'По дням'!$K$6:$K$155-ABS(D44-'По дням'!$K$6:$K$155))-(C44+'По дням'!$J$6:$J$155+ABS(C44-'По дням'!$J$6:$J$155)))/2+1)>0)*1))
A45: =IF(AND(Оплаты!$E$37="ок",COUNTIFS(Акты!$B$5:$B$16,Оплаты!$D$37,Акты!$H$5:$H$16,"ок")>0,COUNTIFS(Оплаты!$D$6:$D$36,Оплаты!$D$37,Оплаты!$A$6:$A$36,Оплаты!$A$37)=0),Оплаты!$D$37,"") | B45: =IF(A45="","",MATCH(A45,Акты!$B$5:$B$16,0)) | C45: =IF(A45="","",Оплаты!$A$37+1) | D45: =IF(A45="","",MIN(Ввод!$B$4,Ввод!$B$4+1-SUMPRODUCT(MAX((Оплаты!$D$6:$D$505=A45)*(Оплаты!$A$6:$A$505>Оплаты!$A$37)*(Ввод!$B$4+1-Оплаты!$A$6:$A$505))))) | E45: =IF(A45="","",INDEX(Акты!$D$5:$D$16,B45)-SUMIFS(Оплаты!$B$6:$B$505,Оплаты!$D$6:$D$505,A45,Оплаты!$A$6:$A$505,"<="&Оплаты!$A$37)) | F45: =IF(G45="","",SUMPRODUCT(ROUND(E45*'По дням'!$L$6:$L$155/100*((((D45+'По дням'!$K$6:$K$155-ABS(D45-'По дням'!$K$6:$K$155))-(C45+'По дням'!$J$6:$J$155+ABS(C45-'По дням'!$J$6:$J$155)))/2+1)>0)*(((D45+'По дням'!$K$6:$K$155-ABS(D45-'По дням'!$K$6:$K$155))-(C45+'По дням'!$J$6:$J$155+ABS(C45-'По дням'!$J$6:$J$155)))/2+1)/'По дням'!$M$6:$M$155,2)*(1-'По дням'!$N$6:$N$155))) | G45: =IF(A45="","",IF(C45>D45,"",B45*1000000+C45)) | H45: =IF(G45="","",SUMIFS(Оплаты!$B$6:$B$505,Оплаты!$D$6:$D$505,A45,Оплаты!$A$6:$A$505,D45)) | I45: =IF(G45="","",SUMPRODUCT((((((D45+'По дням'!$K$6:$K$155-ABS(D45-'По дням'!$K$6:$K$155))-(C45+'По дням'!$J$6:$J$155+ABS(C45-'По дням'!$J$6:$J$155)))/2+1)>0)*(((D45+'По дням'!$K$6:$K$155-ABS(D45-'По дням'!$K$6:$K$155))-(C45+'По дням'!$J$6:$J$155+ABS(C45-'По дням'!$J$6:$J$155)))/2+1)>0)*1))
A46: =IF(AND(Оплаты!$E$38="ок",COUNTIFS(Акты!$B$5:$B$16,Оплаты!$D$38,Акты!$H$5:$H$16,"ок")>0,COUNTIFS(Оплаты!$D$6:$D$37,Оплаты!$D$38,Оплаты!$A$6:$A$37,Оплаты!$A$38)=0),Оплаты!$D$38,"") | B46: =IF(A46="","",MATCH(A46,Акты!$B$5:$B$16,0)) | C46: =IF(A46="","",Оплаты!$A$38+1) | D46: =IF(A46="","",MIN(Ввод!$B$4,Ввод!$B$4+1-SUMPRODUCT(MAX((Оплаты!$D$6:$D$505=A46)*(Оплаты!$A$6:$A$505>Оплаты!$A$38)*(Ввод!$B$4+1-Оплаты!$A$6:$A$505))))) | E46: =IF(A46="","",INDEX(Акты!$D$5:$D$16,B46)-SUMIFS(Оплаты!$B$6:$B$505,Оплаты!$D$6:$D$505,A46,Оплаты!$A$6:$A$505,"<="&Оплаты!$A$38)) | F46: =IF(G46="","",SUMPRODUCT(ROUND(E46*'По дням'!$L$6:$L$155/100*((((D46+'По дням'!$K$6:$K$155-ABS(D46-'По дням'!$K$6:$K$155))-(C46+'По дням'!$J$6:$J$155+ABS(C46-'По дням'!$J$6:$J$155)))/2+1)>0)*(((D46+'По дням'!$K$6:$K$155-ABS(D46-'По дням'!$K$6:$K$155))-(C46+'По дням'!$J$6:$J$155+ABS(C46-'По дням'!$J$6:$J$155)))/2+1)/'По дням'!$M$6:$M$155,2)*(1-'По дням'!$N$6:$N$155))) | G46: =IF(A46="","",IF(C46>D46,"",B46*1000000+C46)) | H46: =IF(G46="","",SUMIFS(Оплаты!$B$6:$B$505,Оплаты!$D$6:$D$505,A46,Оплаты!$A$6:$A$505,D46)) | I46: =IF(G46="","",SUMPRODUCT((((((D46+'По дням'!$K$6:$K$155-ABS(D46-'По дням'!$K$6:$K$155))-(C46+'По дням'!$J$6:$J$155+ABS(C46-'По дням'!$J$6:$J$155)))/2+1)>0)*(((D46+'По дням'!$K$6:$K$155-ABS(D46-'По дням'!$K$6:$K$155))-(C46+'По дням'!$J$6:$J$155+ABS(C46-'По дням'!$J$6:$J$155)))/2+1)>0)*1))
A47: =IF(AND(Оплаты!$E$39="ок",COUNTIFS(Акты!$B$5:$B$16,Оплаты!$D$39,Акты!$H$5:$H$16,"ок")>0,COUNTIFS(Оплаты!$D$6:$D$38,Оплаты!$D$39,Оплаты!$A$6:$A$38,Оплаты!$A$39)=0),Оплаты!$D$39,"") | B47: =IF(A47="","",MATCH(A47,Акты!$B$5:$B$16,0)) | C47: =IF(A47="","",Оплаты!$A$39+1) | D47: =IF(A47="","",MIN(Ввод!$B$4,Ввод!$B$4+1-SUMPRODUCT(MAX((Оплаты!$D$6:$D$505=A47)*(Оплаты!$A$6:$A$505>Оплаты!$A$39)*(Ввод!$B$4+1-Оплаты!$A$6:$A$505))))) | E47: =IF(A47="","",INDEX(Акты!$D$5:$D$16,B47)-SUMIFS(Оплаты!$B$6:$B$505,Оплаты!$D$6:$D$505,A47,Оплаты!$A$6:$A$505,"<="&Оплаты!$A$39)) | F47: =IF(G47="","",SUMPRODUCT(ROUND(E47*'По дням'!$L$6:$L$155/100*((((D47+'По дням'!$K$6:$K$155-ABS(D47-'По дням'!$K$6:$K$155))-(C47+'По дням'!$J$6:$J$155+ABS(C47-'По дням'!$J$6:$J$155)))/2+1)>0)*(((D47+'По дням'!$K$6:$K$155-ABS(D47-'По дням'!$K$6:$K$155))-(C47+'По дням'!$J$6:$J$155+ABS(C47-'По дням'!$J$6:$J$155)))/2+1)/'По дням'!$M$6:$M$155,2)*(1-'По дням'!$N$6:$N$155))) | G47: =IF(A47="","",IF(C47>D47,"",B47*1000000+C47)) | H47: =IF(G47="","",SUMIFS(Оплаты!$B$6:$B$505,Оплаты!$D$6:$D$505,A47,Оплаты!$A$6:$A$505,D47)) | I47: =IF(G47="","",SUMPRODUCT((((((D47+'По дням'!$K$6:$K$155-ABS(D47-'По дням'!$K$6:$K$155))-(C47+'По дням'!$J$6:$J$155+ABS(C47-'По дням'!$J$6:$J$155)))/2+1)>0)*(((D47+'По дням'!$K$6:$K$155-ABS(D47-'По дням'!$K$6:$K$155))-(C47+'По дням'!$J$6:$J$155+ABS(C47-'По дням'!$J$6:$J$155)))/2+1)>0)*1))
A48: =IF(AND(Оплаты!$E$40="ок",COUNTIFS(Акты!$B$5:$B$16,Оплаты!$D$40,Акты!$H$5:$H$16,"ок")>0,COUNTIFS(Оплаты!$D$6:$D$39,Оплаты!$D$40,Оплаты!$A$6:$A$39,Оплаты!$A$40)=0),Оплаты!$D$40,"") | B48: =IF(A48="","",MATCH(A48,Акты!$B$5:$B$16,0)) | C48: =IF(A48="","",Оплаты!$A$40+1) | D48: =IF(A48="","",MIN(Ввод!$B$4,Ввод!$B$4+1-SUMPRODUCT(MAX((Оплаты!$D$6:$D$505=A48)*(Оплаты!$A$6:$A$505>Оплаты!$A$40)*(Ввод!$B$4+1-Оплаты!$A$6:$A$505))))) | E48: =IF(A48="","",INDEX(Акты!$D$5:$D$16,B48)-SUMIFS(Оплаты!$B$6:$B$505,Оплаты!$D$6:$D$505,A48,Оплаты!$A$6:$A$505,"<="&Оплаты!$A$40)) | F48: =IF(G48="","",SUMPRODUCT(ROUND(E48*'По дням'!$L$6:$L$155/100*((((D48+'По дням'!$K$6:$K$155-ABS(D48-'По дням'!$K$6:$K$155))-(C48+'По дням'!$J$6:$J$155+ABS(C48-'По дням'!$J$6:$J$155)))/2+1)>0)*(((D48+'По дням'!$K$6:$K$155-ABS(D48-'По дням'!$K$6:$K$155))-(C48+'По дням'!$J$6:$J$155+ABS(C48-'По дням'!$J$6:$J$155)))/2+1)/'По дням'!$M$6:$M$155,2)*(1-'По дням'!$N$6:$N$155))) | G48: =IF(A48="","",IF(C48>D48,"",B48*1000000+C48)) | H48: =IF(G48="","",SUMIFS(Оплаты!$B$6:$B$505,Оплаты!$D$6:$D$505,A48,Оплаты!$A$6:$A$505,D48)) | I48: =IF(G48="","",SUMPRODUCT((((((D48+'По дням'!$K$6:$K$155-ABS(D48-'По дням'!$K$6:$K$155))-(C48+'По дням'!$J$6:$J$155+ABS(C48-'По дням'!$J$6:$J$155)))/2+1)>0)*(((D48+'По дням'!$K$6:$K$155-ABS(D48-'По дням'!$K$6:$K$155))-(C48+'По дням'!$J$6:$J$155+ABS(C48-'По дням'!$J$6:$J$155)))/2+1)>0)*1))
