Workbook
Name Print_Area: 'Реестр удержаний'!$A$1:$I$25
Name Print_Area: 'Условия возврата'!$A$1:$M$26

Sheet Реестр удержаний
A1: Гарантийное удержание по объекту
A2: Остаток удержания и сумма к возврату проверяются раздельно. Все суммы в рублях.
A3: На: | C3: Сверяйте суммы, даты погашений и условия возврата на эту дату.
C4: Сумма актов | D4: Удержано всего | E4: Возвращено деньгами | F4: Иное погашение | G4: Остаток удержания | H4: К возврату на дату | I4: Актов в реестре
C5: =IF(COUNTBLANK($G$9:$G$20)=12,"НЕТ ДАННЫХ",IF(NOT(COUNT($G$9:$G$20)+COUNTBLANK($G$9:$G$20)=12),"ПРОВЕРЬТЕ РЕЕСТР",SUM(C9:C20))) -> НЕТ ДАННЫХ | D5: =IF(COUNTBLANK($G$9:$G$20)=12,"НЕТ ДАННЫХ",IF(NOT(COUNT($G$9:$G$20)+COUNTBLANK($G$9:$G$20)=12),"ПРОВЕРЬТЕ РЕЕСТР",SUM(D9:D20))) -> НЕТ ДАННЫХ | E5: =IF(COUNTBLANK($G$9:$G$20)=12,"НЕТ ДАННЫХ",IF(NOT(COUNT($G$9:$G$20)+COUNTBLANK($G$9:$G$20)=12),"ПРОВЕРЬТЕ РЕЕСТР",SUM(E9:E20))) -> НЕТ ДАННЫХ | F5: =IF(COUNTBLANK($G$9:$G$20)=12,"НЕТ ДАННЫХ",IF(NOT(COUNT($G$9:$G$20)+COUNTBLANK($G$9:$G$20)=12),"ПРОВЕРЬТЕ РЕЕСТР",SUM(F9:F20))) -> НЕТ ДАННЫХ | G5: =IF(COUNTBLANK($G$9:$G$20)=12,"НЕТ ДАННЫХ",IF(NOT(COUNT($G$9:$G$20)+COUNTBLANK($G$9:$G$20)=12),"ПРОВЕРЬТЕ РЕЕСТР",SUM(G9:G20))) -> НЕТ ДАННЫХ | H5: =IF(COUNTBLANK($G$9:$G$20)=12,"НЕТ ДАННЫХ",IF(COUNT($H$9:$H$20)+COUNTBLANK($H$9:$H$20)<>12,"ПРОВЕРЬТЕ УСЛОВИЯ",SUM(H9:H20))) -> НЕТ ДАННЫХ | I5: =IF(COUNTBLANK($G$9:$G$20)=12,"НЕТ ДАННЫХ",12-COUNTBLANK(G9:G20)) -> НЕТ ДАННЫХ
A6: Заполняйте светлые поля. G:I — формулы. Подтверждения и сроки — на листе «Условия возврата».
A8: № | B8: Акт номер и дата | C8: Сумма акта | D8: Удержано до погашений | E8: Возвращено деньгами | F8: Иное погашение | G8: Остаток | H8: К возврату на дату | I8: Готовность к возврату
A9: 1 | G9: =IF(COUNTA(B9:F9)+COUNTA('Условия возврата'!B9:'Условия возврата'!M9)=0,"",IF(NOT(IF(ISNUMBER($B$3),AND($B$3>=1,$B$3<=2958465,MOD($B$3,1)=0),FALSE)),"ДАТА РАСЧЁТА",IF(OR(B9="",LEN(TRIM(B9&""))=0),"УКАЖИТЕ АКТ",IF(COUNTIFS($B$9:$B$20,B9)>1,"ПОВТОР АКТА",IF(NOT(AND(IF(ISNUMBER(C9),AND(C9>=0,ROUND(C9,2)=C9),FALSE),IF(ISNUMBER(D9),AND(D9>=0,ROUND(D9,2)=D9),FALSE),IF(ISNUMBER(E9),AND(E9>=0,ROUND(E9,2)=E9),FALSE),IF(ISNUMBER(F9),AND(F9>=0,ROUND(F9,2)=F9),FALSE))),"ПРОВЕРЬТЕ СУММЫ",IF(D9>C9,"УДЕРЖАНО > АКТА",IF(SUM(E9:F9)>D9,"ПОГАШЕНО > УДЕРЖАНО",IF(AND(E9>0,NOT(AND(IF(ISNUMBER('Условия возврата'!J9),AND('Условия возврата'!J9>=1,'Условия возврата'!J9<=2958465,MOD('Условия возврата'!J9,1)=0),FALSE),'Условия возврата'!J9<=$B$3,'Условия возврата'!K9<>""))),"ВОЗВРАТ: ДАННЫЕ",IF(AND(F9>0,NOT(AND(IF(ISNUMBER('Условия возврата'!M9),AND('Условия возврата'!M9>=1,'Условия возврата'!M9<=2958465,MOD('Условия возврата'!M9,1)=0),FALSE),'Условия возврата'!M9<=$B$3,'Условия возврата'!K9<>""))),"ПОГАШЕНИЕ: ДАННЫЕ",ROUND(D9-SUM(E9:F9),2)))))))))) | H9: =IF(AND(ISTEXT(G9),G9=""),"",IF(NOT(ISNUMBER(G9)),G9,IF(OR(I9="К ВОЗВРАТУ",G9=0),G9,IF(OR(I9="СРОК НЕ НАСТУПИЛ",I9="УСЛОВИЯ НЕ ВЫПОЛНЕНЫ"),0,I9)))) | I9: =IF(AND(ISTEXT(G9),G9=""),"",IF(NOT(ISNUMBER(G9)),G9,IF(G9=0,IF(D9=0,"УДЕРЖАНИЯ НЕТ","ПОГАШЕНО ПОЛНОСТЬЮ"),IF('Условия возврата'!I9="нет","УСЛОВИЯ НЕ ВЫПОЛНЕНЫ",IF('Условия возврата'!I9="спор","СПОРНЫЕ УСЛОВИЯ",IF('Условия возврата'!I9<>"да","ПОДТВЕРДИТЕ УСЛОВИЯ",IF(OR('Условия возврата'!B9="",'Условия возврата'!C9="",'Условия возврата'!H9=""),"ОСНОВАНИЕ И СРОК",IF(NOT(AND(IF(ISNUMBER('Условия возврата'!D9),AND('Условия возврата'!D9>=1,'Условия возврата'!D9<=2958465,MOD('Условия возврата'!D9,1)=0),FALSE),'Условия возврата'!D9<=$B$3)),"ПОДТВЕРДИТЕ СОБЫТИЕ",IF(AND('Условия возврата'!E9<>"автоматически",'Условия возврата'!E9<>"по требованию"),"ВИД ВОЗВРАТА",IF(AND('Условия возврата'!E9="по требованию",'Условия возврата'!F9=""),"НАПРАВЬТЕ ТРЕБОВАНИЕ",IF(AND('Условия возврата'!E9="по требованию",NOT(AND(IF(ISNUMBER('Условия возврата'!F9),AND('Условия возврата'!F9>=1,'Условия возврата'!F9<=2958465,MOD('Условия возврата'!F9,1)=0),FALSE),'Условия возврата'!F9<=$B$3))),"ПОДТВЕРДИТЕ ДОСТАВКУ",IF(NOT(AND(IF(ISNUMBER('Условия возврата'!G9),AND('Условия возврата'!G9>=1,'Условия возврата'!G9<=2958465,MOD('Условия возврата'!G9,1)=0),FALSE),'Условия возврата'!G9>='Условия возврата'!D9,IF('Условия возврата'!E9="по требованию",'Условия возврата'!G9>='Условия возврата'!F9,TRUE))),"ПОДТВЕРДИТЕ СРОК",IF('Условия возврата'!G9>$B$3,"СРОК НЕ НАСТУПИЛ","К ВОЗВРАТУ")))))))))))))
A10: 2 | G10: =IF(COUNTA(B10:F10)+COUNTA('Условия возврата'!B10:'Условия возврата'!M10)=0,"",IF(NOT(IF(ISNUMBER($B$3),AND($B$3>=1,$B$3<=2958465,MOD($B$3,1)=0),FALSE)),"ДАТА РАСЧЁТА",IF(OR(B10="",LEN(TRIM(B10&""))=0),"УКАЖИТЕ АКТ",IF(COUNTIFS($B$9:$B$20,B10)>1,"ПОВТОР АКТА",IF(NOT(AND(IF(ISNUMBER(C10),AND(C10>=0,ROUND(C10,2)=C10),FALSE),IF(ISNUMBER(D10),AND(D10>=0,ROUND(D10,2)=D10),FALSE),IF(ISNUMBER(E10),AND(E10>=0,ROUND(E10,2)=E10),FALSE),IF(ISNUMBER(F10),AND(F10>=0,ROUND(F10,2)=F10),FALSE))),"ПРОВЕРЬТЕ СУММЫ",IF(D10>C10,"УДЕРЖАНО > АКТА",IF(SUM(E10:F10)>D10,"ПОГАШЕНО > УДЕРЖАНО",IF(AND(E10>0,NOT(AND(IF(ISNUMBER('Условия возврата'!J10),AND('Условия возврата'!J10>=1,'Условия возврата'!J10<=2958465,MOD('Условия возврата'!J10,1)=0),FALSE),'Условия возврата'!J10<=$B$3,'Условия возврата'!K10<>""))),"ВОЗВРАТ: ДАННЫЕ",IF(AND(F10>0,NOT(AND(IF(ISNUMBER('Условия возврата'!M10),AND('Условия возврата'!M10>=1,'Условия возврата'!M10<=2958465,MOD('Условия возврата'!M10,1)=0),FALSE),'Условия возврата'!M10<=$B$3,'Условия возврата'!K10<>""))),"ПОГАШЕНИЕ: ДАННЫЕ",ROUND(D10-SUM(E10:F10),2)))))))))) | H10: =IF(AND(ISTEXT(G10),G10=""),"",IF(NOT(ISNUMBER(G10)),G10,IF(OR(I10="К ВОЗВРАТУ",G10=0),G10,IF(OR(I10="СРОК НЕ НАСТУПИЛ",I10="УСЛОВИЯ НЕ ВЫПОЛНЕНЫ"),0,I10)))) | I10: =IF(AND(ISTEXT(G10),G10=""),"",IF(NOT(ISNUMBER(G10)),G10,IF(G10=0,IF(D10=0,"УДЕРЖАНИЯ НЕТ","ПОГАШЕНО ПОЛНОСТЬЮ"),IF('Условия возврата'!I10="нет","УСЛОВИЯ НЕ ВЫПОЛНЕНЫ",IF('Условия возврата'!I10="спор","СПОРНЫЕ УСЛОВИЯ",IF('Условия возврата'!I10<>"да","ПОДТВЕРДИТЕ УСЛОВИЯ",IF(OR('Условия возврата'!B10="",'Условия возврата'!C10="",'Условия возврата'!H10=""),"ОСНОВАНИЕ И СРОК",IF(NOT(AND(IF(ISNUMBER('Условия возврата'!D10),AND('Условия возврата'!D10>=1,'Условия возврата'!D10<=2958465,MOD('Условия возврата'!D10,1)=0),FALSE),'Условия возврата'!D10<=$B$3)),"ПОДТВЕРДИТЕ СОБЫТИЕ",IF(AND('Условия возврата'!E10<>"автоматически",'Условия возврата'!E10<>"по требованию"),"ВИД ВОЗВРАТА",IF(AND('Условия возврата'!E10="по требованию",'Условия возврата'!F10=""),"НАПРАВЬТЕ ТРЕБОВАНИЕ",IF(AND('Условия возврата'!E10="по требованию",NOT(AND(IF(ISNUMBER('Условия возврата'!F10),AND('Условия возврата'!F10>=1,'Условия возврата'!F10<=2958465,MOD('Условия возврата'!F10,1)=0),FALSE),'Условия возврата'!F10<=$B$3))),"ПОДТВЕРДИТЕ ДОСТАВКУ",IF(NOT(AND(IF(ISNUMBER('Условия возврата'!G10),AND('Условия возврата'!G10>=1,'Условия возврата'!G10<=2958465,MOD('Условия возврата'!G10,1)=0),FALSE),'Условия возврата'!G10>='Условия возврата'!D10,IF('Условия возврата'!E10="по требованию",'Условия возврата'!G10>='Условия возврата'!F10,TRUE))),"ПОДТВЕРДИТЕ СРОК",IF('Условия возврата'!G10>$B$3,"СРОК НЕ НАСТУПИЛ","К ВОЗВРАТУ")))))))))))))
A11: 3 | G11: =IF(COUNTA(B11:F11)+COUNTA('Условия возврата'!B11:'Условия возврата'!M11)=0,"",IF(NOT(IF(ISNUMBER($B$3),AND($B$3>=1,$B$3<=2958465,MOD($B$3,1)=0),FALSE)),"ДАТА РАСЧЁТА",IF(OR(B11="",LEN(TRIM(B11&""))=0),"УКАЖИТЕ АКТ",IF(COUNTIFS($B$9:$B$20,B11)>1,"ПОВТОР АКТА",IF(NOT(AND(IF(ISNUMBER(C11),AND(C11>=0,ROUND(C11,2)=C11),FALSE),IF(ISNUMBER(D11),AND(D11>=0,ROUND(D11,2)=D11),FALSE),IF(ISNUMBER(E11),AND(E11>=0,ROUND(E11,2)=E11),FALSE),IF(ISNUMBER(F11),AND(F11>=0,ROUND(F11,2)=F11),FALSE))),"ПРОВЕРЬТЕ СУММЫ",IF(D11>C11,"УДЕРЖАНО > АКТА",IF(SUM(E11:F11)>D11,"ПОГАШЕНО > УДЕРЖАНО",IF(AND(E11>0,NOT(AND(IF(ISNUMBER('Условия возврата'!J11),AND('Условия возврата'!J11>=1,'Условия возврата'!J11<=2958465,MOD('Условия возврата'!J11,1)=0),FALSE),'Условия возврата'!J11<=$B$3,'Условия возврата'!K11<>""))),"ВОЗВРАТ: ДАННЫЕ",IF(AND(F11>0,NOT(AND(IF(ISNUMBER('Условия возврата'!M11),AND('Условия возврата'!M11>=1,'Условия возврата'!M11<=2958465,MOD('Условия возврата'!M11,1)=0),FALSE),'Условия возврата'!M11<=$B$3,'Условия возврата'!K11<>""))),"ПОГАШЕНИЕ: ДАННЫЕ",ROUND(D11-SUM(E11:F11),2)))))))))) | H11: =IF(AND(ISTEXT(G11),G11=""),"",IF(NOT(ISNUMBER(G11)),G11,IF(OR(I11="К ВОЗВРАТУ",G11=0),G11,IF(OR(I11="СРОК НЕ НАСТУПИЛ",I11="УСЛОВИЯ НЕ ВЫПОЛНЕНЫ"),0,I11)))) | I11: =IF(AND(ISTEXT(G11),G11=""),"",IF(NOT(ISNUMBER(G11)),G11,IF(G11=0,IF(D11=0,"УДЕРЖАНИЯ НЕТ","ПОГАШЕНО ПОЛНОСТЬЮ"),IF('Условия возврата'!I11="нет","УСЛОВИЯ НЕ ВЫПОЛНЕНЫ",IF('Условия возврата'!I11="спор","СПОРНЫЕ УСЛОВИЯ",IF('Условия возврата'!I11<>"да","ПОДТВЕРДИТЕ УСЛОВИЯ",IF(OR('Условия возврата'!B11="",'Условия возврата'!C11="",'Условия возврата'!H11=""),"ОСНОВАНИЕ И СРОК",IF(NOT(AND(IF(ISNUMBER('Условия возврата'!D11),AND('Условия возврата'!D11>=1,'Условия возврата'!D11<=2958465,MOD('Условия возврата'!D11,1)=0),FALSE),'Условия возврата'!D11<=$B$3)),"ПОДТВЕРДИТЕ СОБЫТИЕ",IF(AND('Условия возврата'!E11<>"автоматически",'Условия возврата'!E11<>"по требованию"),"ВИД ВОЗВРАТА",IF(AND('Условия возврата'!E11="по требованию",'Условия возврата'!F11=""),"НАПРАВЬТЕ ТРЕБОВАНИЕ",IF(AND('Условия возврата'!E11="по требованию",NOT(AND(IF(ISNUMBER('Условия возврата'!F11),AND('Условия возврата'!F11>=1,'Условия возврата'!F11<=2958465,MOD('Условия возврата'!F11,1)=0),FALSE),'Условия возврата'!F11<=$B$3))),"ПОДТВЕРДИТЕ ДОСТАВКУ",IF(NOT(AND(IF(ISNUMBER('Условия возврата'!G11),AND('Условия возврата'!G11>=1,'Условия возврата'!G11<=2958465,MOD('Условия возврата'!G11,1)=0),FALSE),'Условия возврата'!G11>='Условия возврата'!D11,IF('Условия возврата'!E11="по требованию",'Условия возврата'!G11>='Условия возврата'!F11,TRUE))),"ПОДТВЕРДИТЕ СРОК",IF('Условия возврата'!G11>$B$3,"СРОК НЕ НАСТУПИЛ","К ВОЗВРАТУ")))))))))))))
A12: 4 | G12: =IF(COUNTA(B12:F12)+COUNTA('Условия возврата'!B12:'Условия возврата'!M12)=0,"",IF(NOT(IF(ISNUMBER($B$3),AND($B$3>=1,$B$3<=2958465,MOD($B$3,1)=0),FALSE)),"ДАТА РАСЧЁТА",IF(OR(B12="",LEN(TRIM(B12&""))=0),"УКАЖИТЕ АКТ",IF(COUNTIFS($B$9:$B$20,B12)>1,"ПОВТОР АКТА",IF(NOT(AND(IF(ISNUMBER(C12),AND(C12>=0,ROUND(C12,2)=C12),FALSE),IF(ISNUMBER(D12),AND(D12>=0,ROUND(D12,2)=D12),FALSE),IF(ISNUMBER(E12),AND(E12>=0,ROUND(E12,2)=E12),FALSE),IF(ISNUMBER(F12),AND(F12>=0,ROUND(F12,2)=F12),FALSE))),"ПРОВЕРЬТЕ СУММЫ",IF(D12>C12,"УДЕРЖАНО > АКТА",IF(SUM(E12:F12)>D12,"ПОГАШЕНО > УДЕРЖАНО",IF(AND(E12>0,NOT(AND(IF(ISNUMBER('Условия возврата'!J12),AND('Условия возврата'!J12>=1,'Условия возврата'!J12<=2958465,MOD('Условия возврата'!J12,1)=0),FALSE),'Условия возврата'!J12<=$B$3,'Условия возврата'!K12<>""))),"ВОЗВРАТ: ДАННЫЕ",IF(AND(F12>0,NOT(AND(IF(ISNUMBER('Условия возврата'!M12),AND('Условия возврата'!M12>=1,'Условия возврата'!M12<=2958465,MOD('Условия возврата'!M12,1)=0),FALSE),'Условия возврата'!M12<=$B$3,'Условия возврата'!K12<>""))),"ПОГАШЕНИЕ: ДАННЫЕ",ROUND(D12-SUM(E12:F12),2)))))))))) | H12: =IF(AND(ISTEXT(G12),G12=""),"",IF(NOT(ISNUMBER(G12)),G12,IF(OR(I12="К ВОЗВРАТУ",G12=0),G12,IF(OR(I12="СРОК НЕ НАСТУПИЛ",I12="УСЛОВИЯ НЕ ВЫПОЛНЕНЫ"),0,I12)))) | I12: =IF(AND(ISTEXT(G12),G12=""),"",IF(NOT(ISNUMBER(G12)),G12,IF(G12=0,IF(D12=0,"УДЕРЖАНИЯ НЕТ","ПОГАШЕНО ПОЛНОСТЬЮ"),IF('Условия возврата'!I12="нет","УСЛОВИЯ НЕ ВЫПОЛНЕНЫ",IF('Условия возврата'!I12="спор","СПОРНЫЕ УСЛОВИЯ",IF('Условия возврата'!I12<>"да","ПОДТВЕРДИТЕ УСЛОВИЯ",IF(OR('Условия возврата'!B12="",'Условия возврата'!C12="",'Условия возврата'!H12=""),"ОСНОВАНИЕ И СРОК",IF(NOT(AND(IF(ISNUMBER('Условия возврата'!D12),AND('Условия возврата'!D12>=1,'Условия возврата'!D12<=2958465,MOD('Условия возврата'!D12,1)=0),FALSE),'Условия возврата'!D12<=$B$3)),"ПОДТВЕРДИТЕ СОБЫТИЕ",IF(AND('Условия возврата'!E12<>"автоматически",'Условия возврата'!E12<>"по требованию"),"ВИД ВОЗВРАТА",IF(AND('Условия возврата'!E12="по требованию",'Условия возврата'!F12=""),"НАПРАВЬТЕ ТРЕБОВАНИЕ",IF(AND('Условия возврата'!E12="по требованию",NOT(AND(IF(ISNUMBER('Условия возврата'!F12),AND('Условия возврата'!F12>=1,'Условия возврата'!F12<=2958465,MOD('Условия возврата'!F12,1)=0),FALSE),'Условия возврата'!F12<=$B$3))),"ПОДТВЕРДИТЕ ДОСТАВКУ",IF(NOT(AND(IF(ISNUMBER('Условия возврата'!G12),AND('Условия возврата'!G12>=1,'Условия возврата'!G12<=2958465,MOD('Условия возврата'!G12,1)=0),FALSE),'Условия возврата'!G12>='Условия возврата'!D12,IF('Условия возврата'!E12="по требованию",'Условия возврата'!G12>='Условия возврата'!F12,TRUE))),"ПОДТВЕРДИТЕ СРОК",IF('Условия возврата'!G12>$B$3,"СРОК НЕ НАСТУПИЛ","К ВОЗВРАТУ")))))))))))))
A13: 5 | G13: =IF(COUNTA(B13:F13)+COUNTA('Условия возврата'!B13:'Условия возврата'!M13)=0,"",IF(NOT(IF(ISNUMBER($B$3),AND($B$3>=1,$B$3<=2958465,MOD($B$3,1)=0),FALSE)),"ДАТА РАСЧЁТА",IF(OR(B13="",LEN(TRIM(B13&""))=0),"УКАЖИТЕ АКТ",IF(COUNTIFS($B$9:$B$20,B13)>1,"ПОВТОР АКТА",IF(NOT(AND(IF(ISNUMBER(C13),AND(C13>=0,ROUND(C13,2)=C13),FALSE),IF(ISNUMBER(D13),AND(D13>=0,ROUND(D13,2)=D13),FALSE),IF(ISNUMBER(E13),AND(E13>=0,ROUND(E13,2)=E13),FALSE),IF(ISNUMBER(F13),AND(F13>=0,ROUND(F13,2)=F13),FALSE))),"ПРОВЕРЬТЕ СУММЫ",IF(D13>C13,"УДЕРЖАНО > АКТА",IF(SUM(E13:F13)>D13,"ПОГАШЕНО > УДЕРЖАНО",IF(AND(E13>0,NOT(AND(IF(ISNUMBER('Условия возврата'!J13),AND('Условия возврата'!J13>=1,'Условия возврата'!J13<=2958465,MOD('Условия возврата'!J13,1)=0),FALSE),'Условия возврата'!J13<=$B$3,'Условия возврата'!K13<>""))),"ВОЗВРАТ: ДАННЫЕ",IF(AND(F13>0,NOT(AND(IF(ISNUMBER('Условия возврата'!M13),AND('Условия возврата'!M13>=1,'Условия возврата'!M13<=2958465,MOD('Условия возврата'!M13,1)=0),FALSE),'Условия возврата'!M13<=$B$3,'Условия возврата'!K13<>""))),"ПОГАШЕНИЕ: ДАННЫЕ",ROUND(D13-SUM(E13:F13),2)))))))))) | H13: =IF(AND(ISTEXT(G13),G13=""),"",IF(NOT(ISNUMBER(G13)),G13,IF(OR(I13="К ВОЗВРАТУ",G13=0),G13,IF(OR(I13="СРОК НЕ НАСТУПИЛ",I13="УСЛОВИЯ НЕ ВЫПОЛНЕНЫ"),0,I13)))) | I13: =IF(AND(ISTEXT(G13),G13=""),"",IF(NOT(ISNUMBER(G13)),G13,IF(G13=0,IF(D13=0,"УДЕРЖАНИЯ НЕТ","ПОГАШЕНО ПОЛНОСТЬЮ"),IF('Условия возврата'!I13="нет","УСЛОВИЯ НЕ ВЫПОЛНЕНЫ",IF('Условия возврата'!I13="спор","СПОРНЫЕ УСЛОВИЯ",IF('Условия возврата'!I13<>"да","ПОДТВЕРДИТЕ УСЛОВИЯ",IF(OR('Условия возврата'!B13="",'Условия возврата'!C13="",'Условия возврата'!H13=""),"ОСНОВАНИЕ И СРОК",IF(NOT(AND(IF(ISNUMBER('Условия возврата'!D13),AND('Условия возврата'!D13>=1,'Условия возврата'!D13<=2958465,MOD('Условия возврата'!D13,1)=0),FALSE),'Условия возврата'!D13<=$B$3)),"ПОДТВЕРДИТЕ СОБЫТИЕ",IF(AND('Условия возврата'!E13<>"автоматически",'Условия возврата'!E13<>"по требованию"),"ВИД ВОЗВРАТА",IF(AND('Условия возврата'!E13="по требованию",'Условия возврата'!F13=""),"НАПРАВЬТЕ ТРЕБОВАНИЕ",IF(AND('Условия возврата'!E13="по требованию",NOT(AND(IF(ISNUMBER('Условия возврата'!F13),AND('Условия возврата'!F13>=1,'Условия возврата'!F13<=2958465,MOD('Условия возврата'!F13,1)=0),FALSE),'Условия возврата'!F13<=$B$3))),"ПОДТВЕРДИТЕ ДОСТАВКУ",IF(NOT(AND(IF(ISNUMBER('Условия возврата'!G13),AND('Условия возврата'!G13>=1,'Условия возврата'!G13<=2958465,MOD('Условия возврата'!G13,1)=0),FALSE),'Условия возврата'!G13>='Условия возврата'!D13,IF('Условия возврата'!E13="по требованию",'Условия возврата'!G13>='Условия возврата'!F13,TRUE))),"ПОДТВЕРДИТЕ СРОК",IF('Условия возврата'!G13>$B$3,"СРОК НЕ НАСТУПИЛ","К ВОЗВРАТУ")))))))))))))
A14: 6 | G14: =IF(COUNTA(B14:F14)+COUNTA('Условия возврата'!B14:'Условия возврата'!M14)=0,"",IF(NOT(IF(ISNUMBER($B$3),AND($B$3>=1,$B$3<=2958465,MOD($B$3,1)=0),FALSE)),"ДАТА РАСЧЁТА",IF(OR(B14="",LEN(TRIM(B14&""))=0),"УКАЖИТЕ АКТ",IF(COUNTIFS($B$9:$B$20,B14)>1,"ПОВТОР АКТА",IF(NOT(AND(IF(ISNUMBER(C14),AND(C14>=0,ROUND(C14,2)=C14),FALSE),IF(ISNUMBER(D14),AND(D14>=0,ROUND(D14,2)=D14),FALSE),IF(ISNUMBER(E14),AND(E14>=0,ROUND(E14,2)=E14),FALSE),IF(ISNUMBER(F14),AND(F14>=0,ROUND(F14,2)=F14),FALSE))),"ПРОВЕРЬТЕ СУММЫ",IF(D14>C14,"УДЕРЖАНО > АКТА",IF(SUM(E14:F14)>D14,"ПОГАШЕНО > УДЕРЖАНО",IF(AND(E14>0,NOT(AND(IF(ISNUMBER('Условия возврата'!J14),AND('Условия возврата'!J14>=1,'Условия возврата'!J14<=2958465,MOD('Условия возврата'!J14,1)=0),FALSE),'Условия возврата'!J14<=$B$3,'Условия возврата'!K14<>""))),"ВОЗВРАТ: ДАННЫЕ",IF(AND(F14>0,NOT(AND(IF(ISNUMBER('Условия возврата'!M14),AND('Условия возврата'!M14>=1,'Условия возврата'!M14<=2958465,MOD('Условия возврата'!M14,1)=0),FALSE),'Условия возврата'!M14<=$B$3,'Условия возврата'!K14<>""))),"ПОГАШЕНИЕ: ДАННЫЕ",ROUND(D14-SUM(E14:F14),2)))))))))) | H14: =IF(AND(ISTEXT(G14),G14=""),"",IF(NOT(ISNUMBER(G14)),G14,IF(OR(I14="К ВОЗВРАТУ",G14=0),G14,IF(OR(I14="СРОК НЕ НАСТУПИЛ",I14="УСЛОВИЯ НЕ ВЫПОЛНЕНЫ"),0,I14)))) | I14: =IF(AND(ISTEXT(G14),G14=""),"",IF(NOT(ISNUMBER(G14)),G14,IF(G14=0,IF(D14=0,"УДЕРЖАНИЯ НЕТ","ПОГАШЕНО ПОЛНОСТЬЮ"),IF('Условия возврата'!I14="нет","УСЛОВИЯ НЕ ВЫПОЛНЕНЫ",IF('Условия возврата'!I14="спор","СПОРНЫЕ УСЛОВИЯ",IF('Условия возврата'!I14<>"да","ПОДТВЕРДИТЕ УСЛОВИЯ",IF(OR('Условия возврата'!B14="",'Условия возврата'!C14="",'Условия возврата'!H14=""),"ОСНОВАНИЕ И СРОК",IF(NOT(AND(IF(ISNUMBER('Условия возврата'!D14),AND('Условия возврата'!D14>=1,'Условия возврата'!D14<=2958465,MOD('Условия возврата'!D14,1)=0),FALSE),'Условия возврата'!D14<=$B$3)),"ПОДТВЕРДИТЕ СОБЫТИЕ",IF(AND('Условия возврата'!E14<>"автоматически",'Условия возврата'!E14<>"по требованию"),"ВИД ВОЗВРАТА",IF(AND('Условия возврата'!E14="по требованию",'Условия возврата'!F14=""),"НАПРАВЬТЕ ТРЕБОВАНИЕ",IF(AND('Условия возврата'!E14="по требованию",NOT(AND(IF(ISNUMBER('Условия возврата'!F14),AND('Условия возврата'!F14>=1,'Условия возврата'!F14<=2958465,MOD('Условия возврата'!F14,1)=0),FALSE),'Условия возврата'!F14<=$B$3))),"ПОДТВЕРДИТЕ ДОСТАВКУ",IF(NOT(AND(IF(ISNUMBER('Условия возврата'!G14),AND('Условия возврата'!G14>=1,'Условия возврата'!G14<=2958465,MOD('Условия возврата'!G14,1)=0),FALSE),'Условия возврата'!G14>='Условия возврата'!D14,IF('Условия возврата'!E14="по требованию",'Условия возврата'!G14>='Условия возврата'!F14,TRUE))),"ПОДТВЕРДИТЕ СРОК",IF('Условия возврата'!G14>$B$3,"СРОК НЕ НАСТУПИЛ","К ВОЗВРАТУ")))))))))))))
A15: 7 | G15: =IF(COUNTA(B15:F15)+COUNTA('Условия возврата'!B15:'Условия возврата'!M15)=0,"",IF(NOT(IF(ISNUMBER($B$3),AND($B$3>=1,$B$3<=2958465,MOD($B$3,1)=0),FALSE)),"ДАТА РАСЧЁТА",IF(OR(B15="",LEN(TRIM(B15&""))=0),"УКАЖИТЕ АКТ",IF(COUNTIFS($B$9:$B$20,B15)>1,"ПОВТОР АКТА",IF(NOT(AND(IF(ISNUMBER(C15),AND(C15>=0,ROUND(C15,2)=C15),FALSE),IF(ISNUMBER(D15),AND(D15>=0,ROUND(D15,2)=D15),FALSE),IF(ISNUMBER(E15),AND(E15>=0,ROUND(E15,2)=E15),FALSE),IF(ISNUMBER(F15),AND(F15>=0,ROUND(F15,2)=F15),FALSE))),"ПРОВЕРЬТЕ СУММЫ",IF(D15>C15,"УДЕРЖАНО > АКТА",IF(SUM(E15:F15)>D15,"ПОГАШЕНО > УДЕРЖАНО",IF(AND(E15>0,NOT(AND(IF(ISNUMBER('Условия возврата'!J15),AND('Условия возврата'!J15>=1,'Условия возврата'!J15<=2958465,MOD('Условия возврата'!J15,1)=0),FALSE),'Условия возврата'!J15<=$B$3,'Условия возврата'!K15<>""))),"ВОЗВРАТ: ДАННЫЕ",IF(AND(F15>0,NOT(AND(IF(ISNUMBER('Условия возврата'!M15),AND('Условия возврата'!M15>=1,'Условия возврата'!M15<=2958465,MOD('Условия возврата'!M15,1)=0),FALSE),'Условия возврата'!M15<=$B$3,'Условия возврата'!K15<>""))),"ПОГАШЕНИЕ: ДАННЫЕ",ROUND(D15-SUM(E15:F15),2)))))))))) | H15: =IF(AND(ISTEXT(G15),G15=""),"",IF(NOT(ISNUMBER(G15)),G15,IF(OR(I15="К ВОЗВРАТУ",G15=0),G15,IF(OR(I15="СРОК НЕ НАСТУПИЛ",I15="УСЛОВИЯ НЕ ВЫПОЛНЕНЫ"),0,I15)))) | I15: =IF(AND(ISTEXT(G15),G15=""),"",IF(NOT(ISNUMBER(G15)),G15,IF(G15=0,IF(D15=0,"УДЕРЖАНИЯ НЕТ","ПОГАШЕНО ПОЛНОСТЬЮ"),IF('Условия возврата'!I15="нет","УСЛОВИЯ НЕ ВЫПОЛНЕНЫ",IF('Условия возврата'!I15="спор","СПОРНЫЕ УСЛОВИЯ",IF('Условия возврата'!I15<>"да","ПОДТВЕРДИТЕ УСЛОВИЯ",IF(OR('Условия возврата'!B15="",'Условия возврата'!C15="",'Условия возврата'!H15=""),"ОСНОВАНИЕ И СРОК",IF(NOT(AND(IF(ISNUMBER('Условия возврата'!D15),AND('Условия возврата'!D15>=1,'Условия возврата'!D15<=2958465,MOD('Условия возврата'!D15,1)=0),FALSE),'Условия возврата'!D15<=$B$3)),"ПОДТВЕРДИТЕ СОБЫТИЕ",IF(AND('Условия возврата'!E15<>"автоматически",'Условия возврата'!E15<>"по требованию"),"ВИД ВОЗВРАТА",IF(AND('Условия возврата'!E15="по требованию",'Условия возврата'!F15=""),"НАПРАВЬТЕ ТРЕБОВАНИЕ",IF(AND('Условия возврата'!E15="по требованию",NOT(AND(IF(ISNUMBER('Условия возврата'!F15),AND('Условия возврата'!F15>=1,'Условия возврата'!F15<=2958465,MOD('Условия возврата'!F15,1)=0),FALSE),'Условия возврата'!F15<=$B$3))),"ПОДТВЕРДИТЕ ДОСТАВКУ",IF(NOT(AND(IF(ISNUMBER('Условия возврата'!G15),AND('Условия возврата'!G15>=1,'Условия возврата'!G15<=2958465,MOD('Условия возврата'!G15,1)=0),FALSE),'Условия возврата'!G15>='Условия возврата'!D15,IF('Условия возврата'!E15="по требованию",'Условия возврата'!G15>='Условия возврата'!F15,TRUE))),"ПОДТВЕРДИТЕ СРОК",IF('Условия возврата'!G15>$B$3,"СРОК НЕ НАСТУПИЛ","К ВОЗВРАТУ")))))))))))))
A16: 8 | G16: =IF(COUNTA(B16:F16)+COUNTA('Условия возврата'!B16:'Условия возврата'!M16)=0,"",IF(NOT(IF(ISNUMBER($B$3),AND($B$3>=1,$B$3<=2958465,MOD($B$3,1)=0),FALSE)),"ДАТА РАСЧЁТА",IF(OR(B16="",LEN(TRIM(B16&""))=0),"УКАЖИТЕ АКТ",IF(COUNTIFS($B$9:$B$20,B16)>1,"ПОВТОР АКТА",IF(NOT(AND(IF(ISNUMBER(C16),AND(C16>=0,ROUND(C16,2)=C16),FALSE),IF(ISNUMBER(D16),AND(D16>=0,ROUND(D16,2)=D16),FALSE),IF(ISNUMBER(E16),AND(E16>=0,ROUND(E16,2)=E16),FALSE),IF(ISNUMBER(F16),AND(F16>=0,ROUND(F16,2)=F16),FALSE))),"ПРОВЕРЬТЕ СУММЫ",IF(D16>C16,"УДЕРЖАНО > АКТА",IF(SUM(E16:F16)>D16,"ПОГАШЕНО > УДЕРЖАНО",IF(AND(E16>0,NOT(AND(IF(ISNUMBER('Условия возврата'!J16),AND('Условия возврата'!J16>=1,'Условия возврата'!J16<=2958465,MOD('Условия возврата'!J16,1)=0),FALSE),'Условия возврата'!J16<=$B$3,'Условия возврата'!K16<>""))),"ВОЗВРАТ: ДАННЫЕ",IF(AND(F16>0,NOT(AND(IF(ISNUMBER('Условия возврата'!M16),AND('Условия возврата'!M16>=1,'Условия возврата'!M16<=2958465,MOD('Условия возврата'!M16,1)=0),FALSE),'Условия возврата'!M16<=$B$3,'Условия возврата'!K16<>""))),"ПОГАШЕНИЕ: ДАННЫЕ",ROUND(D16-SUM(E16:F16),2)))))))))) | H16: =IF(AND(ISTEXT(G16),G16=""),"",IF(NOT(ISNUMBER(G16)),G16,IF(OR(I16="К ВОЗВРАТУ",G16=0),G16,IF(OR(I16="СРОК НЕ НАСТУПИЛ",I16="УСЛОВИЯ НЕ ВЫПОЛНЕНЫ"),0,I16)))) | I16: =IF(AND(ISTEXT(G16),G16=""),"",IF(NOT(ISNUMBER(G16)),G16,IF(G16=0,IF(D16=0,"УДЕРЖАНИЯ НЕТ","ПОГАШЕНО ПОЛНОСТЬЮ"),IF('Условия возврата'!I16="нет","УСЛОВИЯ НЕ ВЫПОЛНЕНЫ",IF('Условия возврата'!I16="спор","СПОРНЫЕ УСЛОВИЯ",IF('Условия возврата'!I16<>"да","ПОДТВЕРДИТЕ УСЛОВИЯ",IF(OR('Условия возврата'!B16="",'Условия возврата'!C16="",'Условия возврата'!H16=""),"ОСНОВАНИЕ И СРОК",IF(NOT(AND(IF(ISNUMBER('Условия возврата'!D16),AND('Условия возврата'!D16>=1,'Условия возврата'!D16<=2958465,MOD('Условия возврата'!D16,1)=0),FALSE),'Условия возврата'!D16<=$B$3)),"ПОДТВЕРДИТЕ СОБЫТИЕ",IF(AND('Условия возврата'!E16<>"автоматически",'Условия возврата'!E16<>"по требованию"),"ВИД ВОЗВРАТА",IF(AND('Условия возврата'!E16="по требованию",'Условия возврата'!F16=""),"НАПРАВЬТЕ ТРЕБОВАНИЕ",IF(AND('Условия возврата'!E16="по требованию",NOT(AND(IF(ISNUMBER('Условия возврата'!F16),AND('Условия возврата'!F16>=1,'Условия возврата'!F16<=2958465,MOD('Условия возврата'!F16,1)=0),FALSE),'Условия возврата'!F16<=$B$3))),"ПОДТВЕРДИТЕ ДОСТАВКУ",IF(NOT(AND(IF(ISNUMBER('Условия возврата'!G16),AND('Условия возврата'!G16>=1,'Условия возврата'!G16<=2958465,MOD('Условия возврата'!G16,1)=0),FALSE),'Условия возврата'!G16>='Условия возврата'!D16,IF('Условия возврата'!E16="по требованию",'Условия возврата'!G16>='Условия возврата'!F16,TRUE))),"ПОДТВЕРДИТЕ СРОК",IF('Условия возврата'!G16>$B$3,"СРОК НЕ НАСТУПИЛ","К ВОЗВРАТУ")))))))))))))
A17: 9 | G17: =IF(COUNTA(B17:F17)+COUNTA('Условия возврата'!B17:'Условия возврата'!M17)=0,"",IF(NOT(IF(ISNUMBER($B$3),AND($B$3>=1,$B$3<=2958465,MOD($B$3,1)=0),FALSE)),"ДАТА РАСЧЁТА",IF(OR(B17="",LEN(TRIM(B17&""))=0),"УКАЖИТЕ АКТ",IF(COUNTIFS($B$9:$B$20,B17)>1,"ПОВТОР АКТА",IF(NOT(AND(IF(ISNUMBER(C17),AND(C17>=0,ROUND(C17,2)=C17),FALSE),IF(ISNUMBER(D17),AND(D17>=0,ROUND(D17,2)=D17),FALSE),IF(ISNUMBER(E17),AND(E17>=0,ROUND(E17,2)=E17),FALSE),IF(ISNUMBER(F17),AND(F17>=0,ROUND(F17,2)=F17),FALSE))),"ПРОВЕРЬТЕ СУММЫ",IF(D17>C17,"УДЕРЖАНО > АКТА",IF(SUM(E17:F17)>D17,"ПОГАШЕНО > УДЕРЖАНО",IF(AND(E17>0,NOT(AND(IF(ISNUMBER('Условия возврата'!J17),AND('Условия возврата'!J17>=1,'Условия возврата'!J17<=2958465,MOD('Условия возврата'!J17,1)=0),FALSE),'Условия возврата'!J17<=$B$3,'Условия возврата'!K17<>""))),"ВОЗВРАТ: ДАННЫЕ",IF(AND(F17>0,NOT(AND(IF(ISNUMBER('Условия возврата'!M17),AND('Условия возврата'!M17>=1,'Условия возврата'!M17<=2958465,MOD('Условия возврата'!M17,1)=0),FALSE),'Условия возврата'!M17<=$B$3,'Условия возврата'!K17<>""))),"ПОГАШЕНИЕ: ДАННЫЕ",ROUND(D17-SUM(E17:F17),2)))))))))) | H17: =IF(AND(ISTEXT(G17),G17=""),"",IF(NOT(ISNUMBER(G17)),G17,IF(OR(I17="К ВОЗВРАТУ",G17=0),G17,IF(OR(I17="СРОК НЕ НАСТУПИЛ",I17="УСЛОВИЯ НЕ ВЫПОЛНЕНЫ"),0,I17)))) | I17: =IF(AND(ISTEXT(G17),G17=""),"",IF(NOT(ISNUMBER(G17)),G17,IF(G17=0,IF(D17=0,"УДЕРЖАНИЯ НЕТ","ПОГАШЕНО ПОЛНОСТЬЮ"),IF('Условия возврата'!I17="нет","УСЛОВИЯ НЕ ВЫПОЛНЕНЫ",IF('Условия возврата'!I17="спор","СПОРНЫЕ УСЛОВИЯ",IF('Условия возврата'!I17<>"да","ПОДТВЕРДИТЕ УСЛОВИЯ",IF(OR('Условия возврата'!B17="",'Условия возврата'!C17="",'Условия возврата'!H17=""),"ОСНОВАНИЕ И СРОК",IF(NOT(AND(IF(ISNUMBER('Условия возврата'!D17),AND('Условия возврата'!D17>=1,'Условия возврата'!D17<=2958465,MOD('Условия возврата'!D17,1)=0),FALSE),'Условия возврата'!D17<=$B$3)),"ПОДТВЕРДИТЕ СОБЫТИЕ",IF(AND('Условия возврата'!E17<>"автоматически",'Условия возврата'!E17<>"по требованию"),"ВИД ВОЗВРАТА",IF(AND('Условия возврата'!E17="по требованию",'Условия возврата'!F17=""),"НАПРАВЬТЕ ТРЕБОВАНИЕ",IF(AND('Условия возврата'!E17="по требованию",NOT(AND(IF(ISNUMBER('Условия возврата'!F17),AND('Условия возврата'!F17>=1,'Условия возврата'!F17<=2958465,MOD('Условия возврата'!F17,1)=0),FALSE),'Условия возврата'!F17<=$B$3))),"ПОДТВЕРДИТЕ ДОСТАВКУ",IF(NOT(AND(IF(ISNUMBER('Условия возврата'!G17),AND('Условия возврата'!G17>=1,'Условия возврата'!G17<=2958465,MOD('Условия возврата'!G17,1)=0),FALSE),'Условия возврата'!G17>='Условия возврата'!D17,IF('Условия возврата'!E17="по требованию",'Условия возврата'!G17>='Условия возврата'!F17,TRUE))),"ПОДТВЕРДИТЕ СРОК",IF('Условия возврата'!G17>$B$3,"СРОК НЕ НАСТУПИЛ","К ВОЗВРАТУ")))))))))))))
A18: 10 | G18: =IF(COUNTA(B18:F18)+COUNTA('Условия возврата'!B18:'Условия возврата'!M18)=0,"",IF(NOT(IF(ISNUMBER($B$3),AND($B$3>=1,$B$3<=2958465,MOD($B$3,1)=0),FALSE)),"ДАТА РАСЧЁТА",IF(OR(B18="",LEN(TRIM(B18&""))=0),"УКАЖИТЕ АКТ",IF(COUNTIFS($B$9:$B$20,B18)>1,"ПОВТОР АКТА",IF(NOT(AND(IF(ISNUMBER(C18),AND(C18>=0,ROUND(C18,2)=C18),FALSE),IF(ISNUMBER(D18),AND(D18>=0,ROUND(D18,2)=D18),FALSE),IF(ISNUMBER(E18),AND(E18>=0,ROUND(E18,2)=E18),FALSE),IF(ISNUMBER(F18),AND(F18>=0,ROUND(F18,2)=F18),FALSE))),"ПРОВЕРЬТЕ СУММЫ",IF(D18>C18,"УДЕРЖАНО > АКТА",IF(SUM(E18:F18)>D18,"ПОГАШЕНО > УДЕРЖАНО",IF(AND(E18>0,NOT(AND(IF(ISNUMBER('Условия возврата'!J18),AND('Условия возврата'!J18>=1,'Условия возврата'!J18<=2958465,MOD('Условия возврата'!J18,1)=0),FALSE),'Условия возврата'!J18<=$B$3,'Условия возврата'!K18<>""))),"ВОЗВРАТ: ДАННЫЕ",IF(AND(F18>0,NOT(AND(IF(ISNUMBER('Условия возврата'!M18),AND('Условия возврата'!M18>=1,'Условия возврата'!M18<=2958465,MOD('Условия возврата'!M18,1)=0),FALSE),'Условия возврата'!M18<=$B$3,'Условия возврата'!K18<>""))),"ПОГАШЕНИЕ: ДАННЫЕ",ROUND(D18-SUM(E18:F18),2)))))))))) | H18: =IF(AND(ISTEXT(G18),G18=""),"",IF(NOT(ISNUMBER(G18)),G18,IF(OR(I18="К ВОЗВРАТУ",G18=0),G18,IF(OR(I18="СРОК НЕ НАСТУПИЛ",I18="УСЛОВИЯ НЕ ВЫПОЛНЕНЫ"),0,I18)))) | I18: =IF(AND(ISTEXT(G18),G18=""),"",IF(NOT(ISNUMBER(G18)),G18,IF(G18=0,IF(D18=0,"УДЕРЖАНИЯ НЕТ","ПОГАШЕНО ПОЛНОСТЬЮ"),IF('Условия возврата'!I18="нет","УСЛОВИЯ НЕ ВЫПОЛНЕНЫ",IF('Условия возврата'!I18="спор","СПОРНЫЕ УСЛОВИЯ",IF('Условия возврата'!I18<>"да","ПОДТВЕРДИТЕ УСЛОВИЯ",IF(OR('Условия возврата'!B18="",'Условия возврата'!C18="",'Условия возврата'!H18=""),"ОСНОВАНИЕ И СРОК",IF(NOT(AND(IF(ISNUMBER('Условия возврата'!D18),AND('Условия возврата'!D18>=1,'Условия возврата'!D18<=2958465,MOD('Условия возврата'!D18,1)=0),FALSE),'Условия возврата'!D18<=$B$3)),"ПОДТВЕРДИТЕ СОБЫТИЕ",IF(AND('Условия возврата'!E18<>"автоматически",'Условия возврата'!E18<>"по требованию"),"ВИД ВОЗВРАТА",IF(AND('Условия возврата'!E18="по требованию",'Условия возврата'!F18=""),"НАПРАВЬТЕ ТРЕБОВАНИЕ",IF(AND('Условия возврата'!E18="по требованию",NOT(AND(IF(ISNUMBER('Условия возврата'!F18),AND('Условия возврата'!F18>=1,'Условия возврата'!F18<=2958465,MOD('Условия возврата'!F18,1)=0),FALSE),'Условия возврата'!F18<=$B$3))),"ПОДТВЕРДИТЕ ДОСТАВКУ",IF(NOT(AND(IF(ISNUMBER('Условия возврата'!G18),AND('Условия возврата'!G18>=1,'Условия возврата'!G18<=2958465,MOD('Условия возврата'!G18,1)=0),FALSE),'Условия возврата'!G18>='Условия возврата'!D18,IF('Условия возврата'!E18="по требованию",'Условия возврата'!G18>='Условия возврата'!F18,TRUE))),"ПОДТВЕРДИТЕ СРОК",IF('Условия возврата'!G18>$B$3,"СРОК НЕ НАСТУПИЛ","К ВОЗВРАТУ")))))))))))))
A19: 11 | G19: =IF(COUNTA(B19:F19)+COUNTA('Условия возврата'!B19:'Условия возврата'!M19)=0,"",IF(NOT(IF(ISNUMBER($B$3),AND($B$3>=1,$B$3<=2958465,MOD($B$3,1)=0),FALSE)),"ДАТА РАСЧЁТА",IF(OR(B19="",LEN(TRIM(B19&""))=0),"УКАЖИТЕ АКТ",IF(COUNTIFS($B$9:$B$20,B19)>1,"ПОВТОР АКТА",IF(NOT(AND(IF(ISNUMBER(C19),AND(C19>=0,ROUND(C19,2)=C19),FALSE),IF(ISNUMBER(D19),AND(D19>=0,ROUND(D19,2)=D19),FALSE),IF(ISNUMBER(E19),AND(E19>=0,ROUND(E19,2)=E19),FALSE),IF(ISNUMBER(F19),AND(F19>=0,ROUND(F19,2)=F19),FALSE))),"ПРОВЕРЬТЕ СУММЫ",IF(D19>C19,"УДЕРЖАНО > АКТА",IF(SUM(E19:F19)>D19,"ПОГАШЕНО > УДЕРЖАНО",IF(AND(E19>0,NOT(AND(IF(ISNUMBER('Условия возврата'!J19),AND('Условия возврата'!J19>=1,'Условия возврата'!J19<=2958465,MOD('Условия возврата'!J19,1)=0),FALSE),'Условия возврата'!J19<=$B$3,'Условия возврата'!K19<>""))),"ВОЗВРАТ: ДАННЫЕ",IF(AND(F19>0,NOT(AND(IF(ISNUMBER('Условия возврата'!M19),AND('Условия возврата'!M19>=1,'Условия возврата'!M19<=2958465,MOD('Условия возврата'!M19,1)=0),FALSE),'Условия возврата'!M19<=$B$3,'Условия возврата'!K19<>""))),"ПОГАШЕНИЕ: ДАННЫЕ",ROUND(D19-SUM(E19:F19),2)))))))))) | H19: =IF(AND(ISTEXT(G19),G19=""),"",IF(NOT(ISNUMBER(G19)),G19,IF(OR(I19="К ВОЗВРАТУ",G19=0),G19,IF(OR(I19="СРОК НЕ НАСТУПИЛ",I19="УСЛОВИЯ НЕ ВЫПОЛНЕНЫ"),0,I19)))) | I19: =IF(AND(ISTEXT(G19),G19=""),"",IF(NOT(ISNUMBER(G19)),G19,IF(G19=0,IF(D19=0,"УДЕРЖАНИЯ НЕТ","ПОГАШЕНО ПОЛНОСТЬЮ"),IF('Условия возврата'!I19="нет","УСЛОВИЯ НЕ ВЫПОЛНЕНЫ",IF('Условия возврата'!I19="спор","СПОРНЫЕ УСЛОВИЯ",IF('Условия возврата'!I19<>"да","ПОДТВЕРДИТЕ УСЛОВИЯ",IF(OR('Условия возврата'!B19="",'Условия возврата'!C19="",'Условия возврата'!H19=""),"ОСНОВАНИЕ И СРОК",IF(NOT(AND(IF(ISNUMBER('Условия возврата'!D19),AND('Условия возврата'!D19>=1,'Условия возврата'!D19<=2958465,MOD('Условия возврата'!D19,1)=0),FALSE),'Условия возврата'!D19<=$B$3)),"ПОДТВЕРДИТЕ СОБЫТИЕ",IF(AND('Условия возврата'!E19<>"автоматически",'Условия возврата'!E19<>"по требованию"),"ВИД ВОЗВРАТА",IF(AND('Условия возврата'!E19="по требованию",'Условия возврата'!F19=""),"НАПРАВЬТЕ ТРЕБОВАНИЕ",IF(AND('Условия возврата'!E19="по требованию",NOT(AND(IF(ISNUMBER('Условия возврата'!F19),AND('Условия возврата'!F19>=1,'Условия возврата'!F19<=2958465,MOD('Условия возврата'!F19,1)=0),FALSE),'Условия возврата'!F19<=$B$3))),"ПОДТВЕРДИТЕ ДОСТАВКУ",IF(NOT(AND(IF(ISNUMBER('Условия возврата'!G19),AND('Условия возврата'!G19>=1,'Условия возврата'!G19<=2958465,MOD('Условия возврата'!G19,1)=0),FALSE),'Условия возврата'!G19>='Условия возврата'!D19,IF('Условия возврата'!E19="по требованию",'Условия возврата'!G19>='Условия возврата'!F19,TRUE))),"ПОДТВЕРДИТЕ СРОК",IF('Условия возврата'!G19>$B$3,"СРОК НЕ НАСТУПИЛ","К ВОЗВРАТУ")))))))))))))
A20: 12 | G20: =IF(COUNTA(B20:F20)+COUNTA('Условия возврата'!B20:'Условия возврата'!M20)=0,"",IF(NOT(IF(ISNUMBER($B$3),AND($B$3>=1,$B$3<=2958465,MOD($B$3,1)=0),FALSE)),"ДАТА РАСЧЁТА",IF(OR(B20="",LEN(TRIM(B20&""))=0),"УКАЖИТЕ АКТ",IF(COUNTIFS($B$9:$B$20,B20)>1,"ПОВТОР АКТА",IF(NOT(AND(IF(ISNUMBER(C20),AND(C20>=0,ROUND(C20,2)=C20),FALSE),IF(ISNUMBER(D20),AND(D20>=0,ROUND(D20,2)=D20),FALSE),IF(ISNUMBER(E20),AND(E20>=0,ROUND(E20,2)=E20),FALSE),IF(ISNUMBER(F20),AND(F20>=0,ROUND(F20,2)=F20),FALSE))),"ПРОВЕРЬТЕ СУММЫ",IF(D20>C20,"УДЕРЖАНО > АКТА",IF(SUM(E20:F20)>D20,"ПОГАШЕНО > УДЕРЖАНО",IF(AND(E20>0,NOT(AND(IF(ISNUMBER('Условия возврата'!J20),AND('Условия возврата'!J20>=1,'Условия возврата'!J20<=2958465,MOD('Условия возврата'!J20,1)=0),FALSE),'Условия возврата'!J20<=$B$3,'Условия возврата'!K20<>""))),"ВОЗВРАТ: ДАННЫЕ",IF(AND(F20>0,NOT(AND(IF(ISNUMBER('Условия возврата'!M20),AND('Условия возврата'!M20>=1,'Условия возврата'!M20<=2958465,MOD('Условия возврата'!M20,1)=0),FALSE),'Условия возврата'!M20<=$B$3,'Условия возврата'!K20<>""))),"ПОГАШЕНИЕ: ДАННЫЕ",ROUND(D20-SUM(E20:F20),2)))))))))) | H20: =IF(AND(ISTEXT(G20),G20=""),"",IF(NOT(ISNUMBER(G20)),G20,IF(OR(I20="К ВОЗВРАТУ",G20=0),G20,IF(OR(I20="СРОК НЕ НАСТУПИЛ",I20="УСЛОВИЯ НЕ ВЫПОЛНЕНЫ"),0,I20)))) | I20: =IF(AND(ISTEXT(G20),G20=""),"",IF(NOT(ISNUMBER(G20)),G20,IF(G20=0,IF(D20=0,"УДЕРЖАНИЯ НЕТ","ПОГАШЕНО ПОЛНОСТЬЮ"),IF('Условия возврата'!I20="нет","УСЛОВИЯ НЕ ВЫПОЛНЕНЫ",IF('Условия возврата'!I20="спор","СПОРНЫЕ УСЛОВИЯ",IF('Условия возврата'!I20<>"да","ПОДТВЕРДИТЕ УСЛОВИЯ",IF(OR('Условия возврата'!B20="",'Условия возврата'!C20="",'Условия возврата'!H20=""),"ОСНОВАНИЕ И СРОК",IF(NOT(AND(IF(ISNUMBER('Условия возврата'!D20),AND('Условия возврата'!D20>=1,'Условия возврата'!D20<=2958465,MOD('Условия возврата'!D20,1)=0),FALSE),'Условия возврата'!D20<=$B$3)),"ПОДТВЕРДИТЕ СОБЫТИЕ",IF(AND('Условия возврата'!E20<>"автоматически",'Условия возврата'!E20<>"по требованию"),"ВИД ВОЗВРАТА",IF(AND('Условия возврата'!E20="по требованию",'Условия возврата'!F20=""),"НАПРАВЬТЕ ТРЕБОВАНИЕ",IF(AND('Условия возврата'!E20="по требованию",NOT(AND(IF(ISNUMBER('Условия возврата'!F20),AND('Условия возврата'!F20>=1,'Условия возврата'!F20<=2958465,MOD('Условия возврата'!F20,1)=0),FALSE),'Условия возврата'!F20<=$B$3))),"ПОДТВЕРДИТЕ ДОСТАВКУ",IF(NOT(AND(IF(ISNUMBER('Условия возврата'!G20),AND('Условия возврата'!G20>=1,'Условия возврата'!G20<=2958465,MOD('Условия возврата'!G20,1)=0),FALSE),'Условия возврата'!G20>='Условия возврата'!D20,IF('Условия возврата'!E20="по требованию",'Условия возврата'!G20>='Условия возврата'!F20,TRUE))),"ПОДТВЕРДИТЕ СРОК",IF('Условия возврата'!G20>$B$3,"СРОК НЕ НАСТУПИЛ","К ВОЗВРАТУ")))))))))))))
A22: D — удержано до возвратов; E — денежные возвраты; F — иное подтверждённое погашение. Каждая операция учитывается один раз.
A23: Не включайте одну операцию одновременно в E и F. Спорные списания не принимаются автоматически как погашение.
A24: Остаток G не равен сумме к возврату H при ненаступившем или неподтверждённом сроке. При споре проверьте условия.
A25: До 12 актов. Порядок, пример и письмо — файлы 01 и 04. Поддержка: nastoronepodryadchika@yandex.ru.

Sheet Условия возврата
A1: Условия и подтверждения возврата
A2: Строки соответствуют тем же актам на первом листе. Перепишите условие дословно; подтвердите событие, срок и документы.
A3: J — дата последнего денежного возврата, M — дата иного подтверждённого погашения. В K укажите документы и распределение сумм.
A4: Крайний день G вводится после проверки договора и календаря. Сам реестр не назначает универсальный срок возврата.
A6: При первичном требовании оставьте F пустой: срок ещё не запущен. После доставки внесите F и проверенную дату G.
A8: № | B8: Пункт удержания и возврата | C8: Событие и документ | D8: Дата события | E8: Возврат | F8: Доставлено требование | G8: Крайний день возврата | H8: Срок и его основание | I8: Условия: да/нет/спор | J8: Денежный возврат дата | K8: Подтверждения сумм | L8: Письма ответы и примечания | M8: Иное погашение дата
A9: 1
A10: 2
A11: 3
A12: 4
A13: 5
A14: 6
A15: 7
A16: 8
A17: 9
A18: 10
A19: 11
A20: 12
A22: 1 | B22: ГК РФ ст. 327.1 — условие исполнения
A23: 2 | B23: ГК РФ ст. 314 — определение срока исполнения
A24: 3 | B24: ГК РФ ст. 165.1 — доставка сообщений
A25: 4 | B25: ГК РФ ст. 410 — условия зачёта
A26: 5 | B26: ГК РФ ст. 411 — ограничения зачёта
